Order_ID,Order_Date,Ship_Date,Customer_ID,Gender,Age,Region,Category,Freight_Mode,Quantity,Unit_Price,Discount_Pct,Original_Amount,Sales,COGS,Freight_Cost,Profit,Profit_Margin_Pct,Delivery_Days,Year,Month,Month_Name,Age_Group,Low_Margin
1,2023-11-24,2023-11-25,CUST001,Male,34,East,Beauty,Priority,3,50,,150,112.5,54.0,75.2,-16.7,-14.84,5,2023,11,Nov,26-35,True
2,2023-02-27,2023-03-01,CUST002,Female,26,West,Clothing,Express,2,500,0.0,1000,1000.0,550.0,79.76,370.24,37.02,1,2023,2,Feb,26-35,False
3,2023-01-13,2023-01-14,CUST003,Male,50,North,Electronics,Standard,1,30,15.0,30,25.5,15.81,23.41,-13.72,-53.8,10,2023,1,Jan,46-55,True
4,2023-05-21,2023-05-23,CUST004,Male,37,East,Clothing,Priority,1,500,5.0,500,475.0,261.25,24.74,189.01,39.79,5,2023,5,May,36-45,False
5,2023-05-06,2023-05-08,CUST005,Male,30,East,Beauty,Priority,2,50,10.0,100,90.0,43.2,50.69,-3.89,-4.32,4,2023,5,May,26-35,True
6,2023-04-25,2023-04-27,CUST006,Female,45,West,Beauty,Standard,1,30,10.0,30,27.0,12.96,20.91,-6.87,-25.44,8,2023,4,Apr,36-45,True
7,2023-03-13,2023-03-14,CUST007,Male,46,North,Clothing,Economy,2,25,0.0,50,50.0,27.5,14.1,8.4,16.8,9,2023,3,Mar,46-55,True
9,2023-12-13,2023-12-14,CUST009,Male,63,East,Electronics,Economy,2,300,5.0,600,570.0,353.4,7.18,209.42,36.74,10,2023,12,Dec,56-64,False
10,2023-10-07,2023-10-09,CUST010,Female,52,South,Clothing,Priority,4,50,10.0,200,180.0,99.0,124.66,-43.66,-24.26,5,2023,10,Oct,46-55,True
11,2023-02-14,2023-02-15,CUST011,Male,23,East,Clothing,Priority,2,50,0.0,100,100.0,55.0,37.82,7.18,7.18,4,2023,2,Feb,18-25,True
13,2023-08-05,2023-08-06,CUST013,Male,22,East,Electronics,Economy,3,500,10.0,1500,1350.0,837.0,33.47,479.53,35.52,15,2023,8,Aug,18-25,False
14,2023-01-17,2023-01-20,CUST014,Male,64,,Clothing,Economy,4,30,20.0,120,96.0,52.8,17.01,26.19,27.28,19,2023,1,Jan,56-64,True
15,2023-01-16,2023-01-19,CUST015,Female,42,West,Electronics,Standard,4,500,5.0,2000,1900.0,1178.0,68.2,653.8,34.41,6,2023,1,Jan,36-45,False
16,2023-02-17,2023-02-18,CUST016,Male,19,North,Clothing,Standard,3,500,5.0,1500,1425.0,783.75,44.97,596.28,41.84,6,2023,2,Feb,18-25,False
17,2023-04-22,2023-04-24,CUST017,Female,27,West,Clothing,Standard,4,25,20.0,100,80.0,44.0,55.62,-19.62,-24.52,9,2023,4,Apr,26-35,True
19,2023-09-16,2023-09-17,CUST019,Female,62,West,Clothing,Economy,2,25,25.0,50,37.5,20.62,6.39,10.49,27.97,12,2023,9,Sep,56-64,True
20,2023-11-05,2023-11-08,CUST020,Male,22,East,Clothing,Standard,3,300,20.0,900,720.0,396.0,57.85,266.15,36.97,8,2023,11,Nov,18-25,False
21,2023-01-14,2023-01-16,CUST021,Female,50,,Beauty,Express,1,500,15.0,500,425.0,204.0,68.54,152.46,35.87,1,2023,1,Jan,46-55,False
22,2023-10-15,2023-10-16,CUST022,Male,18,North,Clothing,Standard,2,50,15.0,100,85.0,46.75,35.05,3.2,3.76,8,2023,10,Oct,18-25,True
23,2023-04-12,2023-04-13,CUST023,Female,35,South,Clothing,Economy,4,30,0.0,120,120.0,66.0,45.73,8.27,6.89,19,2023,4,Apr,26-35,True
24,2023-11-29,2023-11-30,CUST024,Female,49,West,Clothing,Priority,1,300,5.0,300,285.0,156.75,19.41,108.84,38.19,3,2023,11,Nov,46-55,False
25,2023-12-26,2023-12-28,CUST025,Female,64,West,Beauty,Priority,1,50,0.0,50,50.0,24.0,29.31,-3.31,-6.62,4,2023,12,Dec,56-64,True
26,2023-10-07,2023-10-10,CUST026,Female,28,South,Electronics,Express,2,500,0.0,1000,1000.0,620.0,80.81,299.19,29.92,1,2023,10,Oct,26-35,True
28,2023-04-23,2023-04-26,CUST028,Female,43,South,Beauty,Standard,1,500,10.0,500,450.0,216.0,24.68,209.32,46.52,6,2023,4,Apr,36-45,False
29,2023-08-18,2023-08-21,CUST029,Female,42,West,Electronics,Standard,1,30,20.0,30,24.0,14.88,12.36,-3.24,-13.5,9,2023,8,Aug,36-45,True
30,2023-10-29,2023-10-31,CUST030,Female,39,West,Beauty,Economy,3,300,0.0,900,900.0,432.0,26.66,441.34,49.04,12,2023,10,Oct,36-45,False
31,2023-05-23,2023-05-24,CUST031,Male,44,North,Electronics,Priority,4,300,20.0,1200,960.0,595.2,93.39,271.41,28.27,4,2023,5,May,36-45,True
32,2023-01-04,2023-01-07,CUST032,Male,30,North,Beauty,Economy,3,30,25.0,90,67.5,32.4,24.26,10.84,16.06,15,2023,1,Jan,26-35,True
33,2023-03-23,2023-03-24,CUST033,Female,50,West,Electronics,Economy,2,50,20.0,100,80.0,49.6,14.35,16.05,20.06,18,2023,3,Mar,46-55,True
35,2023-08-05,2023-08-07,CUST035,Female,58,South,Beauty,Priority,3,300,5.0,900,855.0,410.4,103.29,341.31,39.92,4,2023,8,Aug,56-64,False
36,2023-06-24,2023-06-25,CUST036,Male,52,North,Beauty,Economy,3,300,20.0,900,720.0,345.6,18.44,355.96,49.44,9,2023,6,Jun,46-55,False
37,2023-05-23,2023-05-24,CUST037,Female,18,West,Beauty,Priority,3,25,0.0,75,75.0,36.0,63.24,-24.24,-32.32,3,2023,5,May,18-25,True
38,2023-03-21,2023-03-24,CUST038,Male,38,North,Beauty,Standard,4,50,5.0,200,190.0,91.2,42.28,56.52,29.75,8,2023,3,Mar,36-45,True
39,2023-04-21,2023-04-23,CUST039,Male,23,North,Clothing,Express,4,30,0.0,120,120.0,66.0,156.05,-102.05,-85.04,2,2023,4,Apr,18-25,True
40,2023-06-22,2023-06-23,CUST040,Male,45,East,Beauty,Standard,1,50,0.0,50,50.0,24.0,12.27,13.73,27.46,10,2023,6,Jun,36-45,True
41,2023-02-22,2023-02-25,CUST041,Male,34,East,Clothing,Economy,2,25,20.0,50,40.0,22.0,21.31,-3.31,-8.28,18,2023,2,Feb,26-35,True
42,2023-02-17,2023-02-19,CUST042,Male,22,East,Clothing,Priority,3,300,5.0,900,855.0,470.25,99.46,285.29,33.37,4,2023,2,Feb,18-25,False
43,2023-07-14,2023-07-16,CUST043,Female,48,South,Clothing,Standard,1,300,10.0,300,270.0,148.5,16.9,104.6,38.74,11,2023,7,Jul,46-55,False
44,2023-02-19,2023-02-22,CUST044,Female,22,West,Clothing,Priority,1,25,10.0,25,22.5,12.38,21.1,-10.98,-48.8,5,2023,2,Feb,18-25,True
46,2023-06-26,2023-06-29,CUST046,Female,20,West,Electronics,Standard,4,300,0.0,1200,1200.0,744.0,81.15,374.85,31.24,9,2023,6,Jun,18-25,False
47,2023-11-06,2023-11-09,CUST047,Female,40,West,Beauty,Standard,3,500,0.0,1500,1500.0,720.0,27.45,752.55,50.17,6,2023,11,Nov,36-45,False
48,2023-05-16,2023-05-19,CUST048,Male,54,East,Electronics,Priority,3,300,15.0,900,765.0,474.3,111.33,179.37,23.45,3,2023,5,May,46-55,True
49,2023-01-23,2023-01-24,CUST049,Female,54,South,Electronics,Express,2,500,10.0,1000,900.0,558.0,103.48,238.52,26.5,2,2023,1,Jan,46-55,True
50,2023-08-24,2023-08-25,CUST050,Female,27,South,Beauty,Priority,3,25,5.0,75,71.25,34.2,60.62,-23.57,-33.08,4,2023,8,Aug,26-35,True
52,2023-03-05,2023-03-06,CUST052,Female,36,South,Beauty,Economy,1,300,10.0,300,270.0,129.6,7.36,133.04,49.27,14,2023,3,Mar,36-45,False
53,2023-07-13,2023-07-14,CUST053,Male,34,East,Electronics,Express,2,50,5.0,100,95.0,58.9,73.26,-37.16,-39.12,2,2023,7,Jul,26-35,True
54,2023-02-10,2023-02-11,CUST054,Female,38,West,Electronics,Express,3,500,15.0,1500,1275.0,790.5,203.48,281.02,22.04,1,2023,2,Feb,36-45,True
55,2023-10-10,2023-10-13,CUST055,Male,31,East,Beauty,Economy,4,30,0.0,120,120.0,57.6,42.6,19.8,16.5,10,2023,10,Oct,26-35,True
56,2023-05-31,2023-06-02,CUST056,Female,26,West,Clothing,Express,3,300,10.0,900,810.0,445.5,170.28,194.22,23.98,2,2023,5,May,26-35,True
57,2023-11-18,2023-11-20,CUST057,Female,63,West,Beauty,Standard,1,30,20.0,30,24.0,11.52,15.86,-3.38,-14.08,11,2023,11,Nov,56-64,True
58,2023-11-13,2023-11-15,CUST058,Male,18,,Clothing,Standard,4,300,5.0,1200,1140.0,627.0,60.0,453.0,39.74,10,2023,11,Nov,18-25,False
59,2023-07-05,2023-07-07,CUST059,Male,62,East,Clothing,Priority,1,50,0.0,50,50.0,27.5,35.58,-13.08,-26.16,3,2023,7,Jul,56-64,True
60,2023-10-23,2023-10-24,CUST060,Male,30,North,Beauty,Priority,3,50,25.0,150,112.5,54.0,98.18,-39.68,-35.27,4,2023,10,Oct,26-35,True
61,2023-04-09,2023-04-10,CUST061,Male,21,East,Beauty,Priority,4,50,25.0,200,150.0,72.0,78.73,-0.73,-0.49,5,2023,4,Apr,18-25,True
62,2023-12-27,2023-12-30,CUST062,Male,18,East,Beauty,Standard,2,50,0.0,100,100.0,48.0,33.43,18.57,18.57,7,2023,12,Dec,18-25,True
63,2023-02-05,2023-02-07,CUST063,Male,57,North,Electronics,Standard,2,25,5.0,50,47.5,29.45,43.42,-25.37,-53.41,6,2023,2,Feb,56-64,True
64,2023-01-24,2023-01-25,CUST064,Male,49,North,Clothing,Standard,4,25,15.0,100,85.0,46.75,63.23,-24.98,-29.39,6,2023,1,Jan,46-55,True
65,2023-12-05,2023-12-06,CUST065,Male,51,East,Electronics,Standard,4,500,0.0,2000,2000.0,1240.0,35.53,724.47,36.22,7,2023,12,Dec,46-55,False
67,2023-05-29,2023-06-01,CUST067,Female,48,West,Beauty,Standard,4,300,0.0,1200,1200.0,576.0,45.69,578.31,48.19,10,2023,5,May,46-55,False
68,2023-02-10,2023-02-13,CUST068,Male,25,North,Electronics,Express,1,300,10.0,300,270.0,167.4,40.34,62.26,23.06,2,2023,2,Feb,18-25,True
69,2023-04-30,2023-05-01,CUST069,Female,56,West,Beauty,Economy,3,25,5.0,75,71.25,34.2,13.45,23.6,33.12,8,2023,4,Apr,56-64,False
70,2023-02-21,2023-02-22,CUST070,Female,43,South,Clothing,Standard,1,300,0.0,300,300.0,165.0,13.61,121.39,40.46,7,2023,2,Feb,36-45,False
72,2023-05-23,2023-05-25,CUST072,Female,20,South,Electronics,Priority,4,500,15.0,2000,1700.0,1054.0,128.09,517.91,30.47,4,2023,5,May,18-25,False
73,2023-08-21,2023-08-24,CUST073,Male,29,North,Electronics,Standard,3,30,0.0,90,90.0,55.8,34.45,-0.25,-0.28,10,2023,8,Aug,26-35,True
74,2023-11-22,2023-11-25,CUST074,Female,18,South,Beauty,Priority,4,500,20.0,2000,1600.0,768.0,166.81,665.19,41.57,4,2023,11,Nov,18-25,False
75,2023-07-06,2023-07-09,CUST075,Male,61,North,Beauty,Economy,4,50,20.0,200,160.0,76.8,43.66,39.54,24.71,16,2023,7,Jul,56-64,True
76,2023-03-25,2023-03-28,CUST076,Female,22,South,Electronics,Economy,2,50,5.0,100,95.0,58.9,21.67,14.43,15.19,12,2023,3,Mar,18-25,True
77,2023-07-09,2023-07-10,CUST077,Female,47,West,Clothing,Standard,2,50,0.0,100,100.0,55.0,24.12,20.88,20.88,7,2023,7,Jul,46-55,True
78,2023-07-01,2023-07-03,CUST078,Female,47,West,Clothing,Economy,3,500,20.0,1500,1200.0,660.0,21.18,518.82,43.24,17,2023,7,Jul,46-55,False
79,2023-04-18,2023-04-21,CUST079,Male,34,East,Beauty,Express,1,300,10.0,300,270.0,129.6,69.4,71.0,26.3,2,2023,4,Apr,26-35,True
80,2023-12-10,2023-12-12,CUST080,Female,64,West,Clothing,Standard,2,30,20.0,60,48.0,26.4,42.25,-20.65,-43.02,6,2023,12,Dec,56-64,True
81,2023-05-17,2023-05-19,CUST081,Male,40,East,Electronics,Express,1,50,20.0,50,40.0,24.8,31.09,-15.89,-39.72,1,2023,5,May,36-45,True
82,2023-12-26,2023-12-28,CUST082,Female,32,West,Beauty,Economy,4,50,20.0,200,160.0,76.8,14.35,68.85,43.03,18,2023,12,Dec,26-35,False
83,2023-12-16,2023-12-19,CUST083,Male,54,North,Electronics,Express,2,50,25.0,100,75.0,46.5,97.11,-68.61,-91.48,1,2023,12,Dec,46-55,True
84,2023-11-28,2023-11-29,CUST084,Female,38,West,Electronics,Standard,3,30,0.0,90,90.0,55.8,70.37,-36.17,-40.19,9,2023,11,Nov,36-45,True
85,2023-02-06,2023-02-09,CUST085,Male,31,East,Clothing,Priority,3,50,0.0,150,150.0,82.5,97.63,-30.13,-20.09,5,2023,2,Feb,26-35,True
86,2023-11-08,2023-11-10,CUST086,Male,19,East,Beauty,Standard,3,30,,90,81.0,38.88,49.39,-7.27,-8.98,8,2023,11,Nov,18-25,True
87,2023-11-22,2023-11-24,CUST087,Female,28,South,Beauty,Standard,2,50,0.0,100,100.0,48.0,19.59,32.41,32.41,8,2023,11,Nov,26-35,False
88,2023-03-29,2023-03-30,CUST088,Male,56,North,Clothing,Standard,1,500,25.0,500,375.0,206.25,19.17,149.58,39.89,7,2023,3,Mar,56-64,False
89,2023-10-01,2023-10-04,CUST089,Female,55,West,Electronics,Standard,4,500,5.0,2000,1900.0,1178.0,87.9,634.1,33.37,7,2023,10,Oct,46-55,False
90,2023-05-06,2023-05-08,CUST090,Female,51,South,Electronics,Standard,1,30,5.0,30,28.5,17.67,14.47,-3.64,-12.77,6,2023,5,May,46-55,True
91,2023-03-25,2023-03-26,CUST091,Female,55,West,Electronics,Standard,1,500,5.0,500,475.0,294.5,21.19,159.31,33.54,8,2023,3,Mar,46-55,False
93,2023-07-14,2023-07-15,CUST093,Female,35,South,Beauty,Standard,4,500,20.0,2000,1600.0,768.0,45.86,786.14,49.13,9,2023,7,Jul,26-35,False
94,2023-05-19,2023-05-20,CUST094,Female,47,South,Beauty,Standard,2,500,15.0,1000,850.0,408.0,33.79,408.21,48.02,7,2023,5,May,46-55,False
95,2023-11-24,2023-11-27,CUST095,Female,32,South,Clothing,Economy,2,30,0.0,60,60.0,33.0,11.17,15.83,26.38,13,2023,11,Nov,26-35,True
96,2023-12-19,2023-12-21,CUST096,Female,44,South,Clothing,Express,2,300,5.0,600,570.0,313.5,123.43,133.07,23.35,2,2023,12,Dec,36-45,True
97,2023-10-13,2023-10-16,CUST097,Female,51,South,Beauty,Priority,2,500,25.0,1000,750.0,360.0,67.19,322.81,43.04,4,2023,10,Oct,46-55,False
98,2023-04-23,2023-04-25,CUST098,Female,55,West,Beauty,Standard,2,50,10.0,100,90.0,43.2,37.58,9.22,10.24,8,2023,4,Apr,46-55,True
99,2023-12-17,2023-12-20,CUST099,Female,50,South,Electronics,Standard,4,300,0.0,1200,1200.0,744.0,86.26,369.74,30.81,8,2023,12,Dec,46-55,False
100,2023-06-16,2023-06-18,CUST100,Male,41,North,Electronics,Standard,1,30,20.0,30,24.0,14.88,14.73,-5.61,-23.38,10,2023,6,Jun,36-45,True
101,2023-01-29,2023-02-01,CUST101,Male,32,East,Clothing,Standard,2,300,0.0,600,600.0,330.0,47.11,222.89,37.15,11,2023,1,Jan,26-35,False
102,2023-04-28,2023-04-29,CUST102,Female,47,South,Beauty,Standard,2,25,10.0,50,45.0,21.6,34.12,-10.72,-23.82,9,2023,4,Apr,46-55,True
103,2023-01-17,2023-01-19,CUST103,Female,59,South,Clothing,Standard,1,25,20.0,25,20.0,11.0,10.69,-1.69,-8.45,8,2023,1,Jan,56-64,True
104,2023-06-11,2023-06-13,CUST104,Female,34,West,Beauty,Standard,2,500,15.0,1000,850.0,408.0,39.66,402.34,47.33,6,2023,6,Jun,26-35,False
105,2023-07-25,2023-07-26,CUST105,Female,22,South,Electronics,Standard,1,500,15.0,500,425.0,263.5,21.49,140.01,32.94,11,2023,7,Jul,18-25,False
106,2023-05-18,2023-05-21,CUST106,Female,46,South,Clothing,Express,1,50,10.0,50,45.0,24.75,42.67,-22.42,-49.82,2,2023,5,May,46-55,True
107,2023-02-03,2023-02-05,CUST107,Female,21,South,Clothing,Standard,4,300,15.0,1200,1020.0,561.0,90.29,368.71,36.15,9,2023,2,Feb,18-25,False
108,2023-04-19,2023-04-21,CUST108,Female,27,West,Beauty,Standard,3,25,5.0,75,71.25,34.2,70.21,-33.16,-46.54,8,2023,4,Apr,26-35,True
109,2023-10-18,2023-10-21,CUST109,Female,34,South,Electronics,Express,4,500,0.0,2000,2000.0,1240.0,164.3,595.7,29.78,2,2023,10,Oct,26-35,True
110,2023-06-11,2023-06-12,CUST110,Male,27,East,Clothing,Priority,3,300,0.0,900,900.0,495.0,133.67,271.33,30.15,5,2023,6,Jun,26-35,False
111,2023-04-19,2023-04-22,CUST111,Female,34,West,Electronics,Standard,3,500,0.0,1500,1500.0,930.0,31.18,538.82,35.92,7,2023,4,Apr,26-35,False
112,2023-12-02,2023-12-05,CUST112,Male,37,East,Clothing,Priority,3,500,20.0,1500,1200.0,660.0,70.36,469.64,39.14,4,2023,12,Dec,36-45,False
113,2023-09-13,2023-09-16,CUST113,Female,41,West,Electronics,Priority,2,25,0.0,50,50.0,31.0,45.95,-26.95,-53.9,3,2023,9,Sep,36-45,True
114,2023-07-22,2023-07-24,CUST114,Female,22,South,Beauty,Standard,4,25,25.0,100,75.0,36.0,92.79,-53.79,-71.72,7,2023,7,Jul,18-25,True
115,2023-11-26,2023-11-27,CUST115,Male,51,East,Clothing,Economy,3,500,0.0,1500,1500.0,825.0,26.67,648.33,43.22,13,2023,11,Nov,46-55,False
116,2023-08-23,2023-08-24,CUST116,Female,23,West,Clothing,Economy,1,30,0.0,30,30.0,16.5,4.37,9.13,30.43,10,2023,8,Aug,18-25,False
117,2023-03-15,2023-03-18,CUST117,Male,19,North,Electronics,Standard,2,500,10.0,1000,900.0,558.0,30.97,311.03,34.56,11,2023,3,Mar,18-25,False
118,2023-05-16,2023-05-18,CUST118,Female,30,South,Electronics,Standard,4,500,0.0,2000,2000.0,1240.0,73.84,686.16,34.31,8,2023,5,May,26-35,False
119,2023-03-13,2023-03-16,CUST119,Female,60,West,Clothing,Priority,3,50,25.0,150,112.5,61.88,60.76,-10.14,-9.01,4,2023,3,Mar,56-64,True
120,2023-05-07,2023-05-09,CUST120,Male,60,North,Beauty,Priority,1,50,25.0,50,37.5,18.0,41.83,-22.33,-59.55,3,2023,5,May,56-64,True
121,2023-10-15,2023-10-17,CUST121,Female,28,West,Electronics,Standard,4,50,25.0,200,150.0,93.0,86.65,-29.65,-19.77,6,2023,10,Oct,26-35,True
122,2023-10-03,2023-10-05,CUST122,Male,64,North,Electronics,Standard,4,30,0.0,120,120.0,74.4,66.35,-20.75,-17.29,11,2023,10,Oct,56-64,True
123,2023-05-15,2023-05-17,CUST123,Female,40,South,Electronics,Standard,2,30,0.0,60,60.0,37.2,48.88,-26.08,-43.47,6,2023,5,May,36-45,True
124,2023-10-27,2023-10-28,CUST124,Male,33,East,Clothing,Express,4,500,0.0,2000,2000.0,1100.0,186.84,713.16,35.66,1,2023,10,Oct,26-35,False
125,2023-08-08,2023-08-10,CUST125,Male,48,North,Clothing,Priority,2,50,10.0,100,90.0,49.5,89.14,-48.64,-54.04,5,2023,8,Aug,46-55,True
126,2023-10-26,2023-10-28,CUST126,Female,28,West,Clothing,Standard,3,30,5.0,90,85.5,47.03,58.06,-19.59,-22.91,9,2023,10,Oct,26-35,True
128,2023-07-05,2023-07-08,CUST128,Male,25,North,Beauty,Priority,1,500,25.0,500,375.0,180.0,22.48,172.52,46.01,3,2023,7,Jul,18-25,False
129,2023-04-23,2023-04-24,CUST129,Female,21,West,Beauty,Standard,2,300,0.0,600,600.0,288.0,45.99,266.01,44.33,9,2023,4,Apr,18-25,False
130,2023-03-12,2023-03-15,CUST130,Female,57,West,Clothing,Standard,1,500,5.0,500,475.0,261.25,15.27,198.48,41.79,6,2023,3,Mar,56-64,False
131,2023-09-18,2023-09-20,CUST131,Female,21,West,Beauty,Priority,2,300,5.0,600,570.0,273.6,44.76,251.64,44.15,5,2023,9,Sep,18-25,False
132,2023-09-10,2023-09-13,CUST132,Male,42,North,Electronics,Economy,4,50,20.0,200,160.0,99.2,12.45,48.35,30.22,17,2023,9,Sep,36-45,False
133,2023-02-16,2023-02-17,CUST133,Male,20,North,Electronics,Express,3,300,0.0,900,900.0,558.0,157.17,184.83,20.54,1,2023,2,Feb,18-25,True
134,2023-01-25,2023-01-28,CUST134,Male,49,North,Electronics,Express,1,50,0.0,50,50.0,31.0,51.1,-32.1,-64.2,2,2023,1,Jan,46-55,True
135,2023-02-26,2023-03-01,CUST135,Male,20,East,Clothing,Standard,2,25,0.0,50,50.0,27.5,40.46,-17.96,-35.92,10,2023,2,Feb,18-25,True
136,2023-03-20,2023-03-21,CUST136,Male,44,North,Electronics,Express,2,300,0.0,600,600.0,372.0,131.22,96.78,16.13,1,2023,3,Mar,36-45,True
137,2023-11-18,2023-11-19,CUST137,Male,46,North,Beauty,Express,2,500,5.0,1000,950.0,456.0,66.35,427.65,45.02,1,2023,11,Nov,46-55,False
138,2023-03-23,2023-03-25,CUST138,Male,49,North,Clothing,Standard,4,50,0.0,200,200.0,110.0,81.74,8.26,4.13,11,2023,3,Mar,46-55,True
139,2023-12-15,2023-12-18,CUST139,Male,36,East,Beauty,Standard,4,500,0.0,2000,2000.0,960.0,44.74,995.26,49.76,8,2023,12,Dec,36-45,False
140,2023-08-05,2023-08-07,CUST140,Male,38,North,Electronics,Standard,1,30,20.0,30,24.0,14.88,22.59,-13.47,-56.12,10,2023,8,Aug,36-45,True
141,2023-11-02,2023-11-05,CUST141,Female,22,West,Electronics,Standard,1,50,0.0,50,50.0,31.0,21.92,-2.92,-5.84,8,2023,11,Nov,18-25,True
142,2023-02-02,2023-02-05,CUST142,Male,35,North,Electronics,Standard,4,300,10.0,1200,1080.0,669.6,68.77,341.63,31.63,11,2023,2,Feb,26-35,False
143,2023-07-17,2023-07-19,CUST143,Female,45,West,Clothing,Standard,1,50,20.0,50,40.0,22.0,20.07,-2.07,-5.18,9,2023,7,Jul,36-45,True
144,2023-07-15,2023-07-18,CUST144,Female,59,West,Beauty,Standard,3,500,0.0,1500,1500.0,720.0,40.03,739.97,49.33,7,2023,7,Jul,56-64,False
145,2023-11-02,2023-11-05,CUST145,Female,39,West,Clothing,Standard,3,25,0.0,75,75.0,41.25,48.03,-14.28,-19.04,11,2023,11,Nov,36-45,True
146,2023-08-28,2023-08-31,CUST146,Male,38,East,Clothing,Economy,4,50,5.0,200,190.0,104.5,41.58,43.92,23.12,16,2023,8,Aug,36-45,True
147,2023-09-28,2023-09-29,CUST147,Male,23,East,Electronics,Express,1,300,0.0,300,300.0,186.0,48.37,65.63,21.88,1,2023,9,Sep,18-25,True
148,2023-05-09,2023-05-11,CUST148,Male,18,East,Clothing,Priority,2,30,0.0,60,60.0,33.0,55.32,-28.32,-47.2,3,2023,5,May,18-25,True
151,2023-12-15,2023-12-17,CUST151,Male,29,East,Clothing,Standard,1,50,0.0,50,50.0,27.5,13.7,8.8,17.6,9,2023,12,Dec,26-35,True
152,2023-02-28,2023-03-03,CUST152,Male,43,East,Electronics,Express,4,500,15.0,2000,1700.0,1054.0,147.8,498.2,29.31,1,2023,2,Feb,36-45,True
153,2023-12-16,2023-12-18,CUST153,Male,63,North,Electronics,Express,2,500,25.0,1000,750.0,465.0,116.96,168.04,22.41,1,2023,12,Dec,56-64,True
154,2023-10-02,2023-10-03,CUST154,Male,51,East,Electronics,Priority,3,300,10.0,900,810.0,502.2,120.9,186.9,23.07,3,2023,10,Oct,46-55,True
155,2023-05-17,2023-05-18,CUST155,Male,31,North,Electronics,Express,4,500,20.0,2000,1600.0,992.0,136.1,471.9,29.49,2,2023,5,May,26-35,True
156,2023-11-25,2023-11-26,CUST156,Female,43,South,Clothing,Standard,4,25,0.0,100,100.0,55.0,48.31,-3.31,-3.31,8,2023,11,Nov,36-45,True
157,2023-06-24,2023-06-26,CUST157,Male,62,East,Electronics,Standard,4,500,5.0,2000,1900.0,1178.0,41.65,680.35,35.81,6,2023,6,Jun,56-64,False
158,2023-02-27,2023-02-28,CUST158,Female,44,South,Electronics,Standard,2,300,20.0,600,480.0,297.6,27.83,154.57,32.2,7,2023,2,Feb,36-45,False
159,2023-05-31,2023-06-02,CUST159,Male,26,North,Clothing,Priority,4,50,25.0,200,150.0,82.5,120.64,-53.14,-35.43,3,2023,5,May,26-35,True
160,2023-08-11,2023-08-12,CUST160,Female,43,West,Clothing,Express,2,50,0.0,100,100.0,55.0,119.91,-74.91,-74.91,1,2023,8,Aug,36-45,True
161,2023-03-22,2023-03-23,CUST161,Male,64,East,Beauty,Standard,2,500,,1000,1000.0,480.0,38.14,481.86,48.19,11,2023,3,Mar,56-64,False
162,2023-08-21,2023-08-23,CUST162,Male,39,North,Clothing,Economy,2,30,0.0,60,60.0,33.0,17.18,9.82,16.37,17,2023,8,Aug,36-45,True
163,2023-01-02,2023-01-03,CUST163,Female,64,West,Clothing,Priority,3,50,15.0,150,127.5,70.12,82.54,-25.16,-19.73,4,2023,1,Jan,56-64,True
164,2023-05-15,2023-05-18,CUST164,Female,47,West,Beauty,Standard,3,500,10.0,1500,1350.0,648.0,66.91,635.09,47.04,11,2023,5,May,46-55,False
165,2023-09-14,2023-09-16,CUST165,Female,60,South,Clothing,Standard,4,300,10.0,1200,1080.0,594.0,64.05,421.95,39.07,6,2023,9,Sep,56-64,False
166,2023-04-02,2023-04-04,CUST166,Male,34,North,Clothing,Standard,4,500,0.0,2000,2000.0,1100.0,98.58,801.42,40.07,7,2023,4,Apr,26-35,False
167,2023-09-17,2023-09-19,CUST167,Female,43,West,Clothing,Standard,3,50,15.0,150,127.5,70.12,56.34,1.04,0.82,7,2023,9,Sep,36-45,True
168,2023-02-24,2023-02-27,CUST168,Male,53,East,Clothing,Standard,1,300,0.0,300,300.0,165.0,10.15,124.85,41.62,8,2023,2,Feb,46-55,False
169,2023-11-17,2023-11-19,CUST169,Male,18,East,Beauty,Standard,3,500,0.0,1500,1500.0,720.0,58.49,721.51,48.1,11,2023,11,Nov,18-25,False
170,2023-06-02,2023-06-03,CUST170,Female,25,South,Clothing,Standard,2,25,25.0,50,37.5,20.62,27.05,-10.17,-27.12,7,2023,6,Jun,18-25,True
171,2023-11-24,2023-11-25,CUST171,Female,52,West,Clothing,Standard,3,300,0.0,900,900.0,495.0,59.0,346.0,38.44,8,2023,11,Nov,46-55,False
172,2023-09-17,2023-09-18,CUST172,Male,32,North,Beauty,Economy,2,25,20.0,50,40.0,19.2,7.25,13.55,33.88,11,2023,9,Sep,26-35,False
173,2023-11-08,2023-11-10,CUST173,Male,64,East,Electronics,Standard,4,30,10.0,120,108.0,66.96,43.89,-2.85,-2.64,8,2023,11,Nov,56-64,True
174,2023-04-12,2023-04-13,CUST174,Female,39,West,Beauty,Express,1,300,0.0,300,300.0,144.0,64.23,91.77,30.59,1,2023,4,Apr,36-45,False
176,2023-07-11,2023-07-12,CUST176,Female,43,South,Beauty,Economy,2,50,0.0,100,100.0,48.0,21.07,30.93,30.93,16,2023,7,Jul,36-45,False
177,2023-03-24,2023-03-27,CUST177,Male,45,East,Beauty,Standard,2,50,15.0,100,85.0,40.8,25.5,18.7,22.0,9,2023,3,Mar,36-45,True
178,2023-10-04,2023-10-07,CUST178,Male,40,East,Clothing,Standard,2,30,,60,54.0,29.7,37.86,-13.56,-25.11,9,2023,10,Oct,36-45,True
179,2023-09-29,2023-10-02,CUST179,Male,31,North,Electronics,Economy,1,300,20.0,300,240.0,148.8,9.25,81.95,34.15,18,2023,9,Sep,26-35,False
180,2023-01-01,2023-01-04,CUST180,Male,41,East,Clothing,Economy,3,300,0.0,900,900.0,495.0,22.84,382.16,42.46,16,2023,1,Jan,36-45,False
181,2023-11-03,2023-11-05,CUST181,Male,19,North,Electronics,Priority,4,300,0.0,1200,1200.0,744.0,104.97,351.03,29.25,5,2023,11,Nov,18-25,True
182,2023-06-15,2023-06-16,CUST182,Male,62,East,Beauty,Standard,4,30,,120,120.0,57.6,46.46,15.94,13.28,7,2023,6,Jun,56-64,True
183,2023-09-08,2023-09-11,CUST183,Female,43,South,Beauty,Standard,3,300,20.0,900,720.0,345.6,25.69,348.71,48.43,8,2023,9,Sep,36-45,False
184,2023-01-10,2023-01-12,CUST184,Male,31,East,Electronics,Priority,4,50,25.0,200,150.0,93.0,104.83,-47.83,-31.89,3,2023,1,Jan,26-35,True
185,2023-02-27,2023-03-02,CUST185,Male,24,North,Clothing,Economy,1,25,5.0,25,23.75,13.06,8.88,1.81,7.62,18,2023,2,Feb,18-25,True
187,2023-06-07,2023-06-09,CUST187,Female,64,South,Clothing,Express,2,50,0.0,100,100.0,55.0,129.7,-84.7,-84.7,1,2023,6,Jun,56-64,True
188,2023-05-03,2023-05-05,CUST188,Male,40,East,Clothing,Standard,3,25,5.0,75,71.25,39.19,63.07,-31.01,-43.52,7,2023,5,May,36-45,True
189,2023-01-30,2023-01-31,CUST189,Male,63,East,Beauty,Priority,1,50,0.0,50,50.0,24.0,39.29,-13.29,-26.58,4,2023,1,Jan,56-64,True
190,2023-05-04,2023-05-05,CUST190,Female,60,South,Beauty,Standard,3,30,15.0,90,76.5,36.72,57.91,-18.13,-23.7,9,2023,5,May,56-64,True
191,2023-10-18,2023-10-21,CUST191,Male,64,East,Beauty,Standard,1,25,0.0,25,25.0,12.0,12.42,0.58,2.32,10,2023,10,Oct,56-64,True
193,2023-02-13,2023-02-14,CUST193,Male,35,North,Beauty,Express,3,500,20.0,1500,1200.0,576.0,170.49,453.51,37.79,1,2023,2,Feb,26-35,False
194,2023-09-06,2023-09-07,CUST194,Male,55,East,Clothing,Standard,4,50,,200,180.0,99.0,70.11,10.89,6.05,6,2023,9,Sep,46-55,True
195,2023-02-05,2023-02-07,CUST195,Male,52,East,Clothing,Standard,1,30,15.0,30,25.5,14.03,9.89,1.58,6.2,10,2023,2,Feb,46-55,True
196,2023-09-30,2023-10-01,CUST196,Female,32,South,Clothing,Priority,3,300,5.0,900,855.0,470.25,90.21,294.54,34.45,5,2023,9,Sep,26-35,False
197,2023-03-06,2023-03-07,CUST197,Female,42,South,Clothing,Standard,4,50,25.0,200,150.0,82.5,63.3,4.2,2.8,9,2023,3,Mar,36-45,True
198,2023-03-07,2023-03-10,CUST198,Female,54,West,Beauty,Express,3,300,10.0,900,810.0,388.8,193.75,227.45,28.08,1,2023,3,Mar,46-55,True
199,2023-12-04,2023-12-05,CUST199,Male,45,North,Beauty,Standard,3,500,0.0,1500,1500.0,720.0,51.88,728.12,48.54,6,2023,12,Dec,36-45,False
200,2023-09-01,2023-09-04,CUST200,Male,27,East,Beauty,Express,3,50,5.0,150,142.5,68.4,135.65,-61.55,-43.19,1,2023,9,Sep,26-35,True
202,2023-03-26,2023-03-28,CUST202,Female,34,West,Clothing,Standard,4,300,0.0,1200,1200.0,660.0,39.53,500.47,41.71,10,2023,3,Mar,26-35,False
203,2023-05-16,2023-05-17,CUST203,Male,56,East,Clothing,Standard,2,500,25.0,1000,750.0,412.5,30.37,307.13,40.95,8,2023,5,May,56-64,False
204,2023-09-28,2023-09-29,CUST204,Male,39,North,Beauty,Standard,1,25,0.0,25,25.0,12.0,8.71,4.29,17.16,7,2023,9,Sep,36-45,True
205,2023-11-07,2023-11-08,CUST205,Female,43,West,Clothing,Standard,1,25,0.0,25,25.0,13.75,20.58,-9.33,-37.32,8,2023,11,Nov,36-45,True
206,2023-08-05,2023-08-08,CUST206,Male,61,North,Clothing,Economy,1,25,15.0,25,21.25,11.69,11.26,-1.7,-8.0,9,2023,8,Aug,56-64,True
207,2023-04-19,2023-04-21,CUST207,Female,42,West,Beauty,Standard,2,25,0.0,50,50.0,24.0,25.52,0.48,0.96,8,2023,4,Apr,36-45,True
208,2023-10-04,2023-10-05,CUST208,Female,34,West,Electronics,Priority,4,50,20.0,200,160.0,99.2,164.7,-103.9,-64.94,4,2023,10,Oct,26-35,True
209,2023-12-20,2023-12-23,CUST209,Female,30,South,Electronics,Standard,4,50,5.0,200,190.0,117.8,51.87,20.33,10.7,7,2023,12,Dec,26-35,True
210,2023-04-13,2023-04-15,CUST210,Male,37,North,Electronics,Priority,4,50,10.0,200,180.0,111.6,170.36,-101.96,-56.64,3,2023,4,Apr,36-45,True
211,2024-01-01,2024-01-04,CUST211,Male,42,East,Beauty,Priority,3,500,0.0,1500,1500.0,720.0,115.07,664.93,44.33,5,2024,1,Jan,36-45,False
212,2023-06-09,2023-06-12,CUST212,Male,21,East,Clothing,Express,3,500,5.0,1500,1425.0,783.75,186.59,454.66,31.91,2,2023,6,Jun,18-25,False
213,2023-07-24,2023-07-26,CUST213,Male,27,North,Beauty,Express,3,500,0.0,1500,1500.0,720.0,92.16,687.84,45.86,2,2023,7,Jul,26-35,False
215,2023-11-29,2023-12-02,CUST215,Male,58,East,Clothing,Standard,3,500,10.0,1500,1350.0,742.5,61.06,546.44,40.48,7,2023,11,Nov,56-64,False
216,2023-07-11,2023-07-14,CUST216,Male,62,North,Electronics,Economy,2,50,5.0,100,95.0,58.9,11.49,24.61,25.91,9,2023,7,Jul,56-64,True
217,2023-08-13,2023-08-14,CUST217,Female,35,West,Electronics,Priority,4,50,0.0,200,200.0,124.0,161.57,-85.57,-42.78,4,2023,8,Aug,26-35,True
218,2023-09-22,2023-09-23,CUST218,Male,64,North,Beauty,Economy,3,30,25.0,90,67.5,32.4,16.6,18.5,27.41,10,2023,9,Sep,56-64,True
219,2023-08-20,2023-08-22,CUST219,Female,53,West,Electronics,Standard,3,30,10.0,90,81.0,50.22,68.51,-37.73,-46.58,9,2023,8,Aug,46-55,True
220,2023-03-03,2023-03-05,CUST220,Male,64,East,Beauty,Priority,1,500,25.0,500,375.0,180.0,21.04,173.96,46.39,5,2023,3,Mar,56-64,False
221,2023-05-07,2023-05-09,CUST221,Male,39,East,Beauty,Economy,2,300,,600,510.0,244.8,18.67,246.53,48.34,15,2023,5,May,36-45,False
222,2023-04-26,2023-04-27,CUST222,Male,51,East,Clothing,Standard,4,30,25.0,120,90.0,49.5,68.77,-28.27,-31.41,11,2023,4,Apr,46-55,True
223,2023-02-02,2023-02-05,CUST223,Female,64,South,Clothing,Standard,1,25,0.0,25,25.0,13.75,9.64,1.61,6.44,8,2023,2,Feb,56-64,True
224,2023-06-23,2023-06-26,CUST224,Female,25,West,Clothing,Priority,1,50,0.0,50,50.0,27.5,24.53,-2.03,-4.06,4,2023,6,Jun,18-25,True
225,2023-01-11,2023-01-13,CUST225,Female,57,South,Beauty,Express,4,25,15.0,100,85.0,40.8,121.98,-77.78,-91.51,2,2023,1,Jan,56-64,True
226,2023-10-29,2023-10-30,CUST226,Female,61,South,Clothing,Priority,1,50,,50,47.5,26.13,30.66,-9.29,-19.56,3,2023,10,Oct,56-64,True
227,2023-10-11,2023-10-14,CUST227,Male,36,North,Electronics,Standard,2,50,10.0,100,90.0,55.8,26.24,7.96,8.84,8,2023,10,Oct,36-45,True
228,2023-04-28,2023-04-30,CUST228,Female,59,South,Electronics,Priority,2,30,0.0,60,60.0,37.2,68.31,-45.51,-75.85,4,2023,4,Apr,56-64,True
229,2023-10-29,2023-11-01,CUST229,Male,58,North,Beauty,Standard,3,30,0.0,90,90.0,43.2,39.16,7.64,8.49,8,2023,10,Oct,56-64,True
230,2023-04-23,2023-04-26,CUST230,Male,54,North,Beauty,Standard,1,25,15.0,25,21.25,10.2,13.1,-2.05,-9.65,11,2023,4,Apr,46-55,True
231,2023-01-04,2023-01-05,CUST231,Female,23,South,Clothing,Standard,3,50,15.0,150,127.5,70.12,61.9,-4.52,-3.55,7,2023,1,Jan,18-25,True
232,2023-02-06,2023-02-07,CUST232,Female,43,West,Beauty,Priority,1,25,0.0,25,25.0,12.0,19.3,-6.3,-25.2,3,2023,2,Feb,36-45,True
233,2023-12-29,2024-01-01,CUST233,Female,51,West,Beauty,Priority,2,300,20.0,600,480.0,230.4,84.76,164.84,34.34,3,2023,12,Dec,46-55,False
235,2023-01-31,2023-02-01,CUST235,Female,23,West,Electronics,Standard,2,500,0.0,1000,1000.0,620.0,38.71,341.29,34.13,11,2023,1,Jan,18-25,False
236,2023-04-28,2023-05-01,CUST236,Female,54,West,Clothing,Economy,1,25,15.0,25,21.25,11.69,8.34,1.22,5.74,18,2023,4,Apr,46-55,True
237,2023-02-04,2023-02-05,CUST237,Female,50,South,Beauty,Standard,2,500,0.0,1000,1000.0,480.0,46.34,473.66,47.37,6,2023,2,Feb,46-55,False
238,2023-01-17,2023-01-18,CUST238,Female,39,South,Beauty,Priority,1,500,0.0,500,500.0,240.0,23.0,237.0,47.4,5,2023,1,Jan,36-45,False
239,2023-06-19,2023-06-20,CUST239,Male,38,East,Electronics,Express,3,500,0.0,1500,1500.0,930.0,99.48,470.52,31.37,1,2023,6,Jun,36-45,False
240,2023-02-06,2023-02-09,CUST240,Female,23,,Beauty,Standard,1,300,20.0,300,240.0,115.2,12.07,112.73,46.97,9,2023,2,Feb,18-25,False
242,2023-05-02,2023-05-04,CUST242,Male,21,East,Clothing,Standard,1,25,5.0,25,23.75,13.06,8.59,2.1,8.84,6,2023,5,May,18-25,True
243,2023-05-23,2023-05-25,CUST243,Female,47,West,Electronics,Priority,3,300,25.0,900,675.0,418.5,101.21,155.29,23.01,4,2023,5,May,46-55,True
245,2023-09-06,2023-09-09,CUST245,Male,47,East,Clothing,Standard,3,30,5.0,90,85.5,47.03,67.64,-29.17,-34.12,6,2023,9,Sep,46-55,True
246,2023-04-20,2023-04-21,CUST246,Female,48,South,Electronics,Economy,2,25,0.0,50,50.0,31.0,15.39,3.61,7.22,9,2023,4,Apr,46-55,True
247,2023-10-04,2023-10-06,CUST247,Male,41,North,Electronics,Standard,2,30,5.0,60,57.0,35.34,18.16,3.5,6.14,8,2023,10,Oct,36-45,True
248,2023-03-09,2023-03-11,CUST248,Male,26,North,Clothing,Express,3,300,10.0,900,810.0,445.5,189.76,174.74,21.57,1,2023,3,Mar,26-35,True
249,2023-10-20,2023-10-23,CUST249,Male,20,North,Clothing,Economy,1,50,10.0,50,45.0,24.75,8.39,11.86,26.36,9,2023,10,Oct,18-25,True
250,2023-10-23,2023-10-24,CUST250,Male,48,East,Electronics,Priority,1,50,10.0,50,45.0,27.9,21.1,-4.0,-8.89,3,2023,10,Oct,46-55,True
251,2023-08-31,2023-09-02,CUST251,Female,57,South,Beauty,Standard,4,50,20.0,200,160.0,76.8,38.38,44.82,28.01,7,2023,8,Aug,56-64,True
252,2023-05-05,2023-05-08,CUST252,Male,54,North,Electronics,Economy,1,300,20.0,300,240.0,148.8,11.19,80.01,33.34,18,2023,5,May,46-55,False
253,2023-08-31,2023-09-01,CUST253,Female,53,West,Clothing,Priority,4,500,0.0,2000,2000.0,1100.0,144.27,755.73,37.79,5,2023,8,Aug,46-55,False
254,2023-07-28,2023-07-29,CUST254,Male,41,North,Electronics,Standard,1,500,20.0,500,400.0,248.0,22.1,129.9,32.48,9,2023,7,Jul,36-45,False
255,2023-04-08,2023-04-10,CUST255,Male,48,North,Clothing,Standard,1,30,25.0,30,22.5,12.38,22.94,-12.82,-56.98,11,2023,4,Apr,46-55,True
256,2023-02-18,2023-02-20,CUST256,Male,23,East,Clothing,Priority,2,500,0.0,1000,1000.0,550.0,66.88,383.12,38.31,4,2023,2,Feb,18-25,False
257,2023-02-19,2023-02-20,CUST257,Male,19,East,Beauty,Priority,4,500,15.0,2000,1700.0,816.0,127.88,756.12,44.48,4,2023,2,Feb,18-25,False
258,2023-12-04,2023-12-05,CUST258,Female,37,South,Clothing,Express,1,50,15.0,50,42.5,23.38,47.22,-28.1,-66.12,2,2023,12,Dec,36-45,True
259,2023-08-09,2023-08-11,CUST259,Female,45,West,Clothing,Economy,4,50,0.0,200,200.0,110.0,23.41,66.59,33.3,18,2023,8,Aug,36-45,False
260,2023-07-01,2023-07-02,CUST260,Male,28,East,Beauty,Priority,2,30,20.0,60,48.0,23.04,59.47,-34.51,-71.9,3,2023,7,Jul,26-35,True
261,2023-08-05,2023-08-07,CUST261,Male,21,North,Clothing,Standard,2,25,25.0,50,37.5,20.62,42.31,-25.43,-67.81,9,2023,8,Aug,18-25,True
262,2023-07-30,2023-07-31,CUST262,Female,32,South,Beauty,Standard,4,30,5.0,120,114.0,54.72,72.93,-13.65,-11.97,7,2023,7,Jul,26-35,True
263,2023-08-28,2023-08-30,CUST263,Male,23,North,Beauty,Standard,2,30,0.0,60,60.0,28.8,46.35,-15.15,-25.25,7,2023,8,Aug,18-25,True
264,2023-01-28,2023-01-31,CUST264,Male,47,North,Clothing,Priority,3,300,25.0,900,675.0,371.25,89.91,213.84,31.68,5,2023,1,Jan,46-55,False
265,2023-12-11,2023-12-13,CUST265,Male,55,East,Clothing,Standard,3,300,5.0,900,855.0,470.25,54.96,329.79,38.57,11,2023,12,Dec,46-55,False
267,2023-11-27,2023-11-30,CUST267,Female,32,West,Beauty,Priority,3,30,5.0,90,85.5,41.04,101.93,-57.47,-67.22,5,2023,11,Nov,26-35,True
268,2023-02-20,2023-02-21,CUST268,Female,28,West,Electronics,Economy,1,30,0.0,30,30.0,18.6,9.32,2.08,6.93,17,2023,2,Feb,26-35,True
269,2023-02-01,2023-02-04,CUST269,Male,25,East,Clothing,Standard,4,500,25.0,2000,1500.0,825.0,48.15,626.85,41.79,6,2023,2,Feb,18-25,False
270,2023-07-26,2023-07-28,CUST270,Male,43,East,Electronics,Priority,1,300,15.0,300,255.0,158.1,31.83,65.07,25.52,3,2023,7,Jul,36-45,True
271,2023-06-23,2023-06-24,CUST271,Female,62,South,Beauty,Standard,4,30,10.0,120,108.0,51.84,39.09,17.07,15.81,9,2023,6,Jun,56-64,True
272,2023-02-25,2023-02-28,CUST272,Female,61,West,Electronics,Priority,2,50,20.0,100,80.0,49.6,56.76,-26.36,-32.95,4,2023,2,Feb,56-64,True
273,2023-05-08,2023-05-09,CUST273,Female,22,West,Beauty,Standard,1,50,5.0,50,47.5,22.8,16.29,8.41,17.71,10,2023,5,May,18-25,True
274,2023-04-09,2023-04-10,CUST274,Female,23,West,Clothing,Standard,2,500,0.0,1000,1000.0,550.0,38.18,411.82,41.18,8,2023,4,Apr,18-25,False
275,2023-04-08,2023-04-11,CUST275,Male,43,North,Clothing,Priority,2,500,25.0,1000,750.0,412.5,87.33,250.17,33.36,4,2023,4,Apr,36-45,False
276,2023-10-02,2023-10-03,CUST276,Female,21,West,Beauty,Standard,4,25,15.0,100,85.0,40.8,72.84,-28.64,-33.69,9,2023,10,Oct,18-25,True
277,2023-08-18,2023-08-21,CUST277,Male,36,North,Clothing,Standard,4,25,10.0,100,90.0,49.5,82.56,-42.06,-46.73,9,2023,8,Aug,36-45,True
278,2023-03-13,2023-03-15,CUST278,Female,37,South,Clothing,Priority,4,25,5.0,100,95.0,52.25,126.68,-83.93,-88.35,5,2023,3,Mar,36-45,True
279,2023-08-05,2023-08-06,CUST279,Male,50,North,Clothing,Priority,1,500,25.0,500,375.0,206.25,35.12,133.63,35.63,3,2023,8,Aug,46-55,False
280,2023-04-04,2023-04-06,CUST280,Female,37,South,Clothing,Priority,3,500,25.0,1500,1125.0,618.75,59.75,446.5,39.69,5,2023,4,Apr,36-45,False
281,2023-05-23,2023-05-25,CUST281,Female,29,West,Beauty,Priority,4,500,5.0,2000,1900.0,912.0,99.47,888.53,46.76,5,2023,5,May,26-35,False
282,2023-08-25,2023-08-26,CUST282,Female,64,West,Electronics,Express,4,50,0.0,200,200.0,124.0,177.9,-101.9,-50.95,2,2023,8,Aug,56-64,True
283,2023-05-08,2023-05-11,CUST283,Female,18,South,Electronics,Standard,1,500,0.0,500,500.0,310.0,16.03,173.97,34.79,11,2023,5,May,18-25,False
284,2023-02-08,2023-02-09,CUST284,Male,43,East,Clothing,Standard,4,50,15.0,200,170.0,93.5,35.1,41.4,24.35,7,2023,2,Feb,36-45,True
285,2023-08-15,2023-08-17,CUST285,Female,31,South,Electronics,Standard,1,25,10.0,25,22.5,13.95,10.38,-1.83,-8.13,6,2023,8,Aug,26-35,True
286,2023-10-09,2023-10-11,CUST286,Male,55,East,Electronics,Economy,2,25,5.0,50,47.5,29.45,10.98,7.07,14.88,8,2023,10,Oct,46-55,True
290,2023-10-04,2023-10-06,CUST290,Female,30,West,Beauty,Economy,2,300,25.0,600,450.0,216.0,9.53,224.47,49.88,12,2023,10,Oct,26-35,False
291,2023-01-08,2023-01-10,CUST291,Male,60,North,Clothing,Standard,2,300,20.0,600,480.0,264.0,36.77,179.23,37.34,6,2023,1,Jan,56-64,False
292,2023-02-17,2023-02-20,CUST292,Male,20,East,Beauty,Express,4,300,25.0,1200,900.0,432.0,164.91,303.09,33.68,2,2023,2,Feb,18-25,False
293,2023-05-02,2023-05-04,CUST293,Male,50,North,Electronics,Express,3,30,0.0,90,90.0,55.8,114.84,-80.64,-89.6,2,2023,5,May,46-55,True
294,2023-03-27,2023-03-29,CUST294,Female,23,South,Clothing,Priority,3,30,10.0,90,81.0,44.55,95.84,-59.39,-73.32,3,2023,3,Mar,18-25,True
295,2023-07-28,2023-07-29,CUST295,Female,27,South,Beauty,Standard,3,300,25.0,900,675.0,324.0,24.28,326.72,48.4,7,2023,7,Jul,26-35,False
296,2023-09-06,2023-09-07,CUST296,Female,22,West,Clothing,Economy,4,300,5.0,1200,1140.0,627.0,12.28,500.72,43.92,14,2023,9,Sep,18-25,False
297,2023-09-04,2023-09-06,CUST297,Female,40,South,Electronics,Economy,2,500,15.0,1000,850.0,527.0,9.94,313.06,36.83,10,2023,9,Sep,36-45,False
298,2023-04-20,2023-04-22,CUST298,Male,27,East,Beauty,Express,4,300,5.0,1200,1140.0,547.2,125.88,466.92,40.96,1,2023,4,Apr,26-35,False
299,2023-07-25,2023-07-26,CUST299,Male,61,North,Electronics,Priority,2,500,0.0,1000,1000.0,620.0,41.83,338.17,33.82,5,2023,7,Jul,56-64,False
300,2023-01-31,2023-02-03,CUST300,Female,19,West,Electronics,Economy,4,50,10.0,200,180.0,111.6,24.2,44.2,24.56,11,2023,1,Jan,18-25,True
302,2023-07-14,2023-07-17,CUST302,Male,57,North,Beauty,Standard,2,300,5.0,600,570.0,273.6,35.45,260.95,45.78,8,2023,7,Jul,56-64,False
304,2023-07-19,2023-07-22,CUST304,Female,37,South,Electronics,Priority,2,30,20.0,60,48.0,29.76,51.85,-33.61,-70.02,3,2023,7,Jul,36-45,True
306,2023-08-21,2023-08-24,CUST306,Male,54,North,Electronics,Priority,1,50,10.0,50,45.0,27.9,28.72,-11.62,-25.82,5,2023,8,Aug,46-55,True
307,2023-05-27,2023-05-30,CUST307,Female,26,West,Electronics,Economy,2,25,0.0,50,50.0,31.0,7.57,11.43,22.86,15,2023,5,May,26-35,True
308,2023-08-05,2023-08-06,CUST308,Female,34,South,Beauty,Economy,4,300,0.0,1200,1200.0,576.0,34.21,589.79,49.15,17,2023,8,Aug,26-35,False
310,2023-10-12,2023-10-15,CUST310,Female,28,South,Beauty,Standard,1,25,0.0,25,25.0,12.0,13.87,-0.87,-3.48,6,2023,10,Oct,26-35,True
311,2023-12-05,2023-12-08,CUST311,Female,32,West,Beauty,Economy,4,25,0.0,100,100.0,48.0,30.27,21.73,21.73,12,2023,12,Dec,26-35,True
312,2023-09-07,2023-09-09,CUST312,Male,41,East,Clothing,Priority,4,30,0.0,120,120.0,66.0,166.42,-112.42,-93.68,3,2023,9,Sep,36-45,True
313,2023-03-21,2023-03-22,CUST313,Female,55,,Beauty,Standard,3,500,0.0,1500,1500.0,720.0,49.17,730.83,48.72,7,2023,3,Mar,46-55,False
314,2023-04-08,2023-04-09,CUST314,Male,52,East,Clothing,Economy,4,30,0.0,120,120.0,66.0,37.28,16.72,13.93,11,2023,4,Apr,46-55,True
315,2023-06-01,2023-06-02,CUST315,Male,47,East,Clothing,Economy,2,30,0.0,60,60.0,33.0,23.87,3.13,5.22,15,2023,6,Jun,46-55,True
316,2023-04-22,2023-04-25,CUST316,Female,48,West,Clothing,Express,2,25,0.0,50,50.0,27.5,70.52,-48.02,-96.04,1,2023,4,Apr,46-55,True
318,2023-10-24,2023-10-26,CUST318,Male,61,North,Clothing,Standard,1,25,15.0,25,21.25,11.69,14.71,-5.15,-24.24,11,2023,10,Oct,56-64,True
319,2023-10-05,2023-10-06,CUST319,Male,31,East,Clothing,Standard,1,500,20.0,500,400.0,220.0,15.17,164.83,41.21,10,2023,10,Oct,26-35,False
320,2023-02-01,2023-02-04,CUST320,Female,28,South,Electronics,Standard,4,300,0.0,1200,1200.0,744.0,59.95,396.05,33.0,9,2023,2,Feb,26-35,False
322,2023-01-30,2023-02-01,CUST322,Male,51,North,Electronics,Standard,1,500,0.0,500,500.0,310.0,20.14,169.86,33.97,7,2023,1,Jan,46-55,False
323,2023-01-26,2023-01-28,CUST323,Female,29,West,Beauty,Standard,3,300,20.0,900,720.0,345.6,55.0,319.4,44.36,6,2023,1,Jan,26-35,False
324,2023-10-27,2023-10-29,CUST324,Female,52,South,Electronics,Standard,3,50,15.0,150,127.5,79.05,39.78,8.67,6.8,7,2023,10,Oct,46-55,True
326,2023-09-15,2023-09-18,CUST326,Female,18,South,Clothing,Economy,3,25,15.0,75,63.75,35.06,34.79,-6.1,-9.57,14,2023,9,Sep,18-25,True
327,2023-09-29,2023-10-02,CUST327,Male,57,East,Electronics,Standard,3,50,0.0,150,150.0,93.0,65.88,-8.88,-5.92,6,2023,9,Sep,56-64,True
328,2023-03-22,2023-03-24,CUST328,Male,39,East,Beauty,Standard,2,50,20.0,100,80.0,38.4,16.05,25.55,31.94,6,2023,3,Mar,36-45,False
330,2023-09-18,2023-09-20,CUST330,Female,25,West,Beauty,Express,4,50,5.0,200,190.0,91.2,128.18,-29.38,-15.46,1,2023,9,Sep,18-25,True
331,2023-02-11,2023-02-12,CUST331,Male,28,North,Electronics,Standard,3,30,10.0,90,81.0,50.22,37.14,-6.36,-7.85,6,2023,2,Feb,26-35,True
332,2023-04-06,2023-04-08,CUST332,Male,58,North,Electronics,Express,4,300,5.0,1200,1140.0,706.8,129.52,303.68,26.64,2,2023,4,Apr,56-64,True
333,2023-02-05,2023-02-06,CUST333,Female,54,West,Electronics,Standard,4,300,0.0,1200,1200.0,744.0,73.06,382.94,31.91,8,2023,2,Feb,46-55,False
334,2023-11-01,2023-11-03,CUST334,Male,31,East,Electronics,Standard,3,300,5.0,900,855.0,530.1,59.02,265.88,31.1,10,2023,11,Nov,26-35,False
335,2023-02-04,2023-02-07,CUST335,Female,47,South,Beauty,Express,4,30,20.0,120,96.0,46.08,138.32,-88.4,-92.08,1,2023,2,Feb,46-55,True
336,2023-12-12,2023-12-15,CUST336,Female,52,West,Beauty,Express,3,50,0.0,150,150.0,72.0,136.06,-58.06,-38.71,1,2023,12,Dec,46-55,True
337,2023-05-01,2023-05-03,CUST337,Male,38,North,Clothing,Economy,1,500,0.0,500,500.0,275.0,7.11,217.89,43.58,13,2023,5,May,36-45,False
338,2023-07-26,2023-07-29,CUST338,Male,54,East,Beauty,Standard,2,50,15.0,100,85.0,40.8,28.55,15.65,18.41,6,2023,7,Jul,46-55,True
340,2023-10-19,2023-10-22,CUST340,Female,36,West,Clothing,Priority,4,300,10.0,1200,1080.0,594.0,117.25,368.75,34.14,3,2023,10,Oct,36-45,False
341,2023-05-07,2023-05-08,CUST341,Male,31,East,Clothing,Standard,4,50,0.0,200,200.0,110.0,83.08,6.92,3.46,7,2023,5,May,26-35,True
342,2023-10-24,2023-10-27,CUST342,Female,43,West,Clothing,Priority,4,500,15.0,2000,1700.0,935.0,79.67,685.33,40.31,5,2023,10,Oct,36-45,False
343,2023-11-01,2023-11-02,CUST343,Male,21,East,Electronics,Standard,2,25,25.0,50,37.5,23.25,18.73,-4.48,-11.95,6,2023,11,Nov,18-25,True
344,2023-01-21,2023-01-23,CUST344,Female,42,South,Beauty,Economy,1,30,0.0,30,30.0,14.4,6.19,9.41,31.37,19,2023,1,Jan,36-45,False
345,2023-11-14,2023-11-17,CUST345,Male,62,East,Electronics,Standard,1,30,15.0,30,25.5,15.81,24.01,-14.32,-56.16,8,2023,11,Nov,56-64,True
346,2023-02-11,2023-02-14,CUST346,Male,59,East,Clothing,Express,2,500,15.0,1000,850.0,467.5,113.49,269.01,31.65,2,2023,2,Feb,56-64,False
347,2023-08-03,2023-08-06,CUST347,Male,42,East,Electronics,Standard,1,25,15.0,25,21.25,13.18,19.54,-11.47,-53.98,6,2023,8,Aug,36-45,True
348,2023-12-03,2023-12-05,CUST348,Female,35,West,Electronics,Economy,2,300,0.0,600,600.0,372.0,12.51,215.49,35.92,13,2023,12,Dec,26-35,False
349,2023-10-26,2023-10-27,CUST349,Female,57,West,Beauty,Express,1,50,25.0,50,37.5,18.0,53.75,-34.25,-91.33,1,2023,10,Oct,56-64,True
351,2023-09-25,2023-09-28,CUST351,Female,56,West,Clothing,Standard,3,30,5.0,90,85.5,47.03,56.44,-17.97,-21.02,10,2023,9,Sep,56-64,True
352,2023-06-11,2023-06-13,CUST352,Male,57,North,Electronics,Priority,2,500,15.0,1000,850.0,527.0,85.32,237.68,27.96,5,2023,6,Jun,56-64,True
353,2023-05-14,2023-05-16,CUST353,Male,31,North,Electronics,Standard,1,500,0.0,500,500.0,310.0,18.41,171.59,34.32,10,2023,5,May,26-35,False
354,2023-04-15,2023-04-17,CUST354,Female,49,West,Beauty,Economy,4,50,20.0,200,160.0,76.8,43.45,39.75,24.84,11,2023,4,Apr,46-55,True
355,2023-12-09,2023-12-11,CUST355,Female,55,West,Electronics,Standard,1,500,10.0,500,450.0,279.0,20.31,150.69,33.49,10,2023,12,Dec,46-55,False
356,2023-06-10,2023-06-12,CUST356,Male,50,East,Electronics,Standard,3,500,0.0,1500,1500.0,930.0,30.15,539.85,35.99,6,2023,6,Jun,46-55,False
357,2023-05-03,2023-05-04,CUST357,Female,40,South,Electronics,Standard,3,25,0.0,75,75.0,46.5,70.03,-41.53,-55.37,10,2023,5,May,36-45,True
358,2023-05-16,2023-05-17,CUST358,Female,32,West,Beauty,Express,1,300,0.0,300,300.0,144.0,32.66,123.34,41.11,2,2023,5,May,26-35,False
359,2023-07-22,2023-07-23,CUST359,Male,50,North,Clothing,Express,1,50,0.0,50,50.0,27.5,51.36,-28.86,-57.72,1,2023,7,Jul,46-55,True
360,2023-03-09,2023-03-12,CUST360,Male,42,East,Clothing,Standard,4,25,0.0,100,100.0,55.0,41.67,3.33,3.33,11,2023,3,Mar,36-45,True
361,2023-12-10,2023-12-12,CUST361,Female,34,West,Electronics,Priority,4,300,0.0,1200,1200.0,744.0,73.26,382.74,31.9,4,2023,12,Dec,26-35,False
364,2023-08-23,2023-08-24,CUST364,Female,19,South,Beauty,Express,1,500,0.0,500,500.0,240.0,49.44,210.56,42.11,2,2023,8,Aug,18-25,False
365,2023-06-11,2023-06-14,CUST365,Male,31,East,Clothing,Express,1,300,25.0,300,225.0,123.75,53.09,48.16,21.4,1,2023,6,Jun,26-35,True
366,2023-02-07,2023-02-08,CUST366,Male,57,East,Clothing,Express,2,50,0.0,100,100.0,55.0,63.5,-18.5,-18.5,2,2023,2,Feb,56-64,True
367,2023-01-05,2023-01-07,CUST367,Female,57,South,Electronics,Standard,1,50,0.0,50,50.0,31.0,10.09,8.91,17.82,6,2023,1,Jan,56-64,True
368,2023-08-23,2023-08-25,CUST368,Female,56,South,Clothing,Standard,4,300,0.0,1200,1200.0,660.0,69.99,470.01,39.17,11,2023,8,Aug,56-64,False
369,2023-11-15,2023-11-17,CUST369,Male,23,East,Electronics,Economy,3,500,0.0,1500,1500.0,930.0,18.27,551.73,36.78,18,2023,11,Nov,18-25,False
370,2023-10-16,2023-10-17,CUST370,Male,23,East,Electronics,Economy,2,30,10.0,60,54.0,33.48,19.13,1.39,2.57,17,2023,10,Oct,18-25,True
371,2023-02-21,2023-02-23,CUST371,Female,20,West,Beauty,Standard,1,25,15.0,25,21.25,10.2,19.09,-8.04,-37.84,8,2023,2,Feb,18-25,True
372,2023-02-07,2023-02-08,CUST372,Female,24,West,Beauty,Standard,3,500,0.0,1500,1500.0,720.0,67.13,712.87,47.52,11,2023,2,Feb,18-25,False
373,2023-10-03,2023-10-06,CUST373,Female,25,South,Beauty,Priority,2,300,5.0,600,570.0,273.6,73.39,223.01,39.12,4,2023,10,Oct,18-25,False
375,2023-09-17,2023-09-19,CUST375,Male,32,North,Clothing,Standard,1,50,15.0,50,42.5,23.38,19.44,-0.32,-0.75,9,2023,9,Sep,26-35,True
376,2023-05-16,2023-05-18,CUST376,Female,64,West,Beauty,Standard,1,30,0.0,30,30.0,14.4,12.68,2.92,9.73,8,2023,5,May,56-64,True
377,2023-03-09,2023-03-12,CUST377,Female,46,West,Clothing,Priority,4,50,15.0,200,170.0,93.5,105.08,-28.58,-16.81,4,2023,3,Mar,46-55,True
378,2023-06-28,2023-06-30,CUST378,Male,50,North,Beauty,Priority,1,300,25.0,300,225.0,108.0,39.3,77.7,34.53,3,2023,6,Jun,46-55,False
379,2023-02-05,2023-02-06,CUST379,Female,47,South,Clothing,Standard,1,25,15.0,25,21.25,11.69,15.59,-6.03,-28.38,7,2023,2,Feb,46-55,True
380,2023-05-06,2023-05-07,CUST380,Male,56,North,Electronics,Standard,2,300,15.0,600,510.0,316.2,43.14,150.66,29.54,9,2023,5,May,56-64,True
381,2023-07-09,2023-07-11,CUST381,Female,44,West,Clothing,Standard,4,25,10.0,100,90.0,49.5,87.92,-47.42,-52.69,8,2023,7,Jul,36-45,True
382,2023-05-26,2023-05-28,CUST382,Female,53,South,Clothing,Priority,2,500,5.0,1000,950.0,522.5,82.31,345.19,36.34,4,2023,5,May,46-55,False
383,2023-03-22,2023-03-25,CUST383,Female,46,West,Beauty,Standard,3,30,0.0,90,90.0,43.2,70.75,-23.95,-26.61,11,2023,3,Mar,46-55,True
384,2023-08-13,2023-08-16,CUST384,Male,55,North,Clothing,Standard,1,500,0.0,500,500.0,275.0,15.33,209.67,41.93,8,2023,8,Aug,46-55,False
385,2023-10-06,2023-10-09,CUST385,Male,50,North,Electronics,Priority,3,500,0.0,1500,1500.0,930.0,79.83,490.17,32.68,4,2023,10,Oct,46-55,False
386,2023-12-27,2023-12-29,CUST386,Female,54,West,Electronics,Standard,2,300,15.0,600,510.0,316.2,35.79,158.01,30.98,11,2023,12,Dec,46-55,False
387,2023-06-04,2023-06-07,CUST387,Male,44,East,Beauty,Priority,1,30,0.0,30,30.0,14.4,28.02,-12.42,-41.4,5,2023,6,Jun,36-45,True
388,2023-11-10,2023-11-13,CUST388,Male,50,East,Electronics,Standard,1,25,10.0,25,22.5,13.95,18.22,-9.67,-42.98,10,2023,11,Nov,46-55,True
389,2023-12-01,2023-12-02,CUST389,Male,21,North,Clothing,Standard,2,25,10.0,50,45.0,24.75,39.99,-19.74,-43.87,6,2023,12,Dec,18-25,True
390,2023-09-28,2023-10-01,CUST390,Male,39,North,Electronics,Standard,2,50,0.0,100,100.0,62.0,39.41,-1.41,-1.41,6,2023,9,Sep,36-45,True
391,2023-01-05,2023-01-06,CUST391,Male,19,East,Beauty,Priority,2,25,25.0,50,37.5,18.0,56.23,-36.73,-97.95,4,2023,1,Jan,18-25,True
392,2023-12-08,2023-12-09,CUST392,Male,27,East,Clothing,Economy,2,300,10.0,600,540.0,297.0,9.0,234.0,43.33,8,2023,12,Dec,26-35,False
393,2023-10-11,2023-10-14,CUST393,Female,22,West,Beauty,Priority,2,500,0.0,1000,1000.0,480.0,59.25,460.75,46.08,5,2023,10,Oct,18-25,False
394,2023-06-03,2023-06-04,CUST394,Female,27,West,Clothing,Standard,1,500,5.0,500,475.0,261.25,10.42,203.33,42.81,8,2023,6,Jun,26-35,False
395,2023-12-06,2023-12-08,CUST395,Male,50,East,Electronics,Priority,2,500,0.0,1000,1000.0,620.0,84.07,295.93,29.59,4,2023,12,Dec,46-55,True
396,2023-02-23,2023-02-25,CUST396,Female,55,West,Beauty,Standard,1,30,20.0,30,24.0,11.52,13.88,-1.4,-5.83,7,2023,2,Feb,46-55,True
397,2023-03-10,2023-03-13,CUST397,Female,30,West,Beauty,Standard,1,25,5.0,25,23.75,11.4,10.63,1.72,7.24,6,2023,3,Mar,26-35,True
398,2023-05-16,2023-05-18,CUST398,Female,48,South,Clothing,Economy,2,300,10.0,600,540.0,297.0,6.46,236.54,43.8,9,2023,5,May,46-55,False
399,2023-03-01,2023-03-02,CUST399,Female,64,West,Beauty,Standard,2,30,5.0,60,57.0,27.36,37.96,-8.32,-14.6,7,2023,3,Mar,56-64,True
400,2023-02-24,2023-02-26,CUST400,Male,53,North,Clothing,Standard,4,50,,200,190.0,104.5,75.31,10.19,5.36,8,2023,2,Feb,46-55,True
401,2023-10-11,2023-10-14,CUST401,Female,62,West,Clothing,Standard,1,300,25.0,300,225.0,123.75,13.79,87.46,38.87,10,2023,10,Oct,56-64,False
402,2023-03-21,2023-03-24,CUST402,Female,41,West,Clothing,Standard,2,300,25.0,600,450.0,247.5,18.44,184.06,40.9,11,2023,3,Mar,36-45,False
403,2023-05-20,2023-05-21,CUST403,Male,32,East,Clothing,Standard,2,300,25.0,600,450.0,247.5,29.93,172.57,38.35,6,2023,5,May,26-35,False
404,2023-05-25,2023-05-28,CUST404,Male,46,North,Electronics,Express,2,500,5.0,1000,950.0,589.0,84.9,276.1,29.06,2,2023,5,May,46-55,True
405,2023-11-06,2023-11-08,CUST405,Female,25,West,Clothing,Express,4,300,10.0,1200,1080.0,594.0,228.34,257.66,23.86,1,2023,11,Nov,18-25,True
406,2023-04-18,2023-04-21,CUST406,Female,22,West,Beauty,Economy,4,25,20.0,100,80.0,38.4,33.81,7.79,9.74,8,2023,4,Apr,18-25,True
407,2023-06-25,2023-06-26,CUST407,Female,46,South,Electronics,Priority,3,300,15.0,900,765.0,474.3,83.53,207.17,27.08,3,2023,6,Jun,46-55,True
408,2023-04-15,2023-04-18,CUST408,Female,64,West,Beauty,Standard,1,500,5.0,500,475.0,228.0,11.7,235.3,49.54,10,2023,4,Apr,56-64,False
409,2023-12-18,2023-12-20,CUST409,Female,21,West,Electronics,Standard,3,300,0.0,900,900.0,558.0,74.39,267.61,29.73,10,2023,12,Dec,18-25,True
410,2023-11-21,2023-11-22,CUST410,Female,29,South,Clothing,Standard,2,50,10.0,100,90.0,49.5,31.44,9.06,10.07,7,2023,11,Nov,26-35,True
411,2023-05-16,2023-05-18,CUST411,Male,62,East,Electronics,Express,4,50,5.0,200,190.0,117.8,230.12,-157.92,-83.12,1,2023,5,May,56-64,True
412,2023-09-16,2023-09-17,CUST412,Female,19,West,Electronics,Standard,4,500,20.0,2000,1600.0,992.0,41.56,566.44,35.4,10,2023,9,Sep,18-25,False
413,2023-09-08,2023-09-11,CUST413,Female,44,South,Beauty,Priority,3,25,15.0,75,63.75,30.6,93.33,-60.18,-94.4,3,2023,9,Sep,36-45,True
416,2023-02-17,2023-02-20,CUST416,Male,53,North,Electronics,Express,4,500,0.0,2000,2000.0,1240.0,274.24,485.76,24.29,1,2023,2,Feb,46-55,True
417,2023-11-21,2023-11-23,CUST417,Male,43,North,Electronics,Standard,3,300,,900,765.0,474.3,43.59,247.11,32.3,7,2023,11,Nov,36-45,False
418,2023-08-05,2023-08-08,CUST418,Female,60,South,Electronics,Economy,2,500,0.0,1000,1000.0,620.0,6.7,373.3,37.33,8,2023,8,Aug,56-64,False
419,2023-05-22,2023-05-23,CUST419,Female,44,West,Clothing,Priority,3,30,5.0,90,85.5,47.03,56.51,-18.04,-21.1,5,2023,5,May,36-45,True
420,2023-01-23,2023-01-26,CUST420,Female,22,South,Clothing,Standard,4,500,20.0,2000,1600.0,880.0,58.38,661.62,41.35,10,2023,1,Jan,18-25,False
421,2023-01-02,2023-01-03,CUST421,Female,37,South,Clothing,Economy,3,500,0.0,1500,1500.0,825.0,13.32,661.68,44.11,8,2023,1,Jan,36-45,False
422,2023-06-20,2023-06-23,CUST422,Female,28,South,Clothing,Express,3,30,,90,72.0,39.6,92.8,-60.4,-83.89,1,2023,6,Jun,26-35,True
423,2023-03-08,2023-03-11,CUST423,Female,27,South,Clothing,Economy,1,25,0.0,25,25.0,13.75,9.81,1.44,5.76,8,2023,3,Mar,26-35,True
424,2023-11-23,2023-11-25,CUST424,Male,57,East,Beauty,Priority,4,300,10.0,1200,1080.0,518.4,121.52,440.08,40.75,5,2023,11,Nov,56-64,False
426,2023-03-24,2023-03-26,CUST426,Male,23,North,Electronics,Standard,3,50,0.0,150,150.0,93.0,69.9,-12.9,-8.6,8,2023,3,Mar,18-25,True
427,2023-08-15,2023-08-16,CUST427,Male,25,North,Electronics,Standard,1,25,0.0,25,25.0,15.5,9.97,-0.47,-1.88,10,2023,8,Aug,18-25,True
428,2023-10-10,2023-10-13,CUST428,Female,40,West,Electronics,Express,4,50,0.0,200,200.0,124.0,272.95,-196.95,-98.48,1,2023,10,Oct,36-45,True
429,2023-12-28,2023-12-29,CUST429,Male,64,North,Electronics,Priority,2,25,0.0,50,50.0,31.0,52.95,-33.95,-67.9,5,2023,12,Dec,56-64,True
430,2023-08-07,2023-08-09,CUST430,Female,43,West,Electronics,Standard,3,300,15.0,900,765.0,474.3,69.31,221.39,28.94,10,2023,8,Aug,36-45,True
431,2023-10-15,2023-10-17,CUST431,Male,63,North,Electronics,Standard,4,300,,1200,1200.0,744.0,73.0,383.0,31.92,10,2023,10,Oct,56-64,False
432,2023-01-05,2023-01-07,CUST432,Female,60,South,Electronics,Priority,2,500,0.0,1000,1000.0,620.0,80.64,299.36,29.94,5,2023,1,Jan,56-64,True
433,2023-02-27,2023-02-28,CUST433,Male,29,North,Beauty,Economy,4,50,10.0,200,180.0,86.4,47.42,46.18,25.66,17,2023,2,Feb,26-35,True
435,2023-12-20,2023-12-22,CUST435,Female,30,West,Beauty,Standard,3,300,25.0,900,675.0,324.0,73.02,277.98,41.18,6,2023,12,Dec,26-35,False
436,2023-03-18,2023-03-20,CUST436,Female,57,West,Clothing,Standard,4,30,20.0,120,96.0,52.8,58.48,-15.28,-15.92,11,2023,3,Mar,56-64,True
437,2023-10-07,2023-10-10,CUST437,Female,35,West,Electronics,Standard,4,300,0.0,1200,1200.0,744.0,58.21,397.79,33.15,9,2023,10,Oct,26-35,False
438,2023-01-19,2023-01-22,CUST438,Female,42,West,Clothing,Economy,1,30,20.0,30,24.0,13.2,6.06,4.74,19.75,16,2023,1,Jan,36-45,True
439,2023-07-09,2023-07-10,CUST439,Male,50,East,Clothing,Standard,3,25,0.0,75,75.0,41.25,51.61,-17.86,-23.81,6,2023,7,Jul,46-55,True
440,2023-10-26,2023-10-27,CUST440,Male,64,East,Clothing,Express,2,300,0.0,600,600.0,330.0,72.33,197.67,32.94,1,2023,10,Oct,56-64,False
441,2023-10-10,2023-10-12,CUST441,Male,57,North,Beauty,Standard,4,300,0.0,1200,1200.0,576.0,69.65,554.35,46.2,6,2023,10,Oct,56-64,False
443,2023-08-09,2023-08-11,CUST443,Male,29,North,Clothing,Priority,2,300,0.0,600,600.0,330.0,77.14,192.86,32.14,3,2023,8,Aug,26-35,False
444,2023-03-07,2023-03-09,CUST444,Female,61,West,Clothing,Priority,3,30,5.0,90,85.5,47.03,121.53,-83.06,-97.15,5,2023,3,Mar,56-64,True
445,2023-01-22,2023-01-25,CUST445,Female,53,West,Electronics,Standard,1,300,,300,255.0,158.1,15.49,81.41,31.93,9,2023,1,Jan,46-55,False
446,2023-06-07,2023-06-10,CUST446,Male,21,East,Electronics,Standard,1,50,15.0,50,42.5,26.35,13.14,3.01,7.08,8,2023,6,Jun,18-25,True
447,2023-07-06,2023-07-09,CUST447,Male,22,East,Beauty,Standard,4,500,0.0,2000,2000.0,960.0,49.63,990.37,49.52,11,2023,7,Jul,18-25,False
448,2023-01-21,2023-01-22,CUST448,Female,54,South,Beauty,Economy,2,30,20.0,60,48.0,23.04,9.5,15.46,32.21,16,2023,1,Jan,46-55,False
449,2023-07-03,2023-07-04,CUST449,Male,25,,Electronics,Economy,4,50,25.0,200,150.0,93.0,14.08,42.92,28.61,14,2023,7,Jul,18-25,True
451,2023-12-16,2023-12-17,CUST451,Female,45,South,Electronics,Priority,1,30,,30,28.5,17.67,25.3,-14.47,-50.77,3,2023,12,Dec,36-45,True
452,2023-05-08,2023-05-11,CUST452,Female,48,South,Clothing,Priority,3,500,0.0,1500,1500.0,825.0,132.28,542.72,36.18,5,2023,5,May,46-55,False
453,2023-12-08,2023-12-11,CUST453,Female,26,South,Clothing,Standard,2,500,5.0,1000,950.0,522.5,34.96,392.54,41.32,8,2023,12,Dec,26-35,False
454,2023-02-22,2023-02-23,CUST454,Female,46,South,Beauty,Economy,1,25,5.0,25,23.75,11.4,6.13,6.22,26.19,9,2023,2,Feb,46-55,True
456,2023-10-14,2023-10-16,CUST456,Male,57,East,Electronics,Standard,2,30,25.0,60,45.0,27.9,20.73,-3.63,-8.07,10,2023,10,Oct,56-64,True
457,2023-07-28,2023-07-29,CUST457,Female,58,South,Beauty,Express,3,300,0.0,900,900.0,432.0,143.29,324.71,36.08,1,2023,7,Jul,56-64,False
458,2023-11-14,2023-11-16,CUST458,Female,39,West,Electronics,Standard,4,25,10.0,100,90.0,55.8,74.58,-40.38,-44.87,8,2023,11,Nov,36-45,True
459,2023-03-21,2023-03-23,CUST459,Male,28,,Clothing,Standard,4,300,20.0,1200,960.0,528.0,65.25,366.75,38.2,8,2023,3,Mar,26-35,False
460,2023-05-02,2023-05-04,CUST460,Male,40,East,Beauty,Priority,1,50,5.0,50,47.5,22.8,28.85,-4.15,-8.74,3,2023,5,May,36-45,True
461,2023-03-25,2023-03-28,CUST461,Female,18,South,Beauty,Standard,2,500,5.0,1000,950.0,456.0,49.79,444.21,46.76,11,2023,3,Mar,18-25,False
462,2023-04-01,2023-04-04,CUST462,Male,63,North,Electronics,Priority,4,300,10.0,1200,1080.0,669.6,167.07,243.33,22.53,4,2023,4,Apr,56-64,True
463,2023-07-31,2023-08-01,CUST463,Female,54,South,Beauty,Standard,3,500,5.0,1500,1425.0,684.0,55.79,685.21,48.08,6,2023,7,Jul,46-55,False
464,2023-01-13,2023-01-16,CUST464,Male,38,North,Electronics,Standard,2,300,5.0,600,570.0,353.4,35.36,181.24,31.8,7,2023,1,Jan,36-45,False
465,2023-04-02,2023-04-04,CUST465,Female,43,West,Electronics,Standard,3,50,5.0,150,142.5,88.35,55.65,-1.5,-1.05,8,2023,4,Apr,36-45,True
466,2023-06-20,2023-06-23,CUST466,Male,63,East,Electronics,Standard,4,25,15.0,100,85.0,52.7,45.69,-13.39,-15.75,7,2023,6,Jun,56-64,True
467,2023-07-30,2023-07-31,CUST467,Female,53,West,Electronics,Priority,3,50,20.0,150,120.0,74.4,86.01,-40.41,-33.67,4,2023,7,Jul,46-55,True
468,2023-12-09,2023-12-12,CUST468,Male,40,North,Electronics,Standard,1,25,0.0,25,25.0,15.5,8.67,0.83,3.32,11,2023,12,Dec,36-45,True
470,2023-05-17,2023-05-19,CUST470,Female,57,West,Clothing,Express,2,500,10.0,1000,900.0,495.0,103.44,301.56,33.51,1,2023,5,May,56-64,False
471,2023-03-23,2023-03-24,CUST471,Male,32,North,Clothing,Priority,3,50,5.0,150,142.5,78.38,72.45,-8.33,-5.85,3,2023,3,Mar,26-35,True
472,2023-12-26,2023-12-29,CUST472,Female,38,West,Beauty,Economy,3,300,20.0,900,720.0,345.6,35.03,339.37,47.13,15,2023,12,Dec,36-45,False
473,2023-02-25,2023-02-28,CUST473,Male,64,East,Beauty,Priority,1,50,15.0,50,42.5,20.4,42.56,-20.46,-48.14,5,2023,2,Feb,56-64,True
474,2023-07-15,2023-07-18,CUST474,Female,26,West,Clothing,Standard,3,500,25.0,1500,1125.0,618.75,60.83,445.42,39.59,9,2023,7,Jul,26-35,False
475,2023-01-20,2023-01-22,CUST475,Male,26,East,Clothing,Standard,3,25,10.0,75,67.5,37.12,51.2,-20.82,-30.84,9,2023,1,Jan,26-35,True
476,2023-08-29,2023-08-30,CUST476,Female,27,West,Clothing,Standard,4,500,0.0,2000,2000.0,1100.0,91.16,808.84,40.44,6,2023,8,Aug,26-35,False
478,2023-04-13,2023-04-15,CUST478,Female,58,West,Clothing,Standard,2,30,0.0,60,60.0,33.0,42.88,-15.88,-26.47,10,2023,4,Apr,56-64,True
479,2023-08-24,2023-08-26,CUST479,Male,52,North,Electronics,Express,4,300,5.0,1200,1140.0,706.8,139.97,293.23,25.72,2,2023,8,Aug,46-55,True
480,2023-06-29,2023-07-01,CUST480,Female,42,West,Beauty,Express,4,500,15.0,2000,1700.0,816.0,247.07,636.93,37.47,2,2023,6,Jun,36-45,False
481,2023-06-06,2023-06-09,CUST481,Female,43,West,Electronics,Standard,4,300,15.0,1200,1020.0,632.4,50.75,336.85,33.02,10,2023,6,Jun,36-45,False
482,2023-04-27,2023-04-30,CUST482,Female,28,South,Clothing,Priority,4,300,20.0,1200,960.0,528.0,166.73,265.27,27.63,3,2023,4,Apr,26-35,True
483,2023-04-25,2023-04-28,CUST483,Male,55,North,Clothing,Standard,1,30,10.0,30,27.0,14.85,24.05,-11.9,-44.07,11,2023,4,Apr,46-55,True
484,2023-01-13,2023-01-16,CUST484,Female,19,South,Clothing,Standard,4,300,10.0,1200,1080.0,594.0,42.12,443.88,41.1,9,2023,1,Jan,18-25,False
485,2023-12-04,2023-12-07,CUST485,Male,24,North,Electronics,Priority,1,30,15.0,30,25.5,15.81,30.49,-20.8,-81.57,3,2023,12,Dec,18-25,True
487,2023-07-24,2023-07-27,CUST487,Male,44,East,Clothing,Priority,4,500,,2000,1700.0,935.0,124.21,640.79,37.69,4,2023,7,Jul,36-45,False
488,2023-06-18,2023-06-21,CUST488,Female,51,West,Electronics,Express,3,300,20.0,900,720.0,446.4,193.63,79.97,11.11,1,2023,6,Jun,46-55,True
489,2023-05-23,2023-05-26,CUST489,Male,44,North,Electronics,Standard,1,30,0.0,30,30.0,18.6,18.01,-6.61,-22.03,8,2023,5,May,36-45,True
490,2023-02-05,2023-02-07,CUST490,Male,34,North,Clothing,Priority,3,50,15.0,150,127.5,70.12,84.4,-27.02,-21.19,5,2023,2,Feb,26-35,True
491,2023-05-23,2023-05-26,CUST491,Female,60,West,Electronics,Priority,3,300,0.0,900,900.0,558.0,77.15,264.85,29.43,5,2023,5,May,56-64,True
492,2023-06-29,2023-06-30,CUST492,Male,61,North,Beauty,Priority,4,25,10.0,100,90.0,43.2,93.95,-47.15,-52.39,4,2023,6,Jun,56-64,True
493,2023-11-25,2023-11-27,CUST493,Male,41,North,Beauty,Standard,2,25,15.0,50,42.5,20.4,41.9,-19.8,-46.59,11,2023,11,Nov,36-45,True
494,2023-09-18,2023-09-21,CUST494,Female,42,South,Beauty,Express,4,50,15.0,200,170.0,81.6,181.85,-93.45,-54.97,2,2023,9,Sep,36-45,True
495,2023-07-24,2023-07-25,CUST495,Male,24,North,Beauty,Standard,2,30,20.0,60,48.0,23.04,33.38,-8.42,-17.54,8,2023,7,Jul,18-25,True
496,2023-12-14,2023-12-17,CUST496,Male,23,East,Clothing,Standard,2,300,10.0,600,540.0,297.0,32.74,210.26,38.94,11,2023,12,Dec,18-25,False
497,2023-10-02,2023-10-03,CUST497,Male,41,East,Clothing,Economy,4,30,0.0,120,120.0,66.0,32.78,21.22,17.68,11,2023,10,Oct,36-45,True
498,2023-06-19,2023-06-20,CUST498,Female,50,West,Clothing,Standard,4,25,20.0,100,80.0,44.0,90.86,-54.86,-68.58,8,2023,6,Jun,46-55,True
499,2023-01-15,2023-01-16,CUST499,Male,46,North,Beauty,Economy,2,30,0.0,60,60.0,28.8,23.65,7.55,12.58,19,2023,1,Jan,46-55,True
501,2023-05-14,2023-05-16,CUST501,Male,39,East,Electronics,Standard,2,30,20.0,60,48.0,29.76,44.14,-25.9,-53.96,8,2023,5,May,36-45,True
502,2023-04-02,2023-04-04,CUST502,Male,43,North,Electronics,Express,3,50,10.0,150,135.0,83.7,181.74,-130.44,-96.62,2,2023,4,Apr,36-45,True
503,2023-10-25,2023-10-26,CUST503,Male,45,North,Beauty,Economy,4,500,0.0,2000,2000.0,960.0,32.65,1007.35,50.37,18,2023,10,Oct,36-45,False
504,2023-05-16,2023-05-19,CUST504,Female,38,West,Beauty,Priority,3,50,10.0,150,135.0,64.8,131.44,-61.24,-45.36,5,2023,5,May,36-45,True
505,2023-01-20,2023-01-21,CUST505,Male,24,East,Beauty,Priority,1,50,10.0,50,45.0,21.6,23.41,-0.01,-0.02,4,2023,1,Jan,18-25,True
506,2023-02-25,2023-02-27,CUST506,Male,34,North,Beauty,Priority,3,500,0.0,1500,1500.0,720.0,62.85,717.15,47.81,5,2023,2,Feb,26-35,False
507,2023-11-02,2023-11-05,CUST507,Female,37,West,Electronics,Priority,3,500,0.0,1500,1500.0,930.0,123.17,446.83,29.79,4,2023,11,Nov,36-45,True
508,2023-08-11,2023-08-13,CUST508,Male,58,East,Beauty,Priority,2,300,10.0,600,540.0,259.2,59.71,221.09,40.94,4,2023,8,Aug,56-64,False
509,2023-06-26,2023-06-28,CUST509,Female,37,West,Electronics,Standard,3,300,10.0,900,810.0,502.2,67.2,240.6,29.7,6,2023,6,Jun,36-45,True
510,2023-06-10,2023-06-13,CUST510,Female,39,South,Beauty,Express,4,50,10.0,200,180.0,86.4,262.89,-169.29,-94.05,1,2023,6,Jun,36-45,True
511,2023-08-12,2023-08-13,CUST511,Male,45,North,Beauty,Standard,2,50,0.0,100,100.0,48.0,18.12,33.88,33.88,9,2023,8,Aug,36-45,False
512,2023-11-07,2023-11-08,CUST512,Female,57,South,Beauty,Economy,1,25,10.0,25,22.5,10.8,10.95,0.75,3.33,19,2023,11,Nov,56-64,True
513,2023-09-19,2023-09-20,CUST513,Male,24,East,Electronics,Economy,4,25,,100,90.0,55.8,28.14,6.06,6.73,9,2023,9,Sep,18-25,True
514,2023-03-01,2023-03-02,CUST514,Female,18,South,Electronics,Standard,1,300,25.0,300,225.0,139.5,16.68,68.82,30.59,10,2023,3,Mar,18-25,False
515,2023-07-17,2023-07-20,CUST515,Female,49,South,Clothing,Priority,3,300,5.0,900,855.0,470.25,104.75,280.0,32.75,5,2023,7,Jul,46-55,False
516,2023-10-23,2023-10-26,CUST516,Male,30,East,Beauty,Economy,4,25,0.0,100,100.0,48.0,45.35,6.65,6.65,16,2023,10,Oct,26-35,True
517,2023-04-08,2023-04-11,CUST517,Female,47,West,Clothing,Standard,4,25,0.0,100,100.0,55.0,33.3,11.7,11.7,9,2023,4,Apr,46-55,True
519,2023-01-23,2023-01-26,CUST519,Female,36,West,Electronics,Economy,4,30,5.0,120,114.0,70.68,36.76,6.56,5.75,16,2023,1,Jan,36-45,True
520,2023-12-29,2023-12-30,CUST520,Female,49,South,Electronics,Standard,4,25,0.0,100,100.0,62.0,81.14,-43.14,-43.14,7,2023,12,Dec,46-55,True
522,2023-01-01,2023-01-02,CUST522,Male,46,East,Beauty,Standard,3,500,10.0,1500,1350.0,648.0,30.86,671.14,49.71,10,2023,1,Jan,46-55,False
523,2023-09-24,2023-09-25,CUST523,Female,62,South,Electronics,Economy,1,300,5.0,300,285.0,176.7,5.69,102.61,36.0,14,2023,9,Sep,56-64,False
524,2023-10-03,2023-10-06,CUST524,Male,46,East,Beauty,Economy,4,300,25.0,1200,900.0,432.0,24.91,443.09,49.23,17,2023,10,Oct,46-55,False
525,2023-12-18,2023-12-21,CUST525,Female,47,South,Beauty,Economy,2,25,20.0,50,40.0,19.2,20.48,0.32,0.8,11,2023,12,Dec,46-55,True
526,2023-12-10,2023-12-11,CUST526,Male,33,East,Clothing,Express,2,50,10.0,100,90.0,49.5,82.3,-41.8,-46.44,1,2023,12,Dec,26-35,True
527,2023-04-11,2023-04-12,CUST527,Male,57,East,Clothing,Economy,2,25,0.0,50,50.0,27.5,9.79,12.71,25.42,10,2023,4,Apr,56-64,True
529,2023-08-09,2023-08-12,CUST529,Female,35,South,Clothing,Standard,3,50,5.0,150,142.5,78.38,24.45,39.67,27.84,8,2023,8,Aug,26-35,True
531,2023-12-07,2023-12-09,CUST531,Male,31,North,Electronics,Standard,1,500,5.0,500,475.0,294.5,19.51,160.99,33.89,8,2023,12,Dec,26-35,False
533,2023-11-16,2023-11-17,CUST533,Male,19,,Electronics,Standard,3,500,5.0,1500,1425.0,883.5,39.03,502.47,35.26,9,2023,11,Nov,18-25,False
534,2023-06-10,2023-06-12,CUST534,Male,45,North,Clothing,Standard,2,500,0.0,1000,1000.0,550.0,16.49,433.51,43.35,6,2023,6,Jun,36-45,False
535,2023-12-06,2023-12-08,CUST535,Male,47,East,Beauty,Standard,3,30,25.0,90,67.5,32.4,61.63,-26.53,-39.3,9,2023,12,Dec,46-55,True
536,2023-03-05,2023-03-06,CUST536,Female,55,South,Beauty,Priority,4,30,0.0,120,120.0,57.6,162.09,-99.69,-83.08,4,2023,3,Mar,46-55,True
537,2023-06-03,2023-06-06,CUST537,Female,21,,Beauty,Standard,1,500,0.0,500,500.0,240.0,20.59,239.41,47.88,10,2023,6,Jun,18-25,False
538,2023-09-17,2023-09-20,CUST538,Male,18,East,Clothing,Priority,3,50,10.0,150,135.0,74.25,65.57,-4.82,-3.57,4,2023,9,Sep,18-25,True
539,2023-06-08,2023-06-10,CUST539,Male,25,North,Beauty,Standard,1,500,5.0,500,475.0,228.0,20.81,226.19,47.62,6,2023,6,Jun,18-25,False
540,2023-12-08,2023-12-09,CUST540,Female,46,South,Electronics,Standard,3,300,10.0,900,810.0,502.2,63.22,244.58,30.2,8,2023,12,Dec,46-55,False
541,2023-07-29,2023-08-01,CUST541,Male,56,East,Beauty,Express,1,500,15.0,500,425.0,204.0,56.34,164.66,38.74,1,2023,7,Jul,56-64,False
542,2023-06-17,2023-06-19,CUST542,Female,20,South,Beauty,Priority,1,50,0.0,50,50.0,24.0,38.69,-12.69,-25.38,4,2023,6,Jun,18-25,True
543,2023-07-26,2023-07-28,CUST543,Male,49,East,Beauty,Standard,2,300,10.0,600,540.0,259.2,44.76,236.04,43.71,9,2023,7,Jul,46-55,False
545,2023-06-01,2023-06-03,CUST545,Male,27,North,Clothing,Economy,2,25,10.0,50,45.0,24.75,7.59,12.66,28.13,12,2023,6,Jun,26-35,True
546,2023-10-11,2023-10-14,CUST546,Female,36,West,Electronics,Priority,4,50,0.0,200,200.0,124.0,124.66,-48.66,-24.33,3,2023,10,Oct,36-45,True
547,2023-03-07,2023-03-08,CUST547,Male,63,North,Clothing,Standard,4,500,0.0,2000,2000.0,1100.0,37.28,862.72,43.14,11,2023,3,Mar,56-64,False
548,2023-04-09,2023-04-12,CUST548,Female,51,West,Clothing,Standard,2,30,25.0,60,45.0,24.75,29.86,-9.61,-21.36,11,2023,4,Apr,46-55,True
549,2023-08-04,2023-08-07,CUST549,Female,50,South,Beauty,Economy,2,50,0.0,100,100.0,48.0,13.33,38.67,38.67,17,2023,8,Aug,46-55,False
550,2023-12-07,2023-12-10,CUST550,Male,40,East,Clothing,Standard,3,300,25.0,900,675.0,371.25,27.37,276.38,40.95,9,2023,12,Dec,36-45,False
551,2023-07-14,2023-07-16,CUST551,Male,45,North,Electronics,Economy,3,300,0.0,900,900.0,558.0,18.42,323.58,35.95,17,2023,7,Jul,36-45,False
552,2023-12-13,2023-12-15,CUST552,Female,49,West,Electronics,Express,3,25,0.0,75,75.0,46.5,103.32,-74.82,-99.76,1,2023,12,Dec,46-55,True
553,2023-03-31,2023-04-03,CUST553,Male,24,North,Clothing,Economy,4,300,0.0,1200,1200.0,660.0,41.1,498.9,41.58,18,2023,3,Mar,18-25,False
554,2023-11-12,2023-11-15,CUST554,Female,46,West,Beauty,Priority,3,50,0.0,150,150.0,72.0,130.76,-52.76,-35.17,4,2023,11,Nov,46-55,True
555,2023-10-19,2023-10-20,CUST555,Male,25,North,Beauty,Economy,1,300,5.0,300,285.0,136.8,3.65,144.55,50.72,15,2023,10,Oct,18-25,False
556,2023-06-04,2023-06-05,CUST556,Female,18,West,Electronics,Standard,1,50,25.0,50,37.5,23.25,24.24,-9.99,-26.64,8,2023,6,Jun,18-25,True
557,2023-07-27,2023-07-29,CUST557,Female,20,West,Beauty,Priority,3,30,10.0,90,81.0,38.88,96.33,-54.21,-66.93,3,2023,7,Jul,18-25,True
559,2023-01-01,2023-01-02,CUST559,Female,40,West,Clothing,Express,4,300,0.0,1200,1200.0,660.0,132.3,407.7,33.98,1,2023,1,Jan,36-45,False
560,2023-06-05,2023-06-08,CUST560,Female,25,South,Electronics,Priority,1,50,0.0,50,50.0,31.0,31.52,-12.52,-25.04,5,2023,6,Jun,18-25,True
561,2023-05-27,2023-05-29,CUST561,Female,64,West,Clothing,Economy,4,500,0.0,2000,2000.0,1100.0,40.6,859.4,42.97,9,2023,5,May,56-64,False
562,2023-04-18,2023-04-21,CUST562,Male,54,East,Electronics,Economy,2,25,25.0,50,37.5,23.25,18.73,-4.48,-11.95,19,2023,4,Apr,46-55,True
563,2023-08-09,2023-08-10,CUST563,Male,20,East,Clothing,Priority,2,30,,60,57.0,31.35,38.71,-13.06,-22.91,4,2023,8,Aug,18-25,True
564,2023-10-24,2023-10-26,CUST564,Male,50,East,Electronics,Express,2,50,25.0,100,75.0,46.5,65.83,-37.33,-49.77,2,2023,10,Oct,46-55,True
566,2023-12-02,2023-12-03,CUST566,Female,64,South,Clothing,Priority,1,30,5.0,30,28.5,15.68,25.97,-13.15,-46.14,5,2023,12,Dec,56-64,True
567,2023-06-14,2023-06-16,CUST567,Female,25,South,Clothing,Standard,3,300,0.0,900,900.0,495.0,35.85,369.15,41.02,6,2023,6,Jun,18-25,False
568,2023-08-27,2023-08-28,CUST568,Female,51,West,Electronics,Standard,1,300,20.0,300,240.0,148.8,12.78,78.42,32.67,7,2023,8,Aug,46-55,False
569,2023-08-15,2023-08-17,CUST569,Male,52,East,Electronics,Standard,4,50,0.0,200,200.0,124.0,86.64,-10.64,-5.32,7,2023,8,Aug,46-55,True
570,2023-08-15,2023-08-16,CUST570,Male,49,East,Clothing,Standard,1,500,25.0,500,375.0,206.25,23.8,144.95,38.65,7,2023,8,Aug,46-55,False
571,2023-12-12,2023-12-14,CUST571,Female,41,South,Electronics,Standard,1,50,0.0,50,50.0,31.0,14.89,4.11,8.22,9,2023,12,Dec,36-45,True
572,2023-04-20,2023-04-23,CUST572,Male,31,East,Clothing,Standard,4,500,15.0,2000,1700.0,935.0,93.62,671.38,39.49,8,2023,4,Apr,26-35,False
573,2023-09-19,2023-09-22,CUST573,Male,49,North,Beauty,Standard,2,30,25.0,60,45.0,21.6,26.93,-3.53,-7.84,7,2023,9,Sep,46-55,True
574,2023-08-31,2023-09-03,CUST574,Female,63,South,Electronics,Standard,2,25,0.0,50,50.0,31.0,32.2,-13.2,-26.4,7,2023,8,Aug,56-64,True
575,2023-03-28,2023-03-30,CUST575,Male,60,East,Clothing,Economy,2,50,,100,80.0,44.0,10.07,25.93,32.41,8,2023,3,Mar,56-64,False
576,2023-12-04,2023-12-06,CUST576,Female,33,South,Beauty,Express,3,50,0.0,150,150.0,72.0,166.86,-88.86,-59.24,2,2023,12,Dec,26-35,True
577,2023-02-13,2023-02-16,CUST577,Male,21,North,Beauty,Standard,4,500,5.0,2000,1900.0,912.0,98.57,889.43,46.81,11,2023,2,Feb,18-25,False
578,2023-05-26,2023-05-29,CUST578,Female,54,South,Clothing,Priority,4,30,20.0,120,96.0,52.8,137.18,-93.98,-97.9,4,2023,5,May,46-55,True
579,2023-09-21,2023-09-22,CUST579,Female,38,South,Electronics,Standard,1,30,25.0,30,22.5,13.95,14.08,-5.53,-24.58,6,2023,9,Sep,36-45,True
580,2023-12-06,2023-12-07,CUST580,Female,31,South,Clothing,Economy,3,500,10.0,1500,1350.0,742.5,26.49,581.01,43.04,10,2023,12,Dec,26-35,False
581,2023-11-21,2023-11-22,CUST581,Female,48,South,Beauty,Priority,2,30,0.0,60,60.0,28.8,42.64,-11.44,-19.07,4,2023,11,Nov,46-55,True
582,2023-11-14,2023-11-17,CUST582,Male,35,North,Clothing,Standard,3,300,10.0,900,810.0,445.5,69.32,295.18,36.44,8,2023,11,Nov,26-35,False
584,2023-02-17,2023-02-20,CUST584,Female,27,South,Beauty,Economy,4,50,5.0,200,190.0,91.2,28.18,70.62,37.17,8,2023,2,Feb,26-35,False
585,2023-05-01,2023-05-02,CUST585,Female,24,South,Clothing,Economy,1,25,0.0,25,25.0,13.75,8.27,2.98,11.92,19,2023,5,May,18-25,True
586,2023-12-11,2023-12-13,CUST586,Male,50,East,Electronics,Express,1,50,20.0,50,40.0,24.8,54.99,-39.79,-99.48,1,2023,12,Dec,46-55,True
587,2023-06-08,2023-06-11,CUST587,Female,40,South,Beauty,Priority,4,300,10.0,1200,1080.0,518.4,79.75,481.85,44.62,4,2023,6,Jun,36-45,False
588,2023-04-26,2023-04-28,CUST588,Male,38,East,Electronics,Standard,2,30,25.0,60,45.0,27.9,39.21,-22.11,-49.13,11,2023,4,Apr,36-45,True
589,2023-04-12,2023-04-14,CUST589,Female,36,West,Beauty,Economy,2,500,10.0,1000,900.0,432.0,10.35,457.65,50.85,18,2023,4,Apr,36-45,False
590,2023-03-17,2023-03-19,CUST590,Male,36,North,Clothing,Standard,3,300,25.0,900,675.0,371.25,60.41,243.34,36.05,9,2023,3,Mar,36-45,False
591,2023-01-13,2023-01-14,CUST591,Male,53,North,Electronics,Economy,4,25,0.0,100,100.0,62.0,41.61,-3.61,-3.61,14,2023,1,Jan,46-55,True
592,2023-01-24,2023-01-26,CUST592,Female,46,West,Beauty,Priority,4,500,20.0,2000,1600.0,768.0,158.83,673.17,42.07,4,2023,1,Jan,46-55,False
593,2023-05-06,2023-05-09,CUST593,Male,35,North,Electronics,Priority,2,30,0.0,60,60.0,37.2,65.84,-43.04,-71.73,4,2023,5,May,26-35,True
594,2023-09-01,2023-09-02,CUST594,Female,19,West,Electronics,Express,2,300,0.0,600,600.0,372.0,101.61,126.39,21.06,1,2023,9,Sep,18-25,True
595,2023-11-09,2023-11-12,CUST595,Female,18,West,Clothing,Standard,4,500,10.0,2000,1800.0,990.0,41.72,768.28,42.68,10,2023,11,Nov,18-25,False
596,2023-02-07,2023-02-10,CUST596,Female,64,West,Electronics,Standard,1,300,0.0,300,300.0,186.0,21.18,92.82,30.94,9,2023,2,Feb,56-64,False
597,2023-08-22,2023-08-23,CUST597,Male,22,North,Beauty,Standard,4,300,25.0,1200,900.0,432.0,50.46,417.54,46.39,11,2023,8,Aug,18-25,False
598,2023-08-01,2023-08-04,CUST598,Male,37,East,Beauty,Standard,4,30,0.0,120,120.0,57.6,65.78,-3.38,-2.82,9,2023,8,Aug,36-45,True
599,2023-11-19,2023-11-22,CUST599,Female,28,West,Beauty,Priority,2,50,25.0,100,75.0,36.0,51.35,-12.35,-16.47,4,2023,11,Nov,26-35,True
600,2023-10-22,2023-10-23,CUST600,Female,59,South,Beauty,Standard,2,500,0.0,1000,1000.0,480.0,20.55,499.45,49.94,10,2023,10,Oct,56-64,False
601,2023-04-10,2023-04-13,CUST601,Male,19,North,Clothing,Standard,1,30,10.0,30,27.0,14.85,18.7,-6.55,-24.26,9,2023,4,Apr,18-25,True
602,2023-12-23,2023-12-25,CUST602,Female,20,West,Electronics,Economy,1,300,5.0,300,285.0,176.7,3.49,104.81,36.78,19,2023,12,Dec,18-25,False
603,2023-07-16,2023-07-19,CUST603,Female,40,West,Clothing,Economy,3,30,10.0,90,81.0,44.55,29.21,7.24,8.94,8,2023,7,Jul,36-45,True
604,2023-09-11,2023-09-13,CUST604,Female,29,South,Electronics,Economy,4,50,25.0,200,150.0,93.0,23.43,33.57,22.38,19,2023,9,Sep,26-35,True
605,2023-07-24,2023-07-27,CUST605,Male,37,East,Electronics,Economy,2,500,0.0,1000,1000.0,620.0,6.0,374.0,37.4,15,2023,7,Jul,36-45,False
606,2023-05-05,2023-05-06,CUST606,Male,22,East,Electronics,Standard,1,50,20.0,50,40.0,24.8,16.69,-1.49,-3.72,6,2023,5,May,18-25,True
607,2023-03-17,2023-03-18,CUST607,Male,54,East,Clothing,Standard,3,25,15.0,75,63.75,35.06,26.39,2.3,3.61,10,2023,3,Mar,46-55,True
608,2023-12-02,2023-12-05,CUST608,Female,55,West,Electronics,Priority,3,500,5.0,1500,1425.0,883.5,76.37,465.13,32.64,5,2023,12,Dec,46-55,False
609,2023-12-19,2023-12-20,CUST609,Female,47,West,Clothing,Priority,2,50,0.0,100,100.0,55.0,74.18,-29.18,-29.18,4,2023,12,Dec,46-55,True
610,2023-01-03,2023-01-06,CUST610,Female,26,West,Beauty,Standard,2,300,5.0,600,570.0,273.6,18.13,278.27,48.82,11,2023,1,Jan,26-35,False
611,2023-02-24,2023-02-25,CUST611,Male,51,North,Beauty,Priority,3,500,20.0,1500,1200.0,576.0,121.99,502.01,41.83,3,2023,2,Feb,46-55,False
612,2023-08-06,2023-08-08,CUST612,Female,61,South,Electronics,Standard,1,500,0.0,500,500.0,310.0,8.06,181.94,36.39,10,2023,8,Aug,56-64,False
613,2023-04-23,2023-04-26,CUST613,Female,52,West,Clothing,Standard,3,30,20.0,90,72.0,39.6,36.59,-4.19,-5.82,8,2023,4,Apr,46-55,True
614,2023-04-01,2023-04-03,CUST614,Female,39,South,Beauty,Express,4,300,0.0,1200,1200.0,576.0,238.54,385.46,32.12,1,2023,4,Apr,36-45,False
616,2023-09-23,2023-09-26,CUST616,Male,41,East,Clothing,Express,2,50,0.0,100,100.0,55.0,68.15,-23.15,-23.15,2,2023,9,Sep,36-45,True
617,2023-08-26,2023-08-28,CUST617,Male,34,,Electronics,Standard,1,30,0.0,30,30.0,18.6,14.12,-2.72,-9.07,11,2023,8,Aug,26-35,True
618,2023-01-26,2023-01-29,CUST618,Female,27,West,Beauty,Economy,1,50,0.0,50,50.0,24.0,5.43,20.57,41.14,9,2023,1,Jan,26-35,False
619,2023-10-13,2023-10-15,CUST619,Male,47,East,Electronics,Standard,4,25,10.0,100,90.0,55.8,89.3,-55.1,-61.22,11,2023,10,Oct,46-55,True
620,2023-05-08,2023-05-11,CUST620,Male,63,East,Electronics,Standard,3,25,10.0,75,67.5,41.85,39.98,-14.33,-21.23,6,2023,5,May,56-64,True
621,2023-03-04,2023-03-07,CUST621,Female,40,West,Beauty,Economy,2,500,15.0,1000,850.0,408.0,20.2,421.8,49.62,15,2023,3,Mar,36-45,False
622,2023-08-22,2023-08-23,CUST622,Female,49,,Beauty,Economy,3,25,15.0,75,63.75,30.6,33.08,0.07,0.11,18,2023,8,Aug,46-55,True
623,2023-03-10,2023-03-13,CUST623,Male,34,East,Clothing,Economy,3,50,25.0,150,112.5,61.88,20.71,29.91,26.59,15,2023,3,Mar,26-35,True
624,2023-08-26,2023-08-29,CUST624,Female,34,South,Beauty,Priority,3,300,25.0,900,675.0,324.0,127.71,223.29,33.08,5,2023,8,Aug,26-35,False
625,2023-12-08,2023-12-10,CUST625,Male,31,North,Clothing,Priority,1,300,25.0,300,225.0,123.75,28.19,73.06,32.47,3,2023,12,Dec,26-35,False
626,2023-09-29,2023-10-02,CUST626,Female,26,South,Clothing,Express,4,500,0.0,2000,2000.0,1100.0,274.25,625.75,31.29,1,2023,9,Sep,26-35,False
627,2023-10-14,2023-10-15,CUST627,Male,57,North,Clothing,Standard,1,50,15.0,50,42.5,23.38,9.52,9.6,22.59,10,2023,10,Oct,56-64,True
628,2023-11-01,2023-11-03,CUST628,Female,19,South,Beauty,Express,4,50,20.0,200,160.0,76.8,229.92,-146.72,-91.7,2,2023,11,Nov,18-25,True
629,2023-06-12,2023-06-14,CUST629,Male,62,East,Electronics,Standard,2,25,25.0,50,37.5,23.25,32.79,-18.54,-49.44,7,2023,6,Jun,56-64,True
630,2023-08-15,2023-08-16,CUST630,Male,42,East,Clothing,Standard,2,50,25.0,100,75.0,41.25,29.18,4.57,6.09,7,2023,8,Aug,36-45,True
631,2023-11-10,2023-11-12,CUST631,Male,56,North,Electronics,Priority,3,30,5.0,90,85.5,53.01,105.25,-72.76,-85.1,5,2023,11,Nov,56-64,True
633,2023-08-07,2023-08-09,CUST633,Male,39,North,Beauty,Standard,4,30,20.0,120,96.0,46.08,32.3,17.62,18.35,11,2023,8,Aug,36-45,True
634,2023-10-08,2023-10-10,CUST634,Male,60,North,Electronics,Standard,4,500,25.0,2000,1500.0,930.0,43.35,526.65,35.11,10,2023,10,Oct,56-64,False
635,2023-08-17,2023-08-18,CUST635,Female,63,South,Electronics,Priority,3,300,25.0,900,675.0,418.5,111.76,144.74,21.44,4,2023,8,Aug,56-64,True
636,2023-03-23,2023-03-24,CUST636,Female,21,South,Beauty,Standard,3,500,25.0,1500,1125.0,540.0,57.99,527.01,46.85,8,2023,3,Mar,18-25,False
637,2023-09-01,2023-09-03,CUST637,Male,43,North,Clothing,Economy,2,300,0.0,600,600.0,330.0,23.39,246.61,41.1,11,2023,9,Sep,36-45,False
638,2023-08-19,2023-08-21,CUST638,Male,46,East,Electronics,Express,1,500,0.0,500,500.0,310.0,60.44,129.56,25.91,2,2023,8,Aug,46-55,True
639,2023-05-13,2023-05-14,CUST639,Female,62,South,Beauty,Express,4,50,0.0,200,200.0,96.0,272.12,-168.12,-84.06,1,2023,5,May,56-64,True
641,2023-11-23,2023-11-24,CUST641,Female,40,South,Electronics,Priority,1,300,0.0,300,300.0,186.0,26.05,87.95,29.32,5,2023,11,Nov,36-45,True
642,2023-05-22,2023-05-24,CUST642,Female,54,South,Clothing,Standard,4,25,0.0,100,100.0,55.0,39.16,5.84,5.84,8,2023,5,May,46-55,True
643,2023-09-24,2023-09-26,CUST643,Female,28,West,Electronics,Priority,3,30,0.0,90,90.0,55.8,117.33,-83.13,-92.37,3,2023,9,Sep,26-35,True
645,2023-11-17,2023-11-18,CUST645,Female,35,West,Electronics,Standard,4,30,15.0,120,102.0,63.24,35.28,3.48,3.41,8,2023,11,Nov,26-35,True
646,2023-05-03,2023-05-05,CUST646,Male,38,North,Clothing,Economy,3,30,5.0,90,85.5,47.03,18.72,19.75,23.1,18,2023,5,May,36-45,True
647,2023-05-21,2023-05-22,CUST647,Male,59,North,Clothing,Priority,3,500,15.0,1500,1275.0,701.25,131.5,442.25,34.69,5,2023,5,May,56-64,False
648,2023-08-14,2023-08-16,CUST648,Male,53,North,Beauty,Priority,4,300,0.0,1200,1200.0,576.0,126.04,497.96,41.5,5,2023,8,Aug,46-55,False
649,2023-02-09,2023-02-10,CUST649,Female,58,West,Clothing,Economy,2,300,0.0,600,600.0,330.0,13.79,256.21,42.7,8,2023,2,Feb,56-64,False
650,2024-01-01,2024-01-03,CUST650,Male,55,North,Electronics,Economy,1,30,0.0,30,30.0,18.6,7.12,4.28,14.27,10,2024,1,Jan,46-55,True
651,2023-05-27,2023-05-30,CUST651,Male,51,East,Clothing,Priority,3,50,0.0,150,150.0,82.5,70.92,-3.42,-2.28,5,2023,5,May,46-55,True
652,2023-05-01,2023-05-04,CUST652,Female,34,West,Beauty,Priority,2,50,20.0,100,80.0,38.4,55.91,-14.31,-17.89,5,2023,5,May,26-35,True
653,2023-05-20,2023-05-21,CUST653,Male,54,East,Clothing,Priority,3,25,,75,63.75,35.06,83.95,-55.26,-86.68,3,2023,5,May,46-55,True
654,2023-06-21,2023-06-23,CUST654,Male,42,North,Clothing,Priority,3,25,,75,60.0,33.0,58.24,-31.24,-52.07,5,2023,6,Jun,36-45,True
655,2023-06-13,2023-06-15,CUST655,Female,55,South,Clothing,Priority,1,500,0.0,500,500.0,275.0,38.72,186.28,37.26,4,2023,6,Jun,46-55,False
656,2023-10-04,2023-10-05,CUST656,Male,29,,Beauty,Priority,3,30,0.0,90,90.0,43.2,87.74,-40.94,-45.49,5,2023,10,Oct,26-35,True
657,2023-02-11,2023-02-13,CUST657,Male,40,East,Clothing,Standard,1,25,10.0,25,22.5,12.38,21.98,-11.86,-52.71,11,2023,2,Feb,36-45,True
658,2023-03-12,2023-03-13,CUST658,Male,59,East,Clothing,Economy,1,25,5.0,25,23.75,13.06,10.65,0.04,0.17,19,2023,3,Mar,56-64,True
659,2023-03-19,2023-03-21,CUST659,Female,39,West,Electronics,Economy,1,30,5.0,30,28.5,17.67,4.91,5.92,20.77,12,2023,3,Mar,36-45,True
660,2023-04-29,2023-04-30,CUST660,Female,38,,Beauty,Standard,2,500,0.0,1000,1000.0,480.0,38.35,481.65,48.16,8,2023,4,Apr,36-45,False
662,2023-12-22,2023-12-23,CUST662,Male,48,East,Beauty,Standard,2,500,0.0,1000,1000.0,480.0,45.93,474.07,47.41,11,2023,12,Dec,46-55,False
663,2023-03-20,2023-03-22,CUST663,Male,23,North,Clothing,Standard,4,300,15.0,1200,1020.0,561.0,46.67,412.33,40.42,11,2023,3,Mar,18-25,False
664,2023-12-28,2023-12-31,CUST664,Female,44,South,Clothing,Priority,4,500,10.0,2000,1800.0,990.0,145.2,664.8,36.93,4,2023,12,Dec,36-45,False
665,2023-04-20,2023-04-22,CUST665,Male,57,,Clothing,Standard,1,50,10.0,50,45.0,24.75,18.33,1.92,4.27,6,2023,4,Apr,56-64,True
666,2023-02-02,2023-02-03,CUST666,Male,51,North,Electronics,Priority,3,50,25.0,150,112.5,69.75,77.92,-35.17,-31.26,5,2023,2,Feb,46-55,True
667,2023-08-01,2023-08-04,CUST667,Female,29,South,Electronics,Priority,1,500,20.0,500,400.0,248.0,21.69,130.31,32.58,5,2023,8,Aug,26-35,False
669,2023-06-19,2023-06-22,CUST669,Male,24,North,Beauty,Standard,4,300,25.0,1200,900.0,432.0,82.22,385.78,42.86,8,2023,6,Jun,18-25,False
670,2023-10-05,2023-10-07,CUST670,Male,27,East,Beauty,Standard,1,30,25.0,30,22.5,10.8,13.37,-1.67,-7.42,7,2023,10,Oct,26-35,True
671,2023-08-27,2023-08-30,CUST671,Male,62,North,Electronics,Priority,3,50,5.0,150,142.5,88.35,106.23,-52.08,-36.55,5,2023,8,Aug,56-64,True
672,2023-08-01,2023-08-02,CUST672,Female,34,South,Beauty,Economy,2,50,0.0,100,100.0,48.0,13.11,38.89,38.89,10,2023,8,Aug,26-35,False
673,2023-02-01,2023-02-03,CUST673,Female,43,South,Clothing,Priority,3,500,0.0,1500,1500.0,825.0,111.77,563.23,37.55,3,2023,2,Feb,36-45,False
674,2023-04-16,2023-04-18,CUST674,Female,38,South,Clothing,Standard,1,300,0.0,300,300.0,165.0,11.39,123.61,41.2,10,2023,4,Apr,36-45,False
676,2023-07-19,2023-07-22,CUST676,Male,63,North,Electronics,Express,3,500,0.0,1500,1500.0,930.0,124.49,445.51,29.7,2,2023,7,Jul,56-64,True
677,2023-10-27,2023-10-28,CUST677,Female,19,West,Beauty,Priority,3,500,25.0,1500,1125.0,540.0,83.79,501.21,44.55,5,2023,10,Oct,18-25,False
678,2023-12-23,2023-12-24,CUST678,Female,60,West,Electronics,Standard,3,300,0.0,900,900.0,558.0,26.96,315.04,35.0,6,2023,12,Dec,56-64,False
679,2023-01-11,2023-01-14,CUST679,Female,18,South,Beauty,Priority,3,30,20.0,90,72.0,34.56,63.03,-25.59,-35.54,3,2023,1,Jan,18-25,True
680,2023-10-22,2023-10-23,CUST680,Female,53,South,Clothing,Express,3,300,0.0,900,900.0,495.0,151.9,253.1,28.12,1,2023,10,Oct,46-55,True
681,2023-07-14,2023-07-16,CUST681,Female,43,West,Electronics,Economy,2,30,0.0,60,60.0,37.2,10.82,11.98,19.97,10,2023,7,Jul,36-45,True
682,2023-09-02,2023-09-04,CUST682,Male,46,North,Beauty,Standard,4,300,25.0,1200,900.0,432.0,88.81,379.19,42.13,8,2023,9,Sep,46-55,False
683,2023-01-04,2023-01-06,CUST683,Male,38,East,Beauty,Priority,2,500,0.0,1000,1000.0,480.0,36.79,483.21,48.32,4,2023,1,Jan,36-45,False
684,2023-06-30,2023-07-01,CUST684,Female,28,West,Clothing,Economy,2,500,15.0,1000,850.0,467.5,12.82,369.68,43.49,17,2023,6,Jun,26-35,False
685,2023-06-02,2023-06-04,CUST685,Male,57,North,Electronics,Standard,2,25,5.0,50,47.5,29.45,27.47,-9.42,-19.83,10,2023,6,Jun,56-64,True
686,2023-07-19,2023-07-21,CUST686,Female,28,South,Electronics,Economy,4,50,0.0,200,200.0,124.0,12.7,63.3,31.65,18,2023,7,Jul,26-35,False
687,2023-08-03,2023-08-05,CUST687,Female,53,South,Electronics,Priority,1,300,0.0,300,300.0,186.0,21.36,92.64,30.88,3,2023,8,Aug,46-55,False
688,2023-10-03,2023-10-05,CUST688,Male,56,North,Clothing,Standard,4,25,0.0,100,100.0,55.0,60.13,-15.13,-15.13,9,2023,10,Oct,56-64,True
689,2023-10-07,2023-10-09,CUST689,Male,57,East,Electronics,Standard,2,50,15.0,100,85.0,52.7,32.76,-0.46,-0.54,8,2023,10,Oct,56-64,True
690,2023-11-05,2023-11-07,CUST690,Female,52,South,Clothing,Priority,3,300,5.0,900,855.0,470.25,86.75,298.0,34.85,5,2023,11,Nov,46-55,False
691,2023-04-23,2023-04-24,CUST691,Female,51,South,Clothing,Standard,3,30,15.0,90,76.5,42.08,51.08,-16.66,-21.78,8,2023,4,Apr,46-55,True
692,2023-09-07,2023-09-09,CUST692,Female,64,South,Clothing,Express,2,50,5.0,100,95.0,52.25,107.61,-64.86,-68.27,2,2023,9,Sep,56-64,True
693,2023-04-23,2023-04-25,CUST693,Male,41,North,Beauty,Standard,3,500,10.0,1500,1350.0,648.0,24.51,677.49,50.18,7,2023,4,Apr,36-45,False
694,2023-05-20,2023-05-23,CUST694,Female,39,West,Electronics,Priority,2,25,5.0,50,47.5,29.45,61.06,-43.01,-90.55,5,2023,5,May,36-45,True
695,2023-08-12,2023-08-13,CUST695,Female,22,South,Electronics,Standard,3,50,25.0,150,112.5,69.75,73.14,-30.39,-27.01,9,2023,8,Aug,18-25,True
696,2023-09-06,2023-09-07,CUST696,Female,50,West,Clothing,Economy,4,50,0.0,200,200.0,110.0,30.69,59.31,29.66,12,2023,9,Sep,46-55,True
697,2023-01-15,2023-01-16,CUST697,Male,53,East,Clothing,Economy,1,500,15.0,500,425.0,233.75,9.1,182.15,42.86,18,2023,1,Jan,46-55,False
698,2023-07-19,2023-07-20,CUST698,Female,64,South,Electronics,Economy,1,300,0.0,300,300.0,186.0,5.81,108.19,36.06,12,2023,7,Jul,56-64,False
700,2023-12-09,2023-12-11,CUST700,Male,36,East,Electronics,Standard,4,500,10.0,2000,1800.0,1116.0,84.56,599.44,33.3,10,2023,12,Dec,36-45,False
701,2023-12-14,2023-12-17,CUST701,Female,52,South,Beauty,Priority,2,30,0.0,60,60.0,28.8,64.15,-32.95,-54.92,4,2023,12,Dec,46-55,True
702,2023-07-27,2023-07-30,CUST702,Female,60,West,Clothing,Standard,2,300,0.0,600,600.0,330.0,49.18,220.82,36.8,9,2023,7,Jul,56-64,False
703,2023-03-26,2023-03-27,CUST703,Male,34,North,Electronics,Standard,2,50,25.0,100,75.0,46.5,20.27,8.23,10.97,11,2023,3,Mar,26-35,True
704,2023-08-28,2023-08-31,CUST704,Female,62,West,Clothing,Standard,3,30,15.0,90,76.5,42.08,24.86,9.56,12.5,6,2023,8,Aug,56-64,True
707,2023-10-01,2023-10-02,CUST707,Female,26,West,Clothing,Priority,1,500,0.0,500,500.0,275.0,21.25,203.75,40.75,3,2023,10,Oct,26-35,False
708,2023-01-14,2023-01-17,CUST708,Female,43,West,Beauty,Express,3,300,5.0,900,855.0,410.4,121.87,322.73,37.75,2,2023,1,Jan,36-45,False
709,2023-07-21,2023-07-23,CUST709,Female,19,West,Electronics,Standard,2,500,0.0,1000,1000.0,620.0,16.6,363.4,36.34,8,2023,7,Jul,18-25,False
710,2023-10-31,2023-11-03,CUST710,Female,26,West,Electronics,Economy,3,500,20.0,1500,1200.0,744.0,16.92,439.08,36.59,18,2023,10,Oct,26-35,False
711,2023-10-16,2023-10-19,CUST711,Male,26,East,Electronics,Express,3,500,0.0,1500,1500.0,930.0,182.78,387.22,25.81,1,2023,10,Oct,26-35,True
713,2023-01-14,2023-01-16,CUST713,Male,34,North,Beauty,Standard,3,25,10.0,75,67.5,32.4,41.75,-6.65,-9.85,8,2023,1,Jan,26-35,True
714,2023-02-12,2023-02-13,CUST714,Female,18,West,Clothing,Priority,1,500,15.0,500,425.0,233.75,28.04,163.21,38.4,5,2023,2,Feb,18-25,False
715,2023-11-26,2023-11-27,CUST715,Female,42,West,Beauty,Priority,4,25,10.0,100,90.0,43.2,72.15,-25.35,-28.17,4,2023,11,Nov,36-45,True
716,2023-08-08,2023-08-11,CUST716,Female,60,West,Clothing,Standard,4,300,15.0,1200,1020.0,561.0,52.39,406.61,39.86,7,2023,8,Aug,56-64,False
717,2023-03-11,2023-03-13,CUST717,Male,57,East,Clothing,Standard,1,500,25.0,500,375.0,206.25,18.99,149.76,39.94,8,2023,3,Mar,56-64,False
720,2023-01-26,2023-01-28,CUST720,Female,56,West,Beauty,Standard,3,500,15.0,1500,1275.0,612.0,25.2,637.8,50.02,6,2023,1,Jan,56-64,False
721,2023-05-14,2023-05-17,CUST721,Female,52,South,Clothing,Economy,1,500,20.0,500,400.0,220.0,11.09,168.91,42.23,18,2023,5,May,46-55,False
722,2023-07-14,2023-07-15,CUST722,Male,20,East,Beauty,Standard,3,300,20.0,900,720.0,345.6,63.94,310.46,43.12,6,2023,7,Jul,18-25,False
723,2023-06-17,2023-06-18,CUST723,Female,54,West,Beauty,Express,4,50,5.0,200,190.0,91.2,244.86,-146.06,-76.87,1,2023,6,Jun,46-55,True
724,2023-04-19,2023-04-21,CUST724,Male,61,North,Clothing,Economy,3,50,25.0,150,112.5,61.88,21.37,29.25,26.0,13,2023,4,Apr,56-64,True
725,2023-08-21,2023-08-24,CUST725,Male,61,North,Electronics,Express,1,300,0.0,300,300.0,186.0,45.92,68.08,22.69,2,2023,8,Aug,56-64,True
726,2023-06-17,2023-06-19,CUST726,Male,47,North,Clothing,Priority,4,300,25.0,1200,900.0,495.0,104.71,300.29,33.37,4,2023,6,Jun,46-55,False
727,2023-06-22,2023-06-23,CUST727,Male,55,East,Beauty,Standard,3,300,15.0,900,765.0,367.2,27.35,370.45,48.42,8,2023,6,Jun,46-55,False
728,2023-07-14,2023-07-15,CUST728,Male,51,East,Electronics,Standard,3,50,15.0,150,127.5,79.05,35.64,12.81,10.05,6,2023,7,Jul,46-55,True
729,2023-05-23,2023-05-26,CUST729,Male,29,North,Clothing,Economy,4,300,0.0,1200,1200.0,660.0,20.88,519.12,43.26,14,2023,5,May,26-35,False
731,2023-05-10,2023-05-13,CUST731,Male,54,East,Clothing,Economy,4,500,15.0,2000,1700.0,935.0,38.91,726.09,42.71,8,2023,5,May,46-55,False
732,2023-02-11,2023-02-13,CUST732,Male,61,North,Electronics,Standard,2,500,5.0,1000,950.0,589.0,32.11,328.89,34.62,9,2023,2,Feb,56-64,False
733,2023-08-29,2023-09-01,CUST733,Male,34,North,Beauty,Standard,1,30,10.0,30,27.0,12.96,8.98,5.06,18.74,11,2023,8,Aug,26-35,True
734,2023-01-10,2023-01-13,CUST734,Female,27,West,Clothing,Standard,1,30,10.0,30,27.0,14.85,24.28,-12.13,-44.93,11,2023,1,Jan,26-35,True
735,2023-10-04,2023-10-05,CUST735,Female,64,South,Clothing,Priority,4,500,0.0,2000,2000.0,1100.0,173.81,726.19,36.31,4,2023,10,Oct,56-64,False
736,2023-01-27,2023-01-28,CUST736,Male,29,East,Clothing,Standard,4,25,0.0,100,100.0,55.0,85.39,-40.39,-40.39,6,2023,1,Jan,26-35,True
737,2023-06-29,2023-07-02,CUST737,Female,33,West,Clothing,Economy,1,50,10.0,50,45.0,24.75,11.92,8.33,18.51,9,2023,6,Jun,26-35,True
738,2023-04-25,2023-04-28,CUST738,Male,41,North,Clothing,Express,2,50,10.0,100,90.0,49.5,103.56,-63.06,-70.07,2,2023,4,Apr,36-45,True
739,2023-11-29,2023-11-30,CUST739,Male,36,North,Beauty,Economy,1,25,20.0,25,20.0,9.6,11.66,-1.26,-6.3,9,2023,11,Nov,36-45,True
740,2023-02-05,2023-02-08,CUST740,Female,25,West,Beauty,Standard,4,50,,200,190.0,91.2,37.14,61.66,32.45,6,2023,2,Feb,18-25,False
741,2023-11-30,2023-12-02,CUST741,Male,48,East,Clothing,Economy,1,300,0.0,300,300.0,165.0,6.29,128.71,42.9,14,2023,11,Nov,46-55,False
742,2023-01-21,2023-01-23,CUST742,Female,38,South,Electronics,Priority,4,500,0.0,2000,2000.0,1240.0,96.34,663.66,33.18,5,2023,1,Jan,36-45,False
743,2023-01-16,2023-01-18,CUST743,Female,34,South,Beauty,Priority,4,500,20.0,2000,1600.0,768.0,93.15,738.85,46.18,5,2023,1,Jan,26-35,False
744,2023-05-07,2023-05-10,CUST744,Male,40,North,Electronics,Priority,1,25,,25,20.0,12.4,21.8,-14.2,-71.0,5,2023,5,May,36-45,True
745,2023-04-13,2023-04-14,CUST745,Male,54,East,Beauty,Priority,2,50,0.0,100,100.0,48.0,69.61,-17.61,-17.61,4,2023,4,Apr,46-55,True
747,2023-11-15,2023-11-18,CUST747,Male,23,East,Beauty,Standard,1,30,25.0,30,22.5,10.8,17.83,-6.13,-27.24,11,2023,11,Nov,18-25,True
748,2023-03-20,2023-03-21,CUST748,Male,25,East,Clothing,Standard,3,50,5.0,150,142.5,78.38,31.5,32.62,22.89,8,2023,3,Mar,18-25,True
749,2023-05-03,2023-05-04,CUST749,Male,42,North,Beauty,Economy,1,30,10.0,30,27.0,12.96,10.3,3.74,13.85,19,2023,5,May,36-45,True
751,2023-08-31,2023-09-02,CUST751,Female,42,West,Clothing,Priority,2,25,0.0,50,50.0,27.5,56.96,-34.46,-68.92,4,2023,8,Aug,36-45,True
752,2023-12-09,2023-12-12,CUST752,Male,29,North,Clothing,Express,2,50,10.0,100,90.0,49.5,113.93,-73.43,-81.59,1,2023,12,Dec,26-35,True
753,2023-02-28,2023-03-01,CUST753,Female,32,South,Clothing,Standard,1,30,10.0,30,27.0,14.85,12.42,-0.27,-1.0,10,2023,2,Feb,26-35,True
754,2023-10-16,2023-10-19,CUST754,Female,43,South,Electronics,Standard,4,25,0.0,100,100.0,62.0,55.47,-17.47,-17.47,7,2023,10,Oct,36-45,True
756,2023-08-27,2023-08-29,CUST756,Female,62,South,Electronics,Express,4,300,0.0,1200,1200.0,744.0,166.48,289.52,24.13,1,2023,8,Aug,56-64,True
757,2023-12-25,2023-12-26,CUST757,Female,43,South,Electronics,Standard,4,300,20.0,1200,960.0,595.2,63.96,300.84,31.34,11,2023,12,Dec,36-45,False
759,2023-07-08,2023-07-11,CUST759,Male,49,North,Electronics,Standard,2,50,0.0,100,100.0,62.0,40.06,-2.06,-2.06,9,2023,7,Jul,46-55,True
760,2023-03-27,2023-03-28,CUST760,Male,27,East,Beauty,Express,1,500,20.0,500,400.0,192.0,32.49,175.51,43.88,2,2023,3,Mar,26-35,False
761,2023-11-07,2023-11-10,CUST761,Female,33,West,Clothing,Standard,1,500,10.0,500,450.0,247.5,10.5,192.0,42.67,7,2023,11,Nov,26-35,False
762,2023-11-07,2023-11-08,CUST762,Female,24,South,Electronics,Priority,2,25,15.0,50,42.5,26.35,36.42,-20.27,-47.69,5,2023,11,Nov,18-25,True
763,2023-02-28,2023-03-03,CUST763,Male,34,North,Clothing,Standard,2,25,20.0,50,40.0,22.0,37.45,-19.45,-48.62,9,2023,2,Feb,26-35,True
765,2023-06-09,2023-06-12,CUST765,Male,43,North,Clothing,Standard,4,50,,200,160.0,88.0,41.13,30.87,19.29,8,2023,6,Jun,36-45,True
766,2023-02-25,2023-02-28,CUST766,Male,38,East,Electronics,Standard,3,300,0.0,900,900.0,558.0,72.85,269.15,29.91,11,2023,2,Feb,36-45,True
767,2023-10-24,2023-10-26,CUST767,Male,39,North,Beauty,Standard,3,25,25.0,75,56.25,27.0,51.01,-21.76,-38.68,9,2023,10,Oct,36-45,True
769,2023-06-09,2023-06-10,CUST769,Female,31,West,Electronics,Priority,4,30,20.0,120,96.0,59.52,126.07,-89.59,-93.32,3,2023,6,Jun,26-35,True
770,2023-10-22,2023-10-24,CUST770,Male,32,North,Clothing,Standard,1,50,25.0,50,37.5,20.62,19.55,-2.67,-7.12,7,2023,10,Oct,26-35,True
771,2023-12-13,2023-12-15,CUST771,Male,24,North,Electronics,Priority,2,25,0.0,50,50.0,31.0,40.12,-21.12,-42.24,4,2023,12,Dec,18-25,True
772,2023-07-12,2023-07-15,CUST772,Male,26,North,Electronics,Economy,1,30,0.0,30,30.0,18.6,5.47,5.93,19.77,8,2023,7,Jul,26-35,True
773,2023-07-23,2023-07-25,CUST773,Male,25,North,Electronics,Priority,4,500,25.0,2000,1500.0,930.0,159.15,410.85,27.39,5,2023,7,Jul,18-25,True
774,2023-04-12,2023-04-15,CUST774,Female,40,West,Clothing,Standard,2,25,,50,37.5,20.62,31.63,-14.75,-39.33,11,2023,4,Apr,36-45,True
776,2023-10-31,2023-11-03,CUST776,Male,35,North,Clothing,Standard,3,30,5.0,90,85.5,47.03,46.07,-7.6,-8.89,8,2023,10,Oct,26-35,True
777,2023-12-20,2023-12-22,CUST777,Male,48,North,Electronics,Standard,3,50,10.0,150,135.0,83.7,26.24,25.06,18.56,10,2023,12,Dec,46-55,True
778,2023-11-18,2023-11-19,CUST778,Female,47,West,Beauty,Economy,4,25,0.0,100,100.0,48.0,17.97,34.03,34.03,18,2023,11,Nov,46-55,False
779,2023-05-05,2023-05-08,CUST779,Female,56,West,Electronics,Standard,2,500,0.0,1000,1000.0,620.0,31.15,348.85,34.89,8,2023,5,May,56-64,False
781,2023-12-23,2023-12-24,CUST781,Male,35,North,Beauty,Priority,1,500,25.0,500,375.0,180.0,19.35,175.65,46.84,5,2023,12,Dec,26-35,False
782,2023-06-04,2023-06-06,CUST782,Male,59,East,Clothing,Priority,3,300,0.0,900,900.0,495.0,122.34,282.66,31.41,5,2023,6,Jun,56-64,False
783,2023-12-17,2023-12-18,CUST783,Female,56,West,Clothing,Express,1,300,25.0,300,225.0,123.75,69.25,32.0,14.22,1,2023,12,Dec,56-64,True
784,2023-11-04,2023-11-06,CUST784,Female,34,West,Electronics,Standard,1,500,25.0,500,375.0,232.5,21.48,121.02,32.27,8,2023,11,Nov,26-35,False
785,2023-03-03,2023-03-04,CUST785,Female,31,South,Beauty,Standard,4,50,0.0,200,200.0,96.0,90.06,13.94,6.97,8,2023,3,Mar,26-35,True
787,2023-01-22,2023-01-23,CUST787,Male,41,East,Electronics,Standard,1,25,0.0,25,25.0,15.5,24.33,-14.83,-59.32,10,2023,1,Jan,36-45,True
788,2023-06-27,2023-06-30,CUST788,Female,52,West,Beauty,Standard,3,300,0.0,900,900.0,432.0,34.04,433.96,48.22,7,2023,6,Jun,46-55,False
789,2023-09-30,2023-10-03,CUST789,Female,61,West,Clothing,Standard,4,500,0.0,2000,2000.0,1100.0,96.7,803.3,40.16,6,2023,9,Sep,56-64,False
790,2023-08-08,2023-08-09,CUST790,Male,62,East,Clothing,Standard,1,25,10.0,25,22.5,12.38,24.91,-14.79,-65.73,6,2023,8,Aug,56-64,True
791,2023-12-05,2023-12-08,CUST791,Female,51,South,Beauty,Standard,1,25,25.0,25,18.75,9.0,20.1,-10.35,-55.2,10,2023,12,Dec,46-55,True
792,2023-07-09,2023-07-10,CUST792,Female,20,West,Beauty,Standard,1,50,15.0,50,42.5,20.4,24.68,-2.58,-6.07,11,2023,7,Jul,18-25,True
794,2023-09-17,2023-09-20,CUST794,Female,60,West,Beauty,Priority,1,300,0.0,300,300.0,144.0,25.01,130.99,43.66,5,2023,9,Sep,56-64,False
795,2023-11-28,2023-12-01,CUST795,Male,57,North,Electronics,Priority,1,300,0.0,300,300.0,186.0,29.8,84.2,28.07,3,2023,11,Nov,56-64,True
796,2023-06-24,2023-06-26,CUST796,Male,43,East,Beauty,Standard,4,30,0.0,120,120.0,57.6,72.36,-9.96,-8.3,9,2023,6,Jun,36-45,True
797,2023-01-07,2023-01-10,CUST797,Male,40,,Clothing,Standard,3,25,0.0,75,75.0,41.25,27.73,6.02,8.03,6,2023,1,Jan,36-45,True
798,2023-08-04,2023-08-06,CUST798,Male,61,East,Clothing,Standard,1,50,25.0,50,37.5,20.62,18.58,-1.7,-4.53,6,2023,8,Aug,56-64,True
799,2023-09-08,2023-09-11,CUST799,Male,56,North,Electronics,Priority,2,50,10.0,100,90.0,55.8,88.98,-54.78,-60.87,4,2023,9,Sep,56-64,True
800,2023-02-24,2023-02-25,CUST800,Male,32,East,Clothing,Priority,4,300,0.0,1200,1200.0,660.0,92.53,447.47,37.29,4,2023,2,Feb,26-35,False
801,2023-08-10,2023-08-13,CUST801,Male,21,North,Clothing,Standard,4,50,5.0,200,190.0,104.5,85.9,-0.4,-0.21,10,2023,8,Aug,18-25,True
802,2023-07-05,2023-07-06,CUST802,Female,46,South,Beauty,Economy,1,30,5.0,30,28.5,13.68,11.17,3.65,12.81,10,2023,7,Jul,46-55,True
803,2023-11-22,2023-11-23,CUST803,Male,39,North,Clothing,Standard,4,25,15.0,100,85.0,46.75,96.17,-57.92,-68.14,11,2023,11,Nov,36-45,True
805,2023-12-29,2023-12-31,CUST805,Female,30,South,Beauty,Priority,3,500,0.0,1500,1500.0,720.0,96.24,683.76,45.58,4,2023,12,Dec,26-35,False
806,2023-03-20,2023-03-23,CUST806,Female,35,West,Beauty,Economy,3,300,0.0,900,900.0,432.0,35.39,432.61,48.07,9,2023,3,Mar,26-35,False
807,2023-08-11,2023-08-12,CUST807,Female,50,West,Electronics,Priority,4,50,15.0,200,170.0,105.4,153.79,-89.19,-52.46,5,2023,8,Aug,46-55,True
808,2023-04-01,2023-04-02,CUST808,Male,33,North,Beauty,Priority,4,500,,2000,1900.0,912.0,89.46,898.54,47.29,4,2023,4,Apr,26-35,False
809,2023-09-25,2023-09-27,CUST809,Female,62,,Beauty,Standard,2,50,0.0,100,100.0,48.0,32.21,19.79,19.79,7,2023,9,Sep,56-64,True
811,2023-05-19,2023-05-22,CUST811,Male,61,East,Beauty,Standard,2,25,15.0,50,42.5,20.4,24.41,-2.31,-5.44,9,2023,5,May,56-64,True
812,2023-11-12,2023-11-14,CUST812,Male,19,East,Electronics,Economy,3,25,0.0,75,75.0,46.5,26.3,2.2,2.93,9,2023,11,Nov,18-25,True
813,2023-10-03,2023-10-05,CUST813,Male,52,North,Electronics,Express,3,50,0.0,150,150.0,93.0,169.99,-112.99,-75.33,2,2023,10,Oct,46-55,True
814,2023-09-05,2023-09-08,CUST814,Female,59,West,Clothing,Priority,1,500,10.0,500,450.0,247.5,22.39,180.11,40.02,4,2023,9,Sep,56-64,False
816,2023-08-12,2023-08-15,CUST816,Male,47,North,Beauty,Priority,2,500,5.0,1000,950.0,456.0,77.67,416.33,43.82,5,2023,8,Aug,46-55,False
817,2023-10-31,2023-11-03,CUST817,Male,30,North,Beauty,Express,4,50,0.0,200,200.0,96.0,199.82,-95.82,-47.91,1,2023,10,Oct,26-35,True
818,2023-05-18,2023-05-19,CUST818,Male,30,East,Electronics,Priority,1,500,25.0,500,375.0,232.5,18.33,124.17,33.11,5,2023,5,May,26-35,False
819,2023-06-15,2023-06-16,CUST819,Female,35,West,Beauty,Standard,2,50,0.0,100,100.0,48.0,16.31,35.69,35.69,10,2023,6,Jun,26-35,False
820,2023-05-06,2023-05-09,CUST820,Male,49,North,Electronics,Standard,4,50,20.0,200,160.0,99.2,56.28,4.52,2.82,11,2023,5,May,46-55,True
821,2023-02-14,2023-02-17,CUST821,Male,49,East,Electronics,Standard,1,300,20.0,300,240.0,148.8,23.75,67.45,28.1,6,2023,2,Feb,46-55,True
822,2023-05-23,2023-05-26,CUST822,Female,52,West,Beauty,Standard,3,50,15.0,150,127.5,61.2,35.66,30.64,24.03,9,2023,5,May,46-55,True
823,2023-08-19,2023-08-22,CUST823,Female,56,South,Electronics,Economy,2,50,25.0,100,75.0,46.5,17.42,11.08,14.77,15,2023,8,Aug,56-64,True
824,2023-05-05,2023-05-08,CUST824,Male,63,East,Clothing,Standard,4,30,0.0,120,120.0,66.0,47.1,6.9,5.75,8,2023,5,May,56-64,True
825,2023-08-26,2023-08-29,CUST825,Female,46,West,Beauty,Economy,1,25,10.0,25,22.5,10.8,5.9,5.8,25.78,15,2023,8,Aug,46-55,True
826,2023-10-19,2023-10-21,CUST826,Female,46,West,Clothing,Standard,1,300,0.0,300,300.0,165.0,22.42,112.58,37.53,10,2023,10,Oct,46-55,False
827,2023-11-09,2023-11-12,CUST827,Male,61,East,Beauty,Standard,3,300,5.0,900,855.0,410.4,61.17,383.43,44.85,11,2023,11,Nov,56-64,False
828,2023-12-09,2023-12-11,CUST828,Female,33,South,Electronics,Priority,4,300,20.0,1200,960.0,595.2,82.3,282.5,29.43,4,2023,12,Dec,26-35,True
829,2023-07-14,2023-07-16,CUST829,Male,61,East,Beauty,Priority,3,30,10.0,90,81.0,38.88,88.72,-46.6,-57.53,5,2023,7,Jul,56-64,True
830,2023-06-22,2023-06-25,CUST830,Female,64,West,Clothing,Express,3,50,5.0,150,142.5,78.38,93.5,-29.38,-20.62,2,2023,6,Jun,56-64,True
832,2023-09-11,2023-09-13,CUST832,Male,47,North,Beauty,Priority,4,500,0.0,2000,2000.0,960.0,143.54,896.46,44.82,3,2023,9,Sep,46-55,False
833,2023-06-16,2023-06-18,CUST833,Male,42,East,Beauty,Standard,4,50,25.0,200,150.0,72.0,40.06,37.94,25.29,10,2023,6,Jun,36-45,True
834,2023-04-04,2023-04-07,CUST834,Female,56,West,Beauty,Economy,2,30,15.0,60,51.0,24.48,11.2,15.32,30.04,11,2023,4,Apr,56-64,False
835,2023-09-07,2023-09-10,CUST835,Male,37,North,Clothing,Economy,4,50,0.0,200,200.0,110.0,26.32,63.68,31.84,12,2023,9,Sep,36-45,False
836,2023-04-19,2023-04-21,CUST836,Female,22,West,Clothing,Priority,1,50,0.0,50,50.0,27.5,42.83,-20.33,-40.66,4,2023,4,Apr,18-25,True
837,2023-07-01,2023-07-03,CUST837,Male,18,East,Beauty,Standard,3,30,10.0,90,81.0,38.88,74.66,-32.54,-40.17,11,2023,7,Jul,18-25,True
838,2023-05-13,2023-05-15,CUST838,Male,47,North,Electronics,Priority,2,300,15.0,600,510.0,316.2,38.43,155.37,30.46,5,2023,5,May,46-55,False
839,2023-06-24,2023-06-25,CUST839,Female,20,West,Electronics,Standard,4,300,10.0,1200,1080.0,669.6,83.75,326.65,30.25,7,2023,6,Jun,18-25,False
840,2023-05-24,2023-05-26,CUST840,Male,62,North,Clothing,Standard,2,25,15.0,50,42.5,23.38,28.64,-9.52,-22.4,11,2023,5,May,56-64,True
841,2023-11-02,2023-11-03,CUST841,Male,31,East,Electronics,Standard,4,25,25.0,100,75.0,46.5,58.69,-30.19,-40.25,11,2023,11,Nov,26-35,True
842,2023-12-26,2023-12-29,CUST842,Female,47,West,Clothing,Express,2,300,20.0,600,480.0,264.0,120.34,95.66,19.93,2,2023,12,Dec,46-55,True
843,2023-05-22,2023-05-25,CUST843,Male,21,North,Beauty,Economy,3,500,10.0,1500,1350.0,648.0,33.8,668.2,49.5,14,2023,5,May,18-25,False
844,2023-10-12,2023-10-14,CUST844,Male,35,East,Clothing,Priority,3,50,0.0,150,150.0,82.5,131.03,-63.53,-42.35,5,2023,10,Oct,26-35,True
845,2023-01-06,2023-01-09,CUST845,Male,54,North,Clothing,Priority,1,500,15.0,500,425.0,233.75,33.58,157.67,37.1,4,2023,1,Jan,46-55,False
846,2023-09-22,2023-09-25,CUST846,Male,42,North,Beauty,Express,1,50,15.0,50,42.5,20.4,44.28,-22.18,-52.19,2,2023,9,Sep,36-45,True
847,2023-04-08,2023-04-11,CUST847,Female,18,South,Electronics,Standard,4,300,,1200,1140.0,706.8,85.55,347.65,30.5,11,2023,4,Apr,18-25,False
848,2023-02-13,2023-02-16,CUST848,Female,63,South,Clothing,Standard,3,25,,75,71.25,39.19,36.8,-4.74,-6.65,10,2023,2,Feb,56-64,True
849,2023-05-04,2023-05-05,CUST849,Male,32,East,Clothing,Economy,2,25,0.0,50,50.0,27.5,16.15,6.35,12.7,13,2023,5,May,26-35,True
850,2023-07-28,2023-07-29,CUST850,Female,26,South,Beauty,Standard,2,500,10.0,1000,900.0,432.0,28.19,439.81,48.87,7,2023,7,Jul,26-35,False
851,2023-09-08,2023-09-10,CUST851,Male,32,East,Electronics,Economy,2,25,5.0,50,47.5,29.45,17.82,0.23,0.48,15,2023,9,Sep,26-35,True
852,2023-10-12,2023-10-14,CUST852,Female,41,South,Clothing,Express,1,300,0.0,300,300.0,165.0,39.62,95.38,31.79,2,2023,10,Oct,36-45,False
853,2023-05-04,2023-05-06,CUST853,Male,21,North,Beauty,Express,2,500,20.0,1000,800.0,384.0,75.33,340.67,42.58,2,2023,5,May,18-25,False
854,2023-12-20,2023-12-23,CUST854,Male,29,East,Clothing,Priority,1,50,20.0,50,40.0,22.0,42.79,-24.79,-61.98,5,2023,12,Dec,26-35,True
855,2023-09-01,2023-09-04,CUST855,Male,54,East,Beauty,Express,1,25,5.0,25,23.75,11.4,34.07,-21.72,-91.45,2,2023,9,Sep,46-55,True
856,2023-11-27,2023-11-28,CUST856,Male,54,North,Electronics,Economy,4,30,10.0,120,108.0,66.96,30.21,10.83,10.03,19,2023,11,Nov,46-55,True
857,2023-12-31,2024-01-01,CUST857,Male,60,East,Electronics,Economy,2,25,15.0,50,42.5,26.35,9.98,6.17,14.52,14,2023,12,Dec,56-64,True
858,2023-09-09,2023-09-11,CUST858,Male,23,East,Electronics,Express,2,50,0.0,100,100.0,62.0,63.11,-25.11,-25.11,1,2023,9,Sep,18-25,True
859,2023-08-18,2023-08-19,CUST859,Female,56,,Electronics,Standard,3,500,25.0,1500,1125.0,697.5,25.84,401.66,35.7,6,2023,8,Aug,56-64,False
860,2023-01-09,2023-01-10,CUST860,Male,63,East,Clothing,Express,4,50,10.0,200,180.0,99.0,148.04,-67.04,-37.24,1,2023,1,Jan,56-64,True
861,2023-02-17,2023-02-18,CUST861,Female,41,West,Clothing,Economy,3,30,25.0,90,67.5,37.12,32.4,-2.02,-2.99,17,2023,2,Feb,36-45,True
862,2023-05-31,2023-06-01,CUST862,Male,28,North,Electronics,Standard,4,300,0.0,1200,1200.0,744.0,51.21,404.79,33.73,6,2023,5,May,26-35,False
864,2023-07-27,2023-07-29,CUST864,Female,51,South,Electronics,Priority,1,500,5.0,500,475.0,294.5,33.7,146.8,30.91,4,2023,7,Jul,46-55,False
865,2023-12-21,2023-12-23,CUST865,Female,42,West,Clothing,Priority,1,300,5.0,300,285.0,156.75,29.79,98.46,34.55,3,2023,12,Dec,36-45,False
866,2023-05-05,2023-05-06,CUST866,Male,24,North,Electronics,Standard,1,50,25.0,50,37.5,23.25,17.86,-3.61,-9.63,7,2023,5,May,18-25,True
867,2023-06-06,2023-06-08,CUST867,Male,21,North,Electronics,Priority,1,500,15.0,500,425.0,263.5,31.95,129.55,30.48,3,2023,6,Jun,18-25,False
868,2023-12-06,2023-12-09,CUST868,Female,25,South,Electronics,Economy,1,300,25.0,300,225.0,139.5,9.83,75.67,33.63,13,2023,12,Dec,18-25,False
869,2023-10-25,2023-10-26,CUST869,Male,37,East,Beauty,Standard,3,500,0.0,1500,1500.0,720.0,38.41,741.59,49.44,10,2023,10,Oct,36-45,False
870,2023-07-08,2023-07-11,CUST870,Female,46,South,Electronics,Standard,4,30,15.0,120,102.0,63.24,56.01,-17.25,-16.91,6,2023,7,Jul,46-55,True
871,2023-08-31,2023-09-02,CUST871,Male,62,North,Beauty,Economy,2,30,0.0,60,60.0,28.8,22.09,9.11,15.18,9,2023,8,Aug,56-64,True
872,2023-10-11,2023-10-13,CUST872,Female,63,West,Beauty,Standard,3,25,0.0,75,75.0,36.0,72.27,-33.27,-44.36,8,2023,10,Oct,56-64,True
873,2023-09-29,2023-10-02,CUST873,Female,27,South,Electronics,Economy,4,25,20.0,100,80.0,49.6,44.13,-13.73,-17.16,19,2023,9,Sep,26-35,True
875,2023-08-06,2023-08-07,CUST875,Female,51,South,Electronics,Standard,4,500,5.0,2000,1900.0,1178.0,85.06,636.94,33.52,6,2023,8,Aug,46-55,False
876,2023-10-09,2023-10-12,CUST876,Male,43,East,Clothing,Economy,4,30,0.0,120,120.0,66.0,29.15,24.85,20.71,17,2023,10,Oct,36-45,True
879,2023-12-26,2023-12-28,CUST879,Male,23,North,Clothing,Standard,1,30,15.0,30,25.5,14.03,18.05,-6.58,-25.8,10,2023,12,Dec,18-25,True
880,2023-08-21,2023-08-24,CUST880,Male,22,North,Beauty,Express,2,500,0.0,1000,1000.0,480.0,74.89,445.11,44.51,1,2023,8,Aug,18-25,False
881,2023-05-19,2023-05-22,CUST881,Male,22,North,Electronics,Standard,1,300,15.0,300,255.0,158.1,13.64,83.26,32.65,6,2023,5,May,18-25,False
882,2023-06-06,2023-06-07,CUST882,Female,64,South,Electronics,Standard,2,25,25.0,50,37.5,23.25,45.07,-30.82,-82.19,9,2023,6,Jun,56-64,True
883,2023-05-09,2023-05-11,CUST883,Male,40,East,Electronics,Economy,1,500,10.0,500,450.0,279.0,4.86,166.14,36.92,17,2023,5,May,36-45,False
884,2023-04-29,2023-04-30,CUST884,Female,26,West,Clothing,Standard,2,30,5.0,60,57.0,31.35,18.42,7.23,12.68,8,2023,4,Apr,26-35,True
885,2023-03-03,2023-03-05,CUST885,Female,52,West,Clothing,Priority,4,30,15.0,120,102.0,56.1,79.45,-33.55,-32.89,3,2023,3,Mar,46-55,True
886,2023-04-09,2023-04-10,CUST886,Male,37,North,Electronics,Standard,3,300,0.0,900,900.0,558.0,71.98,270.02,30.0,7,2023,4,Apr,36-45,False
888,2023-03-03,2023-03-04,CUST888,Female,52,South,Electronics,Standard,4,25,10.0,100,90.0,55.8,59.84,-25.64,-28.49,6,2023,3,Mar,46-55,True
889,2023-10-02,2023-10-04,CUST889,Female,35,West,Electronics,Economy,1,50,20.0,50,40.0,24.8,10.3,4.9,12.25,19,2023,10,Oct,26-35,True
891,2023-04-05,2023-04-08,CUST891,Male,41,East,Electronics,Standard,3,300,25.0,900,675.0,418.5,40.94,215.56,31.93,11,2023,4,Apr,36-45,False
892,2023-04-09,2023-04-11,CUST892,Male,20,East,Electronics,Standard,1,50,0.0,50,50.0,31.0,19.79,-0.79,-1.58,8,2023,4,Apr,18-25,True
893,2023-04-21,2023-04-22,CUST893,Male,49,North,Electronics,Standard,1,50,25.0,50,37.5,23.25,21.11,-6.86,-18.29,9,2023,4,Apr,46-55,True
895,2023-05-22,2023-05-24,CUST895,Female,55,West,Clothing,Standard,4,30,5.0,120,114.0,62.7,42.31,8.99,7.89,6,2023,5,May,46-55,True
897,2023-09-26,2023-09-27,CUST897,Female,64,South,Electronics,Express,2,50,20.0,100,80.0,49.6,103.13,-72.73,-90.91,2,2023,9,Sep,56-64,True
898,2023-11-02,2023-11-03,CUST898,Female,42,West,Clothing,Standard,3,30,0.0,90,90.0,49.5,38.41,2.09,2.32,7,2023,11,Nov,36-45,True
899,2023-05-25,2023-05-28,CUST899,Male,26,East,Clothing,Priority,2,300,20.0,600,480.0,264.0,58.96,157.04,32.72,5,2023,5,May,26-35,False
900,2023-02-21,2023-02-23,CUST900,Male,21,East,Clothing,Priority,2,30,0.0,60,60.0,33.0,38.03,-11.03,-18.38,5,2023,2,Feb,18-25,True
901,2023-04-10,2023-04-11,CUST901,Male,31,North,Electronics,Standard,1,30,0.0,30,30.0,18.6,10.17,1.23,4.1,9,2023,4,Apr,26-35,True
902,2023-06-01,2023-06-04,CUST902,Female,54,West,Beauty,Standard,1,50,20.0,50,40.0,19.2,21.01,-0.21,-0.52,8,2023,6,Jun,46-55,True
903,2023-04-27,2023-04-29,CUST903,Female,51,South,Beauty,Standard,4,50,5.0,200,190.0,91.2,32.0,66.8,35.16,6,2023,4,Apr,46-55,False
904,2023-07-04,2023-07-06,CUST904,Male,28,East,Clothing,Priority,1,500,0.0,500,500.0,275.0,29.25,195.75,39.15,4,2023,7,Jul,26-35,False
905,2023-04-02,2023-04-05,CUST905,Male,58,East,Beauty,Priority,1,300,0.0,300,300.0,144.0,32.11,123.89,41.3,3,2023,4,Apr,56-64,False
906,2023-06-04,2023-06-07,CUST906,Female,20,South,Clothing,Express,1,50,5.0,50,47.5,26.13,32.19,-10.82,-22.78,1,2023,6,Jun,18-25,True
908,2023-12-29,2023-12-31,CUST908,Male,46,East,Beauty,Priority,4,300,20.0,1200,960.0,460.8,96.42,402.78,41.96,3,2023,12,Dec,46-55,False
909,2023-10-01,2023-10-03,CUST909,Male,26,East,Electronics,Express,1,300,0.0,300,300.0,186.0,42.17,71.83,23.94,1,2023,10,Oct,26-35,True
910,2023-03-06,2023-03-08,CUST910,Female,20,South,Beauty,Economy,3,50,,150,150.0,72.0,17.21,60.79,40.53,13,2023,3,Mar,18-25,False
911,2023-05-21,2023-05-24,CUST911,Male,42,East,Electronics,Standard,3,300,5.0,900,855.0,530.1,35.75,289.15,33.82,8,2023,5,May,36-45,False
912,2023-01-24,2023-01-25,CUST912,Male,51,North,Beauty,Standard,3,50,15.0,150,127.5,61.2,24.08,42.22,33.11,10,2023,1,Jan,46-55,False
913,2023-01-28,2023-01-30,CUST913,Male,29,North,Electronics,Standard,3,30,,90,81.0,50.22,61.2,-30.42,-37.56,6,2023,1,Jan,26-35,True
914,2023-10-11,2023-10-14,CUST914,Female,59,South,Electronics,Standard,1,500,0.0,500,500.0,310.0,24.44,165.56,33.11,9,2023,10,Oct,56-64,False
915,2023-05-30,2023-06-01,CUST915,Female,26,West,Beauty,Express,3,30,0.0,90,90.0,43.2,116.92,-70.12,-77.91,2,2023,5,May,26-35,True
916,2023-12-24,2023-12-25,CUST916,Female,32,South,Electronics,Economy,1,50,15.0,50,42.5,26.35,8.97,7.18,16.89,13,2023,12,Dec,26-35,True
917,2023-03-06,2023-03-08,CUST917,Female,57,South,Electronics,Standard,4,50,5.0,200,190.0,117.8,82.45,-10.25,-5.39,9,2023,3,Mar,56-64,True
918,2023-11-23,2023-11-24,CUST918,Female,42,West,Electronics,Standard,3,30,5.0,90,85.5,53.01,67.27,-34.78,-40.68,9,2023,11,Nov,36-45,True
920,2023-02-22,2023-02-24,CUST920,Female,28,West,Beauty,Economy,3,25,20.0,75,60.0,28.8,17.18,14.02,23.37,15,2023,2,Feb,26-35,True
921,2023-01-07,2023-01-09,CUST921,Male,51,North,Electronics,Standard,3,25,0.0,75,75.0,46.5,40.59,-12.09,-16.12,6,2023,1,Jan,46-55,True
923,2023-05-26,2023-05-29,CUST923,Male,32,North,Beauty,Standard,3,300,15.0,900,765.0,367.2,65.66,332.14,43.42,8,2023,5,May,26-35,False
924,2023-08-29,2023-08-30,CUST924,Male,55,East,Beauty,Standard,2,50,20.0,100,80.0,38.4,22.17,19.43,24.29,11,2023,8,Aug,46-55,True
925,2023-09-03,2023-09-05,CUST925,Male,25,North,Electronics,Economy,1,300,15.0,300,255.0,158.1,6.34,90.56,35.51,13,2023,9,Sep,18-25,False
926,2023-08-14,2023-08-16,CUST926,Male,22,East,Electronics,Economy,1,30,5.0,30,28.5,17.67,11.12,-0.29,-1.02,15,2023,8,Aug,18-25,True
927,2023-06-24,2023-06-27,CUST927,Male,43,North,Electronics,Standard,4,500,0.0,2000,2000.0,1240.0,86.86,673.14,33.66,9,2023,6,Jun,36-45,False
928,2023-04-05,2023-04-06,CUST928,Female,35,,Clothing,Economy,4,300,20.0,1200,960.0,528.0,47.45,384.55,40.06,12,2023,4,Apr,26-35,False
930,2023-05-10,2023-05-11,CUST930,Male,54,North,Clothing,Economy,4,50,0.0,200,200.0,110.0,26.16,63.84,31.92,10,2023,5,May,46-55,False
933,2023-02-03,2023-02-06,CUST933,Male,22,North,Beauty,Express,1,30,0.0,30,30.0,14.4,33.14,-17.54,-58.47,1,2023,2,Feb,18-25,True
934,2023-07-25,2023-07-27,CUST934,Male,30,North,Beauty,Priority,1,500,5.0,500,475.0,228.0,32.7,214.3,45.12,4,2023,7,Jul,26-35,False
935,2023-09-09,2023-09-11,CUST935,Female,34,West,Beauty,Standard,1,50,10.0,50,45.0,21.6,20.06,3.34,7.42,7,2023,9,Sep,26-35,True
936,2023-02-07,2023-02-08,CUST936,Male,57,North,Beauty,Standard,4,50,0.0,200,200.0,96.0,43.38,60.62,30.31,11,2023,2,Feb,56-64,False
937,2023-10-23,2023-10-26,CUST937,Female,62,South,Beauty,Standard,1,500,0.0,500,500.0,240.0,21.27,238.73,47.75,10,2023,10,Oct,56-64,False
938,2023-11-19,2023-11-21,CUST938,Male,49,North,Clothing,Priority,4,50,0.0,200,200.0,110.0,135.05,-45.05,-22.52,4,2023,11,Nov,46-55,True
939,2023-12-18,2023-12-20,CUST939,Female,46,South,Electronics,Standard,1,300,10.0,300,270.0,167.4,24.19,78.41,29.04,11,2023,12,Dec,46-55,True
940,2023-01-28,2023-01-29,CUST940,Female,20,South,Electronics,Priority,1,30,0.0,30,30.0,18.6,19.15,-7.75,-25.83,3,2023,1,Jan,18-25,True
941,2023-03-19,2023-03-20,CUST941,Female,57,West,Clothing,Economy,2,25,0.0,50,50.0,27.5,10.78,11.72,23.44,13,2023,3,Mar,56-64,True
942,2023-03-18,2023-03-21,CUST942,Male,51,North,Clothing,Standard,3,500,15.0,1500,1275.0,701.25,54.68,519.07,40.71,11,2023,3,Mar,46-55,False
943,2023-10-16,2023-10-17,CUST943,Female,57,West,Clothing,Priority,4,300,15.0,1200,1020.0,561.0,104.03,354.97,34.8,5,2023,10,Oct,56-64,False
945,2023-02-13,2023-02-15,CUST945,Male,30,North,Beauty,Economy,1,25,10.0,25,22.5,10.8,9.83,1.87,8.31,10,2023,2,Feb,26-35,True
946,2023-05-08,2023-05-11,CUST946,Male,62,East,Electronics,Standard,4,500,15.0,2000,1700.0,1054.0,38.97,607.03,35.71,8,2023,5,May,56-64,False
947,2023-03-02,2023-03-05,CUST947,Male,50,North,Beauty,Priority,1,300,0.0,300,300.0,144.0,31.87,124.13,41.38,3,2023,3,Mar,46-55,False
948,2023-10-13,2023-10-16,CUST948,Female,23,West,Electronics,Priority,3,25,0.0,75,75.0,46.5,95.22,-66.72,-88.96,5,2023,10,Oct,18-25,True
949,2023-08-02,2023-08-04,CUST949,Female,41,South,Electronics,Economy,2,25,10.0,50,45.0,27.9,12.65,4.45,9.89,12,2023,8,Aug,36-45,True
950,2023-11-07,2023-11-08,CUST950,Male,36,North,Clothing,Priority,3,300,0.0,900,900.0,495.0,129.57,275.43,30.6,4,2023,11,Nov,36-45,False
951,2023-11-02,2023-11-04,CUST951,Male,33,East,Beauty,Express,2,50,10.0,100,90.0,43.2,126.2,-79.4,-88.22,2,2023,11,Nov,26-35,True
953,2023-04-26,2023-04-29,CUST953,Male,45,North,Beauty,Economy,3,30,0.0,90,90.0,43.2,28.29,18.51,20.57,16,2023,4,Apr,36-45,True
954,2023-09-25,2023-09-28,CUST954,Female,50,West,Electronics,Express,3,300,0.0,900,900.0,558.0,145.41,196.59,21.84,1,2023,9,Sep,46-55,True
955,2023-07-14,2023-07-17,CUST955,Male,58,East,Clothing,Standard,1,25,15.0,25,21.25,11.69,23.66,-14.1,-66.35,11,2023,7,Jul,56-64,True
956,2023-08-19,2023-08-22,CUST956,Male,30,East,Clothing,Economy,3,500,0.0,1500,1500.0,825.0,27.75,647.25,43.15,12,2023,8,Aug,26-35,False
957,2023-08-15,2023-08-18,CUST957,Female,60,West,Electronics,Priority,4,30,0.0,120,120.0,74.4,150.73,-105.13,-87.61,4,2023,8,Aug,56-64,True
959,2023-10-29,2023-10-30,CUST959,Female,42,South,Electronics,Standard,2,30,10.0,60,54.0,33.48,25.32,-4.8,-8.89,11,2023,10,Oct,36-45,True
961,2023-06-06,2023-06-08,CUST961,Male,53,North,Beauty,Standard,4,50,10.0,200,180.0,86.4,45.28,48.32,26.84,10,2023,6,Jun,46-55,True
962,2023-10-19,2023-10-21,CUST962,Male,44,North,Clothing,Priority,2,30,5.0,60,57.0,31.35,54.65,-29.0,-50.88,5,2023,10,Oct,36-45,True
963,2023-11-14,2023-11-17,CUST963,Female,55,South,Beauty,Standard,1,50,0.0,50,50.0,24.0,13.71,12.29,24.58,7,2023,11,Nov,46-55,True
964,2023-01-31,2023-02-01,CUST964,Male,24,East,Clothing,Priority,3,300,10.0,900,810.0,445.5,133.26,231.24,28.55,4,2023,1,Jan,18-25,True
965,2023-11-09,2023-11-11,CUST965,Male,22,East,Clothing,Economy,4,50,0.0,200,200.0,110.0,42.84,47.16,23.58,8,2023,11,Nov,18-25,True
966,2023-02-20,2023-02-22,CUST966,Male,60,North,Electronics,Standard,2,500,25.0,1000,750.0,465.0,39.84,245.16,32.69,9,2023,2,Feb,56-64,False
967,2023-04-17,2023-04-19,CUST967,Male,62,North,Beauty,Economy,1,25,,25,22.5,10.8,9.54,2.16,9.6,11,2023,4,Apr,56-64,True
968,2023-11-17,2023-11-20,CUST968,Female,48,South,Clothing,Express,3,300,,900,855.0,470.25,157.45,227.3,26.58,1,2023,11,Nov,46-55,True
969,2023-04-19,2023-04-21,CUST969,Female,40,South,Clothing,Economy,3,300,15.0,900,765.0,420.75,34.57,309.68,40.48,8,2023,4,Apr,36-45,False
970,2023-05-16,2023-05-18,CUST970,Male,59,East,Electronics,Priority,4,500,0.0,2000,2000.0,1240.0,125.6,634.4,31.72,4,2023,5,May,56-64,False
971,2023-12-05,2023-12-07,CUST971,Female,27,West,Electronics,Express,4,50,5.0,200,190.0,117.8,180.88,-108.68,-57.2,2,2023,12,Dec,26-35,True
972,2023-02-11,2023-02-13,CUST972,Male,49,East,Beauty,Priority,4,25,15.0,100,85.0,40.8,89.61,-45.41,-53.42,3,2023,2,Feb,46-55,True
973,2023-03-22,2023-03-23,CUST973,Male,60,North,Clothing,Economy,1,50,20.0,50,40.0,22.0,10.08,7.92,19.8,8,2023,3,Mar,56-64,True
975,2023-03-30,2023-04-02,CUST975,Female,56,West,Clothing,Standard,4,50,0.0,200,200.0,110.0,58.14,31.86,15.93,10,2023,3,Mar,56-64,True
976,2023-10-10,2023-10-11,CUST976,Female,48,South,Beauty,Priority,2,300,,600,600.0,288.0,37.36,274.64,45.77,3,2023,10,Oct,46-55,False
978,2023-03-22,2023-03-25,CUST978,Female,53,West,Clothing,Priority,3,50,25.0,150,112.5,61.88,54.92,-4.3,-3.82,4,2023,3,Mar,46-55,True
979,2023-01-02,2023-01-04,CUST979,Female,19,West,Beauty,Priority,1,25,0.0,25,25.0,12.0,37.0,-24.0,-96.0,5,2023,1,Jan,18-25,True
981,2023-08-19,2023-08-22,CUST981,Female,30,West,Electronics,Priority,2,30,15.0,60,51.0,31.62,59.63,-40.25,-78.92,5,2023,8,Aug,26-35,True
982,2023-12-19,2023-12-21,CUST982,Female,46,West,Beauty,Standard,3,30,0.0,90,90.0,43.2,35.98,10.82,12.02,11,2023,12,Dec,46-55,True
983,2023-11-01,2023-11-02,CUST983,Female,29,West,Clothing,Express,1,300,15.0,300,255.0,140.25,58.19,56.56,22.18,2,2023,11,Nov,26-35,True
984,2023-08-29,2023-08-31,CUST984,Male,56,North,Clothing,Standard,1,500,15.0,500,425.0,233.75,21.89,169.36,39.85,8,2023,8,Aug,56-64,False
985,2023-05-30,2023-06-01,CUST985,Female,19,West,Electronics,Standard,2,25,5.0,50,47.5,29.45,34.58,-16.53,-34.8,7,2023,5,May,18-25,True
986,2023-01-17,2023-01-19,CUST986,Female,49,South,Clothing,Standard,2,500,5.0,1000,950.0,522.5,48.88,378.62,39.85,8,2023,1,Jan,46-55,False
987,2023-04-29,2023-05-02,CUST987,Female,30,West,Clothing,Standard,3,300,5.0,900,855.0,470.25,26.64,358.11,41.88,10,2023,4,Apr,26-35,False
988,2023-05-28,2023-05-29,CUST988,Female,63,West,Clothing,Priority,3,25,0.0,75,75.0,41.25,94.89,-61.14,-81.52,5,2023,5,May,56-64,True
989,2023-12-28,2023-12-30,CUST989,Female,44,South,Electronics,Standard,1,25,20.0,25,20.0,12.4,20.21,-12.61,-63.05,10,2023,12,Dec,36-45,True
990,2023-05-25,2023-05-28,CUST990,Female,58,West,Beauty,Express,2,500,5.0,1000,950.0,456.0,129.01,364.99,38.42,1,2023,5,May,56-64,False
991,2023-12-26,2023-12-28,CUST991,Female,34,South,Clothing,Standard,2,50,25.0,100,75.0,41.25,22.09,11.66,15.55,9,2023,12,Dec,26-35,True
992,2023-08-21,2023-08-22,CUST992,Female,57,West,Electronics,Standard,2,30,0.0,60,60.0,37.2,43.2,-20.4,-34.0,6,2023,8,Aug,56-64,True
993,2023-02-06,2023-02-08,CUST993,Female,48,South,Electronics,Standard,3,50,5.0,150,142.5,88.35,52.19,1.96,1.38,10,2023,2,Feb,46-55,True
994,2023-12-18,2023-12-19,CUST994,Female,51,,Beauty,Standard,2,500,10.0,1000,900.0,432.0,29.48,438.52,48.72,7,2023,12,Dec,46-55,False
995,2023-04-30,2023-05-02,CUST995,Female,41,West,Clothing,Priority,1,30,15.0,30,25.5,14.03,21.56,-10.09,-39.57,4,2023,4,Apr,36-45,True
996,2023-05-16,2023-05-17,CUST996,Male,62,North,Clothing,Priority,1,50,25.0,50,37.5,20.62,41.36,-24.48,-65.28,4,2023,5,May,56-64,True
997,2023-11-17,2023-11-19,CUST997,Male,52,North,Beauty,Priority,3,30,5.0,90,85.5,41.04,66.74,-22.28,-26.06,5,2023,11,Nov,46-55,True
999,2023-12-05,2023-12-07,CUST999,Female,36,West,Electronics,Standard,3,50,15.0,150,127.5,79.05,38.79,9.66,7.58,11,2023,12,Dec,36-45,True
1000,2023-04-12,2023-04-14,CUST1000,Male,47,East,Electronics,Economy,4,30,15.0,120,102.0,63.24,43.37,-4.61,-4.52,14,2023,4,Apr,46-55,True
