"Hospital_ID,Hospital_Name,City,Hospital_Type,Beds,Daily_Patients,Avg_Wait_Time_Min,Contactless_Registration,Online_Appointment,Telemedicine,Digital_Health_Records,Cleanliness_Rating,Food_Service_Rating,Patient_Hospitality_Rating,CCTV_Coverage_Percentage,Security_Staff,Infection_Control_Score,Patient_Satisfaction,AI_Assisted_Services,Overall_Trend"
"H00001,Bengaluru Care Hospital 1,Pune,Government,958.0,90.0,120.0,yes,NO,No,No,3.5,4.6,3.6,67.0,101.0,82.0,2.4,No,Unknown"
"H00002,Jaipur Care Hospital 2,Hyderabad,Government,1118.0,1870.0,90.0,yes,YES,No,No,3.5,3.1,3.3,72.0,95.0,75.0,2.4,No,Digital Patient Care"
"H00003,Pune Care Hospital 3,Hyderabad,Multispeciality,310.0,1365.0,115.0,yes,No,No,No,2.5,3.1,3.7,67.0,106.0,83.0,4.1,YES,Unknown"
"H00004,Hyderabad Care Hospital 4,Coimbatore,Private,904.0,1570.0,30.0,Yes,YES,No,No,2.3,2.7,3.2,47.0,137.0,62.0,4.3,No,Digital Patient Care"
"H00005,Pune Care Hospital 5,Bengaluru,Specialty,578.0,571.0,149.0,Yes,No,Yes,Yes,4.3,3.5,3.8,71.0,72.0,86.0,4.5,yes,Digital Patient Care"
"H00006,Chennai Care Hospital 6,Madurai,Private,1458.0,710.0,150.0,Yes,No,No,No,4.9,2.8,2.1,64.0,24.0,51.0,2.0,No,Smart Hospital"
"H00007,Pune Care Hospital 7,Chennai,Specialty,200.0,1738.0,41.0,No,Yes,No,Yes,3.5,4.4,2.1,31.0,139.0,75.0,2.7,yes,Smart Hospital"
"H00008,Mumbai Care Hospital 8,Coimbatore,Specialty,800.8190675017397,775.0,64.0,Yes,YES,No,No,3.5,4.9,3.5,86.0,196.0,62.0,2.8,YES,Enhanced Security"
"H00009,Bengaluru Care Hospital 9,Kochi,Specialty,885.0,1991.0,75.0,YES,YES,Yes,Yes,3.2,3.3,3.5,30.0,74.0,75.0,2.3,No,IoT Healthcare"
"H00010,Delhi Care Hospital 10,Hyderabad,Government,1494.0,170.0,52.0,YES,YES,Yes,No,3.0,2.2,3.9,86.0,118.0,77.0,3.1,No,Patient-Centric Care"
"H00011,Hyderabad Care Hospital 11,Pune,Private,965.0,648.0,51.0,Yes,NO,No,Yes,4.8,4.2,3.5,63.0,179.0,80.0,3.3,YES,Patient-Centric Care"
"H00012,Delhi Care Hospital 12,Hyderabad,Private,554.0,158.0,71.0,yes,No,Yes,Yes,2.5,2.0,4.9,82.0,150.0,79.0,4.9,Yes,Smart Hospital"
"H00013,Bengaluru Care Hospital 13,Pune,Multispeciality,591.0,1802.0,148.0,yes,No,Yes,Yes,2.8,4.0,3.5,33.0,200.0,75.0,3.8,Yes,AI Healthcare"
"H00014,Kochi Care Hospital 14,Chennai,Government,800.8190675017397,1350.0,74.0,Yes,Yes,Yes,Yes,2.1,3.8,3.9,75.0,162.0,81.0,4.9,yes,Digital Patient Care"
"H00015,Pune Care Hospital 15,Jaipur,Multispeciality,131.0,769.0,140.0,YES,YES,Yes,Yes,2.4,2.9,4.6,56.0,129.0,94.0,3.5,Yes,Unknown"
"H00016,Madurai Care Hospital 16,Mumbai,Private,937.0,1204.0,62.0,Yes,NO,Yes,No,3.5,3.1,3.5,67.0,116.0,68.0,4.8,YES,Digital Patient Care"
"H00017,Delhi Care Hospital 17,Madurai,Private,800.8190675017397,1298.0,42.0,yes,YES,Yes,Yes,4.2,4.9,4.6,68.0,85.0,59.0,4.6,Yes,AI Healthcare"
"H00018,Bengaluru Care Hospital 18,Pune,Government,1210.0,1128.0,22.0,Yes,NO,No,Yes,2.8,4.3,3.2,52.0,174.0,85.0,4.6,yes,Digital Patient Care"
"H00019,Madurai Care Hospital 19,Delhi,Multispeciality,693.0,1254.0,52.0,YES,No,Yes,No,3.9,2.5,4.8,67.0,36.0,99.0,2.1,Yes,Green Hospital"
"H00020,Madurai Care Hospital 20,Hyderabad,Specialty,1162.0,1128.0,75.0,Yes,Yes,Yes,Yes,2.2,4.3,2.8,97.0,20.0,75.0,3.6,No,Enhanced Security"
"H00021,Mumbai Care Hospital 21,Jaipur,Private,870.0,134.0,28.0,YES,Yes,Yes,Yes,2.5,3.1,3.1,35.0,12.0,98.0,3.5,yes,Contactless Healthcare"
"H00022,Coimbatore Care Hospital 22,Madurai,Private,1361.0,2130.0,99.0,yes,No,No,No,4.9,2.2,3.1,87.0,203.0,70.0,3.2,yes,Patient-Centric Care"
"H00023,Delhi Care Hospital 23,Pune,Government,485.0,318.0,120.0,YES,YES,No,No,5.0,4.0,4.3,38.0,181.0,84.0,2.7,Yes,Contactless Healthcare"
"H00024,Kochi Care Hospital 24,Chennai,Government,912.0,849.0,61.0,No,Yes,No,No,3.8,5.0,3.5,63.0,92.0,75.0,3.1,yes,IoT Healthcare"
"H00025,Kochi Care Hospital 25,Hyderabad,Multispeciality,421.0,1537.0,123.0,YES,NO,Yes,Yes,3.0,4.1,3.0,95.0,128.0,89.0,3.8,Yes,Enhanced Security"
"H00026,Mumbai Care Hospital 26,Hyderabad,Private,1086.0,126.0,29.0,No,No,No,Yes,3.1,4.2,3.5,87.0,67.0,66.0,2.6,YES,Enhanced Security"
"H00027,Pune Care Hospital 27,Jaipur,Multispeciality,1020.0,1966.0,63.0,Yes,Yes,No,Yes,4.9,3.1,2.1,92.0,116.0,75.0,2.4,yes,Enhanced Security"
"H00028,Kochi Care Hospital 28,Mumbai,Specialty,224.0,1489.0,75.0,Yes,YES,No,No,4.5,3.8,2.4,73.0,106.0,67.0,3.5,No,Patient-Centric Care"
"H00029,Hyderabad Care Hospital 29,Kochi,Private,800.8190675017397,2100.0,75.0,No,NO,Yes,No,2.8,2.9,4.6,39.0,163.0,54.0,4.6,yes,Digital Patient Care"
"H00030,Pune Care Hospital 30,Mumbai,Specialty,1297.0,2026.0,43.0,YES,No,Yes,No,3.6,2.1,4.8,67.0,169.0,67.0,3.5,YES,Unknown"
"H00031,Delhi Care Hospital 31,Madurai,Multispeciality,945.0,525.0,105.0,Yes,No,No,No,4.2,4.4,2.7,35.0,46.0,95.0,4.3,No,Contactless Healthcare"
"H00032,Delhi Care Hospital 32,Pune,Private,827.0,804.0,27.0,yes,NO,Yes,No,2.6,3.4,3.1,77.0,71.0,65.0,2.4,No,Digital Patient Care"
"H00033,Coimbatore Care Hospital 33,Hyderabad,Specialty,628.0,1846.0,29.0,YES,NO,Yes,No,3.2,2.2,2.2,96.0,32.0,75.0,4.3,YES,Unknown"
"H00034,Hyderabad Care Hospital 34,Bengaluru,Specialty,1404.0,215.0,31.0,YES,Yes,Yes,Yes,3.7,2.8,4.1,67.0,198.0,65.0,4.8,No,Contactless Healthcare"
"H00035,Coimbatore Care Hospital 35,Bengaluru,Multispeciality,327.0,1113.0,39.0,No,YES,Yes,Yes,3.7,3.5,2.7,89.0,106.0,95.0,3.0,No,Green Hospital"
"H00036,Mumbai Care Hospital 36,Kochi,Multispeciality,800.8190675017397,1713.0,16.0,No,YES,Yes,No,3.4,2.2,3.5,72.0,86.0,87.0,4.4,YES,Contactless Healthcare"
"H00037,Pune Care Hospital 37,Mumbai,Multispeciality,800.8190675017397,1185.0,109.0,Yes,YES,No,Yes,4.7,4.9,3.2,41.0,36.0,64.0,2.3,Yes,Contactless Healthcare"
"H00038,Coimbatore Care Hospital 38,Pune,Specialty,1456.0,400.0,48.0,YES,Yes,Yes,Yes,2.3,3.5,2.9,54.0,207.0,56.0,4.6,No,Digital Patient Care"
"H00039,Coimbatore Care Hospital 39,Kochi,Specialty,800.8190675017397,210.0,46.0,Yes,NO,No,No,2.8,2.4,3.3,67.0,95.0,100.0,2.2,No,Green Hospital"
"H00040,Chennai Care Hospital 40,Madurai,Multispeciality,800.8190675017397,1086.0,107.0,Yes,NO,Yes,Yes,4.5,2.4,3.7,45.0,21.0,90.0,5.0,No,Enhanced Security"
"H00041,Bengaluru Care Hospital 41,Coimbatore,Multispeciality,1293.0,1128.0,117.0,Yes,No,Yes,No,4.6,3.2,4.9,66.0,116.0,86.0,3.3,No,Unknown"
"H00042,Chennai Care Hospital 42,Hyderabad,Private,310.0,248.0,75.0,yes,NO,Yes,Yes,3.1,4.7,4.7,37.0,130.0,65.0,4.4,YES,Digital Patient Care"
"H00043,Jaipur Care Hospital 43,Bengaluru,Specialty,1470.0,1516.0,25.0,Yes,No,Yes,Yes,3.1,3.2,3.5,83.0,114.0,69.0,4.1,No,AI Healthcare"
"H00044,Bengaluru Care Hospital 44,Delhi,Multispeciality,1275.0,745.0,50.0,YES,YES,No,Yes,4.4,2.1,2.4,34.0,46.0,75.0,4.5,No,Smart Hospital"
"H00045,Pune Care Hospital 45,Jaipur,Specialty,377.0,1128.0,11.0,Yes,NO,No,No,2.7,2.9,4.9,42.0,116.0,100.0,3.3,No,Enhanced Security"
"H00046,Bengaluru Care Hospital 46,Pune,Government,199.0,1675.0,33.0,YES,YES,Yes,Yes,4.1,2.3,3.9,65.0,46.0,67.0,2.3,No,Unknown"
"H00047,Hyderabad Care Hospital 47,Jaipur,Specialty,1419.0,252.0,135.0,YES,NO,No,Yes,3.9,4.5,3.5,66.0,116.0,82.0,4.9,No,IoT Healthcare"
"H00048,Jaipur Care Hospital 48,Delhi,Specialty,946.0,485.0,37.0,YES,YES,No,Yes,4.8,2.5,4.6,60.0,111.0,92.0,3.3,No,Contactless Healthcare"
"H00049,Kochi Care Hospital 49,Chennai,Government,814.0,1128.0,82.0,yes,YES,No,Yes,3.8,2.4,3.7,88.0,36.0,66.0,3.3,Yes,Enhanced Security"
"H00050,Bengaluru Care Hospital 50,Madurai,Private,1322.0,1514.0,76.0,No,Yes,No,Yes,4.1,2.2,3.5,94.0,214.0,56.0,2.1,yes,AI Healthcare"
"H00051,Bengaluru Care Hospital 51,Pune,Specialty,159.0,1128.0,22.0,YES,No,No,No,3.3,3.5,3.5,86.0,55.0,87.0,4.7,No,AI Healthcare"
"H00052,Kochi Care Hospital 52,Bengaluru,Specialty,218.0,1677.0,23.0,yes,YES,No,Yes,4.7,2.3,2.7,49.0,210.0,95.0,4.5,Yes,Enhanced Security"
"H00053,Bengaluru Care Hospital 53,Kochi,Government,561.0,442.0,121.0,yes,NO,Yes,No,3.4,3.4,2.7,99.0,51.0,57.0,2.5,No,Contactless Healthcare"
"H00054,Madurai Care Hospital 54,Bengaluru,Government,1188.0,70.0,40.0,No,YES,Yes,Yes,4.3,2.9,2.1,76.0,53.0,54.0,4.7,yes,Contactless Healthcare"
"H00055,Jaipur Care Hospital 55,Mumbai,Government,1025.0,1803.0,121.0,yes,NO,Yes,No,2.7,3.5,3.9,74.0,116.0,75.0,4.5,No,Enhanced Security"
"H00056,Mumbai Care Hospital 56,Pune,Private,335.0,1583.0,14.0,YES,NO,Yes,No,4.8,3.5,2.9,34.0,108.0,84.0,4.2,YES,Digital Patient Care"
"H00057,Kochi Care Hospital 57,Mumbai,Specialty,602.0,394.0,66.0,YES,No,Yes,Yes,4.0,2.6,2.6,98.0,127.0,95.0,4.4,yes,Unknown"
"H00058,Mumbai Care Hospital 58,Bengaluru,Private,800.8190675017397,257.0,69.0,YES,NO,No,Yes,4.4,3.1,3.8,97.0,193.0,71.0,2.1,No,Contactless Healthcare"
"H00059,Delhi Care Hospital 59,Mumbai,Government,345.0,1568.0,75.0,Yes,Yes,No,No,4.4,2.4,3.7,43.0,23.0,88.0,3.6,yes,Unknown"
"H00060,Hyderabad Care Hospital 60,Mumbai,Private,465.0,2191.0,75.0,yes,NO,No,Yes,4.9,5.0,2.7,33.0,175.0,63.0,3.4,Yes,Patient-Centric Care"
"H00061,Delhi Care Hospital 61,Jaipur,Government,646.0,1950.0,43.0,No,Yes,No,Yes,2.9,3.3,3.4,76.0,88.0,64.0,4.7,Yes,Contactless Healthcare"
"H00062,Delhi Care Hospital 62,Pune,Multispeciality,713.0,812.0,30.0,Yes,No,No,Yes,2.8,3.5,3.8,89.0,105.0,94.0,4.6,YES,Patient-Centric Care"
"H00063,Chennai Care Hospital 63,Coimbatore,Private,1053.0,1014.0,126.0,YES,NO,No,Yes,5.0,3.0,4.2,80.0,192.0,94.0,4.4,No,Smart Hospital"
"H00064,Pune Care Hospital 64,Pune,Government,1075.0,1128.0,128.0,YES,YES,No,No,4.7,2.6,3.6,61.0,116.0,56.0,2.4,yes,Enhanced Security"
"H00065,Hyderabad Care Hospital 65,Hyderabad,Multispeciality,1235.0,661.0,75.0,yes,No,No,Yes,4.3,4.7,4.9,71.0,147.0,98.0,3.5,yes,IoT Healthcare"
"H00066,Pune Care Hospital 66,Hyderabad,Government,662.0,1446.0,26.0,No,NO,Yes,Yes,2.1,3.5,2.5,30.0,5.0,52.0,3.5,No,Contactless Healthcare"
"H00067,Delhi Care Hospital 67,Coimbatore,Government,728.0,1245.0,19.0,No,No,Yes,No,4.5,3.0,4.2,74.0,198.0,99.0,4.0,No,Patient-Centric Care"
"H00068,Delhi Care Hospital 68,Kochi,Private,743.0,168.0,62.0,yes,No,Yes,Yes,3.0,3.5,4.4,62.0,220.0,84.0,3.3,YES,Green Hospital"
"H00069,Pune Care Hospital 69,Delhi,Private,141.0,624.0,13.0,No,Yes,Yes,No,2.2,4.3,4.9,45.0,116.0,87.0,2.9,No,Contactless Healthcare"
"H00070,Chennai Care Hospital 70,Mumbai,Specialty,1056.0,1892.0,99.0,YES,No,Yes,Yes,3.4,3.5,3.3,79.0,102.0,69.0,3.6,No,Digital Patient Care"
"H00071,Madurai Care Hospital 71,Madurai,Multispeciality,313.0,1703.0,77.0,YES,YES,Yes,Yes,2.1,4.3,4.1,99.0,214.0,85.0,3.9,yes,Enhanced Security"
"H00072,Kochi Care Hospital 72,Mumbai,Private,1222.0,2115.0,74.0,Yes,NO,No,Yes,2.9,3.6,3.6,88.0,116.0,75.0,4.4,yes,Enhanced Security"
"H00073,Delhi Care Hospital 73,Madurai,Government,665.0,70.0,22.0,yes,YES,No,Yes,2.5,4.0,2.4,56.0,96.0,59.0,4.4,YES,Smart Hospital"
"H00074,Bengaluru Care Hospital 74,Pune,Private,759.0,133.0,63.0,No,YES,No,Yes,2.5,4.1,4.0,79.0,215.0,51.0,4.6,No,Green Hospital"
"H00075,Delhi Care Hospital 75,Delhi,Government,1315.0,510.0,82.0,YES,YES,No,No,3.9,2.1,3.3,100.0,132.0,90.0,4.0,No,Green Hospital"
"H00076,Chennai Care Hospital 76,Bengaluru,Private,709.0,70.0,124.0,yes,NO,No,Yes,2.1,3.5,3.6,62.0,116.0,85.0,4.7,yes,IoT Healthcare"
"H00077,Chennai Care Hospital 77,Hyderabad,Government,349.0,944.0,9.0,Yes,Yes,No,No,2.6,4.0,3.6,79.0,81.0,50.0,4.7,yes,IoT Healthcare"
"H00078,Bengaluru Care Hospital 78,Mumbai,Multispeciality,718.0,756.0,102.0,YES,YES,No,Yes,2.2,2.0,3.5,48.0,139.0,56.0,2.7,No,Smart Hospital"
"H00079,Madurai Care Hospital 79,Pune,Government,1469.0,1718.0,46.0,Yes,YES,No,Yes,3.8,4.7,4.5,67.0,198.0,70.0,3.6,No,Smart Hospital"
"H00080,Hyderabad Care Hospital 80,Chennai,Government,1321.0,1512.0,100.0,yes,No,No,Yes,3.1,4.6,4.1,67.0,150.0,75.0,4.4,Yes,Green Hospital"
"H00081,Bengaluru Care Hospital 81,Hyderabad,Multispeciality,158.0,443.0,108.0,YES,No,No,Yes,5.0,2.1,2.5,47.0,133.0,100.0,4.4,yes,Digital Patient Care"
"H00082,Bengaluru Care Hospital 82,Madurai,Private,1003.0,362.0,58.0,Yes,Yes,No,Yes,3.6,4.6,2.2,49.0,195.0,65.0,3.5,No,Unknown"
"H00083,Kochi Care Hospital 83,Madurai,Government,1485.0,638.0,75.0,yes,No,No,No,2.2,3.7,3.9,97.0,114.0,77.0,4.1,YES,Enhanced Security"
"H00084,Hyderabad Care Hospital 84,Hyderabad,Specialty,1441.0,341.0,75.0,Yes,YES,No,Yes,3.5,3.5,3.5,52.0,102.0,97.0,3.8,YES,AI Healthcare"
"H00085,Chennai Care Hospital 85,Delhi,Private,1092.0,90.0,31.0,yes,YES,Yes,Yes,2.7,3.4,3.5,67.0,184.0,75.0,3.2,yes,Enhanced Security"
"H00086,Hyderabad Care Hospital 86,Mumbai,Specialty,203.0,2054.0,75.0,Yes,Yes,No,Yes,2.7,4.3,3.9,83.0,192.0,56.0,4.5,No,Unknown"
"H00087,Chennai Care Hospital 87,Madurai,Multispeciality,300.0,206.0,24.0,yes,No,No,No,4.1,3.5,3.9,44.0,87.0,59.0,3.2,No,Green Hospital"
"H00088,Pune Care Hospital 88,Chennai,Specialty,136.0,1341.0,108.0,Yes,Yes,No,Yes,4.4,4.0,2.6,67.0,191.0,100.0,4.7,YES,Smart Hospital"
"H00089,Delhi Care Hospital 89,Hyderabad,Specialty,1193.0,379.0,12.0,YES,No,No,No,4.7,4.6,3.4,38.0,117.0,82.0,3.2,No,Contactless Healthcare"
"H00090,Kochi Care Hospital 90,Coimbatore,Private,159.0,1134.0,44.0,YES,Yes,No,Yes,5.0,2.8,3.4,79.0,116.0,98.0,2.3,Yes,Digital Patient Care"
"H00091,Jaipur Care Hospital 91,Delhi,Private,183.0,1962.0,17.0,yes,NO,No,Yes,4.0,3.1,2.1,35.0,110.0,67.0,2.4,Yes,Green Hospital"
"H00092,Bengaluru Care Hospital 92,Hyderabad,Specialty,262.0,1480.0,38.0,yes,NO,No,No,3.5,3.5,3.5,35.0,188.0,76.0,3.7,No,Smart Hospital"
"H00093,Kochi Care Hospital 93,Coimbatore,Government,924.0,1128.0,132.0,No,NO,No,Yes,3.0,4.5,3.2,41.0,109.0,57.0,3.6,yes,Patient-Centric Care"
"H00094,Mumbai Care Hospital 94,Bengaluru,Multispeciality,613.0,2039.0,118.0,YES,NO,No,No,2.6,3.3,3.5,99.0,104.0,95.0,3.1,YES,Green Hospital"
"H00095,Kochi Care Hospital 95,Hyderabad,Government,1009.0,1744.0,75.0,yes,No,Yes,Yes,3.3,2.3,4.9,82.0,114.0,65.0,2.6,yes,Contactless Healthcare"
"H00096,Chennai Care Hospital 96,Mumbai,Specialty,299.0,130.0,71.0,YES,NO,No,Yes,3.2,3.5,3.5,99.0,116.0,75.0,4.6,Yes,Smart Hospital"
"H00097,Jaipur Care Hospital 97,Madurai,Multispeciality,800.8190675017397,369.0,5.0,YES,NO,No,No,3.2,3.1,2.2,67.0,87.0,80.0,2.4,YES,Digital Patient Care"
"H00098,Chennai Care Hospital 98,Mumbai,Private,678.0,2080.0,8.0,yes,Yes,No,No,5.0,4.1,3.0,91.0,164.0,54.0,4.1,YES,IoT Healthcare"
"H00099,Kochi Care Hospital 99,Chennai,Government,1176.0,1164.0,30.0,YES,Yes,Yes,Yes,3.5,2.1,3.5,71.0,151.0,96.0,3.6,YES,Digital Patient Care"
"H00100,Delhi Care Hospital 100,Hyderabad,Private,942.0,1991.0,102.0,No,NO,No,No,3.2,4.6,3.5,96.0,150.0,86.0,2.8,No,Patient-Centric Care"
"H00101,Coimbatore Care Hospital 101,Delhi,Private,798.0,942.0,27.0,YES,NO,No,Yes,4.3,4.1,3.2,41.0,43.0,75.0,3.5,No,Enhanced Security"
"H00102,Chennai Care Hospital 102,Chennai,Private,1315.0,1128.0,65.0,YES,No,Yes,No,3.5,4.3,4.7,36.0,42.0,75.0,3.5,yes,Digital Patient Care"
"H00103,Hyderabad Care Hospital 103,Hyderabad,Government,800.8190675017397,1967.0,128.0,YES,NO,No,No,3.5,4.8,2.7,95.0,129.0,73.0,4.5,Yes,AI Healthcare"
"H00104,Chennai Care Hospital 104,Mumbai,Government,1167.0,1595.0,63.0,YES,NO,No,Yes,3.3,2.2,4.1,96.0,51.0,78.0,4.2,YES,Enhanced Security"
"H00105,Hyderabad Care Hospital 105,Chennai,Government,1015.0,949.0,97.0,yes,No,Yes,No,3.4,4.3,3.4,43.0,9.0,52.0,4.6,No,Green Hospital"
"H00106,Coimbatore Care Hospital 106,Mumbai,Specialty,1102.0,2197.0,142.0,Yes,No,Yes,No,2.1,2.4,2.4,42.0,116.0,62.0,3.5,No,Patient-Centric Care"
"H00107,Madurai Care Hospital 107,Pune,Private,331.0,534.0,103.0,No,No,Yes,No,2.3,3.5,2.8,63.0,188.0,73.0,4.2,yes,Digital Patient Care"
"H00108,Coimbatore Care Hospital 108,Coimbatore,Private,1034.0,2161.0,20.0,No,No,No,No,4.0,4.0,4.1,66.0,216.0,56.0,5.0,No,Enhanced Security"
"H00109,Delhi Care Hospital 109,Madurai,Specialty,1054.0,1349.0,75.0,No,Yes,Yes,Yes,2.8,3.0,2.8,52.0,205.0,60.0,3.5,yes,AI Healthcare"
"H00110,Chennai Care Hospital 110,Kochi,Specialty,188.0,1292.0,136.0,YES,Yes,No,Yes,2.2,4.7,3.7,32.0,58.0,90.0,3.5,Yes,Smart Hospital"
"H00111,Madurai Care Hospital 111,Delhi,Private,1037.0,1430.0,122.0,YES,Yes,Yes,Yes,2.5,2.9,2.7,67.0,188.0,97.0,2.4,YES,Unknown"
"H00112,Chennai Care Hospital 112,Jaipur,Private,752.0,1563.0,93.0,yes,Yes,Yes,No,3.1,3.4,4.8,77.0,155.0,68.0,4.2,yes,Enhanced Security"
"H00113,Delhi Care Hospital 113,Coimbatore,Specialty,885.0,1387.0,61.0,YES,Yes,Yes,No,4.3,4.7,2.9,73.0,116.0,83.0,3.9,yes,Enhanced Security"
"H00114,Pune Care Hospital 114,Bengaluru,Government,636.0,1769.0,20.0,Yes,No,Yes,Yes,3.5,2.8,3.4,65.0,52.0,71.0,2.3,YES,IoT Healthcare"
"H00115,Chennai Care Hospital 115,Coimbatore,Government,923.0,2158.0,13.0,No,Yes,Yes,No,2.3,4.3,3.5,89.0,158.0,71.0,4.6,yes,IoT Healthcare"
"H00116,Delhi Care Hospital 116,Coimbatore,Multispeciality,1153.0,1933.0,11.0,yes,Yes,Yes,Yes,3.2,3.9,3.5,61.0,100.0,61.0,2.4,Yes,Digital Patient Care"
"H00117,Madurai Care Hospital 117,Hyderabad,Specialty,800.8190675017397,1128.0,97.0,yes,YES,Yes,No,3.5,3.2,4.5,48.0,161.0,97.0,2.9,No,Digital Patient Care"
"H00118,Madurai Care Hospital 118,Chennai,Government,792.0,1051.0,18.0,YES,No,Yes,Yes,3.5,3.6,2.4,78.0,218.0,50.0,3.1,Yes,Patient-Centric Care"
"H00119,Delhi Care Hospital 119,Delhi,Private,636.0,1097.0,79.0,YES,NO,Yes,Yes,3.7,3.2,5.0,84.0,154.0,86.0,4.8,No,Patient-Centric Care"
"H00120,Pune Care Hospital 120,Hyderabad,Specialty,815.0,277.0,105.0,YES,No,No,Yes,5.0,3.7,2.0,34.0,72.0,82.0,3.5,Yes,Green Hospital"
"H00121,Kochi Care Hospital 121,Hyderabad,Government,1491.0,974.0,37.0,yes,YES,Yes,No,4.2,4.5,3.8,67.0,179.0,61.0,2.8,yes,Enhanced Security"
"H00122,Hyderabad Care Hospital 122,Delhi,Specialty,866.0,1066.0,150.0,YES,Yes,No,No,3.4,2.5,4.5,62.0,121.0,90.0,2.7,yes,Digital Patient Care"
"H00123,Chennai Care Hospital 123,Kochi,Multispeciality,169.0,1128.0,49.0,Yes,NO,Yes,Yes,3.5,3.5,3.2,87.0,147.0,79.0,4.1,yes,IoT Healthcare"
"H00124,Pune Care Hospital 124,Delhi,Multispeciality,826.0,1128.0,34.0,No,No,No,Yes,3.8,2.1,3.0,65.0,125.0,75.0,3.6,Yes,Enhanced Security"
"H00125,Delhi Care Hospital 125,Coimbatore,Specialty,351.0,1930.0,75.0,Yes,No,No,Yes,3.5,2.6,3.3,90.0,196.0,78.0,3.9,YES,IoT Healthcare"
"H00126,Chennai Care Hospital 126,Chennai,Private,447.0,1419.0,67.0,Yes,NO,No,No,3.5,4.2,3.0,73.0,82.0,75.0,3.5,No,Patient-Centric Care"
"H00127,Madurai Care Hospital 127,Hyderabad,Private,862.0,1013.0,75.0,Yes,No,No,Yes,2.8,2.9,2.3,75.0,145.0,75.0,2.2,yes,Unknown"
"H00128,Delhi Care Hospital 128,Bengaluru,Specialty,392.0,1831.0,24.0,No,NO,No,No,2.1,4.7,3.2,93.0,133.0,84.0,2.1,yes,IoT Healthcare"
"H00129,Bengaluru Care Hospital 129,Kochi,Specialty,1094.0,2007.0,84.0,Yes,No,Yes,No,2.7,3.1,2.9,48.0,132.0,97.0,2.6,YES,Unknown"
"H00130,Chennai Care Hospital 130,Hyderabad,Government,841.0,1128.0,111.0,YES,YES,Yes,Yes,3.7,3.5,3.2,67.0,14.0,75.0,4.2,YES,Patient-Centric Care"
"H00131,Bengaluru Care Hospital 131,Jaipur,Government,105.0,1984.0,62.0,YES,Yes,Yes,Yes,3.5,3.9,4.8,95.0,211.0,59.0,4.5,No,Digital Patient Care"
"H00132,Delhi Care Hospital 132,Mumbai,Specialty,1464.0,702.0,98.0,No,No,No,Yes,4.8,2.9,3.5,55.0,161.0,93.0,4.3,Yes,IoT Healthcare"
"H00133,Bengaluru Care Hospital 133,Hyderabad,Multispeciality,800.8190675017397,539.0,62.0,Yes,No,No,Yes,3.5,2.8,3.9,68.0,206.0,96.0,3.4,Yes,Enhanced Security"
"H00134,Kochi Care Hospital 134,Delhi,Private,415.0,1635.0,23.0,No,Yes,No,Yes,3.8,3.5,3.2,97.0,120.0,54.0,3.6,Yes,IoT Healthcare"
"H00135,Delhi Care Hospital 135,Coimbatore,Multispeciality,605.0,628.0,19.0,YES,No,No,Yes,2.0,3.1,3.5,95.0,194.0,88.0,3.7,Yes,Smart Hospital"
"H00136,Kochi Care Hospital 136,Hyderabad,Specialty,653.0,340.0,41.0,YES,NO,Yes,No,4.2,2.5,2.2,98.0,116.0,79.0,3.9,Yes,Green Hospital"
"H00137,Mumbai Care Hospital 137,Chennai,Government,1252.0,1444.0,48.0,YES,YES,No,Yes,3.5,3.5,2.1,82.0,162.0,80.0,3.5,No,Green Hospital"
"H00138,Madurai Care Hospital 138,Coimbatore,Government,1449.0,1374.0,5.0,No,No,No,No,2.2,3.1,4.3,54.0,70.0,58.0,2.2,YES,AI Healthcare"
"H00139,Pune Care Hospital 139,Coimbatore,Specialty,850.0,56.0,84.0,YES,No,No,No,3.5,4.7,3.3,45.0,175.0,73.0,3.9,yes,Patient-Centric Care"
"H00140,Bengaluru Care Hospital 140,Pune,Specialty,204.0,1128.0,26.0,YES,No,No,Yes,3.5,3.5,4.1,36.0,116.0,94.0,4.5,Yes,Contactless Healthcare"
"H00141,Jaipur Care Hospital 141,Pune,Specialty,1250.0,787.0,144.0,Yes,No,Yes,Yes,2.5,4.9,4.4,30.0,116.0,54.0,4.9,yes,AI Healthcare"
"H00142,Madurai Care Hospital 142,Chennai,Specialty,513.0,2192.0,84.0,No,NO,No,Yes,4.1,4.5,3.9,85.0,123.0,78.0,2.7,Yes,Green Hospital"
"H00143,Coimbatore Care Hospital 143,Chennai,Specialty,800.8190675017397,1389.0,120.0,yes,Yes,No,Yes,4.5,2.2,3.3,31.0,154.0,55.0,2.7,Yes,Smart Hospital"
"H00144,Kochi Care Hospital 144,Coimbatore,Multispeciality,557.0,2112.0,84.0,YES,YES,Yes,Yes,4.9,2.8,3.6,99.0,49.0,78.0,2.4,No,Green Hospital"
"H00145,Coimbatore Care Hospital 145,Chennai,Multispeciality,766.0,1128.0,16.0,yes,NO,No,No,4.9,4.8,2.3,52.0,149.0,94.0,3.5,Yes,Contactless Healthcare"
"H00146,Hyderabad Care Hospital 146,Hyderabad,Specialty,1233.0,1380.0,125.0,YES,Yes,No,No,4.2,4.3,2.2,57.0,205.0,82.0,3.0,Yes,Smart Hospital"
"H00147,Chennai Care Hospital 147,Hyderabad,Private,843.0,1128.0,126.0,Yes,Yes,No,Yes,3.6,3.0,2.0,45.0,121.0,100.0,3.5,No,Unknown"
"H00148,Hyderabad Care Hospital 148,Jaipur,Government,1228.0,552.0,100.0,YES,NO,Yes,Yes,3.1,4.4,4.8,35.0,207.0,64.0,2.4,Yes,Digital Patient Care"
"H00149,Madurai Care Hospital 149,Coimbatore,Specialty,232.0,509.0,41.0,yes,Yes,No,Yes,2.1,3.9,2.6,72.0,196.0,50.0,3.5,yes,AI Healthcare"
"H00150,Kochi Care Hospital 150,Jaipur,Specialty,1165.0,1128.0,48.0,No,NO,Yes,No,3.6,4.6,3.6,37.0,145.0,57.0,2.5,No,Digital Patient Care"
"H00151,Mumbai Care Hospital 151,Delhi,Multispeciality,123.0,1060.0,116.0,YES,No,No,Yes,3.5,4.4,3.5,92.0,177.0,52.0,4.3,No,Contactless Healthcare"
"H00152,Coimbatore Care Hospital 152,Madurai,Government,275.0,660.0,116.0,Yes,Yes,No,No,3.5,3.5,4.9,36.0,102.0,75.0,2.8,YES,Enhanced Security"
"H00153,Pune Care Hospital 153,Hyderabad,Multispeciality,131.0,1467.0,9.0,YES,YES,Yes,Yes,4.1,3.8,3.1,33.0,64.0,68.0,4.2,Yes,Unknown"
"H00154,Jaipur Care Hospital 154,Mumbai,Government,1035.0,1167.0,58.0,YES,Yes,No,No,4.7,4.1,4.1,67.0,116.0,96.0,3.5,YES,Digital Patient Care"
"H00155,Bengaluru Care Hospital 155,Hyderabad,Specialty,505.0,63.0,121.0,Yes,NO,Yes,No,2.0,3.6,2.1,58.0,133.0,86.0,3.7,YES,AI Healthcare"
"H00156,Kochi Care Hospital 156,Bengaluru,Government,1225.0,960.0,8.0,YES,Yes,Yes,No,2.2,4.6,4.0,68.0,47.0,84.0,2.6,Yes,AI Healthcare"
"H00157,Mumbai Care Hospital 157,Hyderabad,Government,1486.0,1591.0,21.0,yes,YES,Yes,No,2.7,3.5,2.1,99.0,140.0,92.0,4.1,YES,Contactless Healthcare"
"H00158,Bengaluru Care Hospital 158,Mumbai,Government,264.0,835.0,99.0,No,YES,No,No,3.2,4.4,3.1,33.0,87.0,96.0,3.4,Yes,Unknown"
"H00159,Mumbai Care Hospital 159,Bengaluru,Government,800.8190675017397,514.0,75.0,yes,No,Yes,Yes,4.3,3.5,2.7,57.0,220.0,95.0,2.2,yes,AI Healthcare"
"H00160,Mumbai Care Hospital 160,Kochi,Government,141.0,1559.0,107.0,yes,YES,Yes,Yes,3.3,4.9,3.7,35.0,218.0,85.0,3.6,YES,Smart Hospital"
"H00161,Pune Care Hospital 161,Chennai,Government,800.8190675017397,1086.0,34.0,YES,No,No,No,2.6,3.5,4.9,37.0,54.0,89.0,4.0,YES,Enhanced Security"
"H00162,Coimbatore Care Hospital 162,Bengaluru,Specialty,385.0,1947.0,26.0,Yes,NO,No,No,3.5,3.2,4.7,41.0,120.0,66.0,3.5,yes,Contactless Healthcare"
"H00163,Pune Care Hospital 163,Jaipur,Private,660.0,1165.0,106.0,Yes,Yes,No,No,2.6,3.7,4.5,80.0,200.0,75.0,4.4,yes,Unknown"
"H00164,Jaipur Care Hospital 164,Mumbai,Multispeciality,302.0,934.0,99.0,yes,YES,No,No,2.9,2.6,4.2,41.0,34.0,78.0,3.5,Yes,Digital Patient Care"
"H00165,Delhi Care Hospital 165,Chennai,Multispeciality,651.0,2185.0,149.0,yes,Yes,No,No,2.9,2.0,2.0,67.0,22.0,57.0,3.4,No,Digital Patient Care"
"H00166,Hyderabad Care Hospital 166,Hyderabad,Multispeciality,972.0,1520.0,147.0,No,No,No,Yes,3.5,5.0,3.4,41.0,7.0,90.0,2.5,No,Enhanced Security"
"H00167,Kochi Care Hospital 167,Hyderabad,Specialty,982.0,1742.0,75.0,yes,No,No,No,3.5,2.0,4.9,57.0,47.0,71.0,4.6,YES,Enhanced Security"
"H00168,Delhi Care Hospital 168,Delhi,Specialty,800.8190675017397,567.0,133.0,Yes,No,No,No,2.3,3.4,3.5,78.0,115.0,75.0,2.1,No,IoT Healthcare"
"H00169,Chennai Care Hospital 169,Pune,Specialty,146.0,2177.0,94.0,yes,NO,No,Yes,4.6,3.4,2.5,94.0,122.0,64.0,4.9,No,Unknown"
"H00170,Coimbatore Care Hospital 170,Jaipur,Private,491.0,425.0,93.0,YES,No,No,Yes,4.6,4.2,2.8,45.0,133.0,96.0,3.3,Yes,IoT Healthcare"
"H00171,Coimbatore Care Hospital 171,Jaipur,Multispeciality,1264.0,685.0,65.0,yes,No,No,No,2.4,2.2,3.0,70.0,170.0,88.0,4.0,yes,Unknown"
"H00172,Jaipur Care Hospital 172,Kochi,Multispeciality,1124.0,379.0,111.0,Yes,Yes,Yes,Yes,3.4,3.5,3.5,63.0,67.0,70.0,3.4,No,Digital Patient Care"
"H00173,Madurai Care Hospital 173,Hyderabad,Government,924.0,845.0,114.0,yes,YES,Yes,Yes,2.6,2.5,3.9,67.0,160.0,93.0,2.4,No,Patient-Centric Care"
"H00174,Kochi Care Hospital 174,Hyderabad,Government,530.0,1128.0,31.0,Yes,YES,No,Yes,3.6,3.5,4.2,67.0,108.0,65.0,2.7,yes,AI Healthcare"
"H00175,Delhi Care Hospital 175,Madurai,Government,908.0,1964.0,144.0,Yes,Yes,Yes,No,3.7,4.0,4.7,78.0,182.0,90.0,3.9,Yes,Contactless Healthcare"
"H00176,Hyderabad Care Hospital 176,Coimbatore,Private,1419.0,519.0,39.0,YES,Yes,No,Yes,3.5,2.1,3.9,46.0,69.0,62.0,2.6,YES,Digital Patient Care"
"H00177,Kochi Care Hospital 177,Coimbatore,Multispeciality,1380.0,1128.0,49.0,Yes,No,No,No,4.8,2.1,3.0,83.0,58.0,56.0,2.3,Yes,Green Hospital"
"H00178,Chennai Care Hospital 178,Madurai,Private,1026.0,481.0,123.0,YES,Yes,No,Yes,3.5,2.0,4.4,58.0,69.0,61.0,3.5,Yes,Enhanced Security"
"H00179,Bengaluru Care Hospital 179,Bengaluru,Multispeciality,501.0,294.0,145.0,YES,YES,Yes,Yes,3.3,2.3,3.0,100.0,91.0,68.0,3.5,YES,Contactless Healthcare"
"H00180,Delhi Care Hospital 180,Jaipur,Specialty,608.0,1675.0,146.0,YES,NO,Yes,No,4.1,4.0,3.2,67.0,116.0,96.0,2.8,No,IoT Healthcare"
"H00181,Delhi Care Hospital 181,Kochi,Multispeciality,623.0,441.0,18.0,No,No,Yes,Yes,4.3,4.4,4.3,42.0,70.0,63.0,2.9,YES,IoT Healthcare"
"H00182,Jaipur Care Hospital 182,Chennai,Government,1402.0,439.0,142.0,No,No,No,Yes,3.0,3.2,4.7,43.0,216.0,51.0,4.5,Yes,IoT Healthcare"
"H00183,Chennai Care Hospital 183,Delhi,Specialty,1391.0,1128.0,75.0,yes,Yes,Yes,No,4.1,4.5,3.7,95.0,116.0,75.0,4.4,Yes,Unknown"
"H00184,Hyderabad Care Hospital 184,Delhi,Specialty,1270.0,1850.0,136.0,Yes,Yes,Yes,No,2.7,2.1,3.5,90.0,116.0,76.0,2.7,YES,AI Healthcare"
"H00185,Pune Care Hospital 185,Chennai,Multispeciality,863.0,743.0,126.0,Yes,No,Yes,Yes,3.7,4.6,3.6,63.0,39.0,75.0,3.9,Yes,AI Healthcare"
"H00186,Coimbatore Care Hospital 186,Pune,Multispeciality,326.0,328.0,113.0,Yes,NO,Yes,Yes,4.8,3.0,3.7,99.0,30.0,76.0,2.3,YES,Green Hospital"
"H00187,Mumbai Care Hospital 187,Bengaluru,Multispeciality,829.0,1661.0,37.0,Yes,No,Yes,Yes,3.8,3.3,4.8,63.0,135.0,78.0,4.3,YES,Enhanced Security"
"H00188,Bengaluru Care Hospital 188,Delhi,Specialty,744.0,962.0,44.0,YES,NO,No,Yes,2.5,2.1,3.0,44.0,88.0,81.0,4.7,No,IoT Healthcare"
"H00189,Hyderabad Care Hospital 189,Pune,Specialty,1316.0,765.0,75.0,YES,Yes,No,Yes,3.1,3.3,2.3,67.0,9.0,96.0,3.9,Yes,Digital Patient Care"
"H00190,Madurai Care Hospital 190,Madurai,Specialty,800.8190675017397,2198.0,140.0,YES,Yes,No,Yes,3.4,4.1,2.1,60.0,133.0,100.0,4.1,YES,Unknown"
"H00191,Hyderabad Care Hospital 191,Hyderabad,Private,1300.0,973.0,75.0,No,Yes,No,No,3.1,4.4,4.9,64.0,140.0,93.0,3.2,YES,Contactless Healthcare"
"H00192,Mumbai Care Hospital 192,Kochi,Specialty,144.0,1373.0,106.0,Yes,NO,No,Yes,2.8,3.5,2.1,91.0,175.0,53.0,3.7,No,IoT Healthcare"
"H00193,Jaipur Care Hospital 193,Coimbatore,Government,398.0,199.0,133.0,Yes,YES,No,No,3.9,2.3,3.4,32.0,213.0,71.0,3.5,No,Patient-Centric Care"
"H00194,Madurai Care Hospital 194,Pune,Multispeciality,1462.0,1244.0,131.0,yes,NO,No,No,3.6,3.5,4.6,61.0,206.0,80.0,4.8,YES,Digital Patient Care"
"H00195,Bengaluru Care Hospital 195,Hyderabad,Multispeciality,1273.0,131.0,44.0,yes,No,No,No,3.5,3.9,4.2,42.0,171.0,79.0,4.8,No,Patient-Centric Care"
"H00196,Chennai Care Hospital 196,Mumbai,Multispeciality,800.8190675017397,2152.0,36.0,yes,Yes,No,No,3.8,2.8,3.1,86.0,160.0,75.0,4.8,YES,Green Hospital"
"H00197,Bengaluru Care Hospital 197,Pune,Private,495.0,1148.0,75.0,YES,YES,No,Yes,2.7,4.9,2.7,64.0,183.0,76.0,4.3,YES,IoT Healthcare"
"H00198,Pune Care Hospital 198,Jaipur,Multispeciality,1114.0,1011.0,23.0,No,No,No,Yes,3.5,3.3,2.8,48.0,60.0,99.0,3.8,YES,IoT Healthcare"
"H00199,Bengaluru Care Hospital 199,Madurai,Specialty,486.0,1100.0,128.0,Yes,No,Yes,No,3.9,3.5,2.3,97.0,116.0,55.0,4.8,Yes,Green Hospital"
"H00200,Delhi Care Hospital 200,Bengaluru,Multispeciality,800.8190675017397,445.0,20.0,Yes,NO,No,Yes,4.7,2.8,4.9,60.0,9.0,81.0,3.6,yes,Contactless Healthcare"
"H00201,Madurai Care Hospital 201,Jaipur,Specialty,800.8190675017397,676.0,42.0,yes,Yes,No,No,2.3,2.7,3.2,93.0,211.0,83.0,4.6,YES,Smart Hospital"
"H00202,Coimbatore Care Hospital 202,Jaipur,Specialty,1090.0,1290.0,118.0,No,Yes,No,No,3.2,2.2,3.5,67.0,22.0,51.0,3.5,yes,Contactless Healthcare"
"H00203,Mumbai Care Hospital 203,Pune,Government,605.0,1128.0,136.0,YES,Yes,No,No,2.2,3.5,2.8,81.0,170.0,75.0,2.5,Yes,Contactless Healthcare"
"H00204,Delhi Care Hospital 204,Madurai,Specialty,723.0,1128.0,14.0,Yes,YES,No,No,3.5,3.1,2.2,61.0,213.0,96.0,2.9,YES,Unknown"
"H00205,Kochi Care Hospital 205,Coimbatore,Specialty,316.0,1351.0,75.0,No,Yes,No,Yes,4.8,2.0,4.3,40.0,144.0,76.0,4.2,No,AI Healthcare"
"H00206,Mumbai Care Hospital 206,Mumbai,Private,393.0,647.0,28.0,Yes,No,No,No,3.5,4.6,2.1,38.0,22.0,99.0,2.3,YES,Digital Patient Care"
"H00207,Coimbatore Care Hospital 207,Coimbatore,Specialty,715.0,199.0,6.0,YES,YES,Yes,No,2.5,4.1,4.7,90.0,194.0,75.0,4.9,Yes,Patient-Centric Care"
"H00208,Kochi Care Hospital 208,Mumbai,Private,512.0,1966.0,75.0,YES,No,No,Yes,2.6,4.2,3.3,99.0,104.0,89.0,3.8,yes,Enhanced Security"
"H00209,Chennai Care Hospital 209,Madurai,Private,1005.0,1667.0,117.0,YES,YES,Yes,Yes,3.6,3.3,4.7,64.0,71.0,51.0,2.3,yes,AI Healthcare"
"H00210,Hyderabad Care Hospital 210,Chennai,Multispeciality,632.0,1172.0,27.0,No,NO,Yes,No,4.0,4.6,2.4,70.0,116.0,75.0,3.5,yes,IoT Healthcare"
"H00211,Pune Care Hospital 211,Chennai,Multispeciality,649.0,369.0,84.0,YES,No,Yes,No,2.9,3.8,2.9,47.0,182.0,69.0,4.9,No,Smart Hospital"
"H00212,Pune Care Hospital 212,Mumbai,Specialty,198.0,1933.0,62.0,yes,Yes,Yes,Yes,3.5,4.5,2.7,38.0,181.0,75.0,3.5,YES,Contactless Healthcare"
"H00213,Chennai Care Hospital 213,Mumbai,Government,1062.0,1713.0,47.0,YES,NO,No,Yes,3.1,2.2,3.3,67.0,105.0,52.0,2.9,YES,Patient-Centric Care"
"H00214,Kochi Care Hospital 214,Hyderabad,Government,1382.0,135.0,75.0,yes,YES,No,No,2.3,3.4,2.1,97.0,23.0,68.0,2.8,YES,Green Hospital"
"H00215,Mumbai Care Hospital 215,Coimbatore,Multispeciality,952.0,1128.0,82.0,YES,NO,No,No,4.3,2.0,3.5,46.0,193.0,91.0,3.8,Yes,Contactless Healthcare"
"H00216,Chennai Care Hospital 216,Mumbai,Multispeciality,902.0,2049.0,75.0,yes,No,Yes,Yes,2.7,2.2,2.4,83.0,140.0,73.0,4.1,Yes,Digital Patient Care"
"H00217,Delhi Care Hospital 217,Madurai,Multispeciality,800.8190675017397,511.0,78.0,yes,No,Yes,No,3.0,4.0,4.8,59.0,124.0,67.0,3.1,YES,Unknown"
"H00218,Pune Care Hospital 218,Delhi,Specialty,580.0,2168.0,137.0,No,No,Yes,No,4.1,3.5,3.9,75.0,67.0,86.0,3.3,YES,IoT Healthcare"
"H00219,Jaipur Care Hospital 219,Pune,Specialty,782.0,2127.0,63.0,No,No,Yes,Yes,4.9,3.5,3.5,42.0,13.0,67.0,4.1,YES,Enhanced Security"
"H00220,Hyderabad Care Hospital 220,Hyderabad,Multispeciality,786.0,2042.0,42.0,yes,Yes,Yes,Yes,4.6,3.1,2.2,93.0,124.0,61.0,3.7,Yes,Green Hospital"
"H00221,Mumbai Care Hospital 221,Mumbai,Government,649.0,625.0,59.0,No,No,No,No,3.7,4.3,2.2,65.0,73.0,68.0,4.2,yes,IoT Healthcare"
"H00222,Hyderabad Care Hospital 222,Pune,Multispeciality,1003.0,1145.0,52.0,YES,YES,No,No,2.2,4.5,2.2,63.0,184.0,82.0,4.0,YES,Patient-Centric Care"
"H00223,Pune Care Hospital 223,Madurai,Multispeciality,978.0,1898.0,73.0,YES,No,No,No,4.7,4.5,3.5,71.0,22.0,66.0,4.8,No,Smart Hospital"
"H00224,Hyderabad Care Hospital 224,Delhi,Private,292.0,1219.0,126.0,No,Yes,No,No,2.3,2.2,3.5,67.0,116.0,60.0,2.9,No,Green Hospital"
"H00225,Pune Care Hospital 225,Jaipur,Government,1279.0,943.0,66.0,Yes,Yes,No,No,3.9,2.8,2.8,92.0,119.0,86.0,3.3,yes,Patient-Centric Care"
"H00226,Pune Care Hospital 226,Hyderabad,Private,428.0,1128.0,99.0,YES,Yes,Yes,Yes,4.0,3.0,4.3,71.0,19.0,89.0,3.7,No,Green Hospital"
"H00227,Kochi Care Hospital 227,Delhi,Government,299.0,1800.0,47.0,yes,Yes,No,Yes,2.6,3.5,4.7,52.0,187.0,75.0,4.3,YES,Smart Hospital"
"H00228,Bengaluru Care Hospital 228,Mumbai,Government,1338.0,1995.0,111.0,YES,YES,No,No,2.7,3.5,4.8,30.0,129.0,63.0,4.6,No,Contactless Healthcare"
"H00229,Mumbai Care Hospital 229,Hyderabad,Private,1087.0,942.0,122.0,YES,No,Yes,No,4.6,3.5,3.5,43.0,173.0,75.0,3.5,Yes,Green Hospital"
"H00230,Chennai Care Hospital 230,Pune,Private,242.0,1112.0,116.0,YES,NO,Yes,No,3.5,3.3,2.8,67.0,153.0,82.0,2.8,No,Contactless Healthcare"
"H00231,Mumbai Care Hospital 231,Kochi,Specialty,416.0,2106.0,9.0,Yes,NO,No,Yes,4.9,3.2,2.4,51.0,184.0,86.0,4.5,Yes,Contactless Healthcare"
"H00232,Delhi Care Hospital 232,Kochi,Specialty,1103.0,642.0,113.0,yes,No,Yes,Yes,4.4,2.7,4.5,67.0,116.0,98.0,5.0,yes,Patient-Centric Care"
"H00233,Hyderabad Care Hospital 233,Mumbai,Multispeciality,1077.0,1128.0,128.0,YES,Yes,Yes,No,4.7,4.2,4.1,90.0,41.0,94.0,4.9,No,IoT Healthcare"
"H00234,Chennai Care Hospital 234,Bengaluru,Specialty,1439.0,619.0,86.0,Yes,YES,Yes,Yes,4.9,2.1,4.6,74.0,136.0,61.0,4.9,YES,Enhanced Security"
"H00235,Jaipur Care Hospital 235,Mumbai,Government,602.0,789.0,90.0,Yes,YES,Yes,Yes,3.2,2.1,2.1,81.0,79.0,90.0,3.3,yes,Green Hospital"
"H00236,Mumbai Care Hospital 236,Delhi,Multispeciality,881.0,2104.0,75.0,No,NO,Yes,No,2.2,2.3,2.9,65.0,116.0,53.0,4.6,Yes,Green Hospital"
"H00237,Jaipur Care Hospital 237,Bengaluru,Specialty,499.0,692.0,132.0,yes,YES,No,Yes,3.0,4.8,4.4,39.0,101.0,80.0,4.9,Yes,Digital Patient Care"
"H00238,Delhi Care Hospital 238,Pune,Specialty,1442.0,2002.0,15.0,No,NO,No,Yes,3.4,4.7,4.7,90.0,59.0,85.0,3.7,yes,Contactless Healthcare"
"H00239,Mumbai Care Hospital 239,Mumbai,Specialty,800.8190675017397,539.0,36.0,Yes,NO,Yes,No,2.7,3.1,3.5,51.0,32.0,66.0,2.8,Yes,Patient-Centric Care"
"H00240,Hyderabad Care Hospital 240,Pune,Government,648.0,1401.0,93.0,yes,No,Yes,Yes,3.6,2.1,2.5,86.0,7.0,53.0,3.1,yes,Unknown"
"H00241,Madurai Care Hospital 241,Jaipur,Specialty,800.8190675017397,1128.0,69.0,YES,YES,No,Yes,2.1,4.1,4.0,81.0,97.0,62.0,2.6,No,IoT Healthcare"
"H00242,Jaipur Care Hospital 242,Chennai,Private,800.8190675017397,1695.0,54.0,YES,Yes,Yes,No,4.3,3.6,3.3,41.0,53.0,93.0,4.1,No,AI Healthcare"
"H00243,Delhi Care Hospital 243,Kochi,Government,800.8190675017397,2114.0,13.0,yes,NO,Yes,No,4.4,2.9,2.6,88.0,215.0,86.0,4.9,Yes,Patient-Centric Care"
"H00244,Madurai Care Hospital 244,Pune,Multispeciality,1041.0,1128.0,121.0,yes,No,No,Yes,2.0,2.2,4.8,44.0,135.0,52.0,2.6,No,Digital Patient Care"
"H00245,Mumbai Care Hospital 245,Hyderabad,Private,800.8190675017397,1554.0,88.0,YES,No,No,No,3.5,2.1,2.3,83.0,172.0,81.0,2.3,yes,Smart Hospital"
"H00246,Chennai Care Hospital 246,Delhi,Multispeciality,1318.0,1838.0,10.0,Yes,YES,No,Yes,2.2,3.4,4.3,89.0,157.0,62.0,4.6,No,Digital Patient Care"
"H00247,Kochi Care Hospital 247,Mumbai,Government,1079.0,1489.0,20.0,Yes,No,No,Yes,2.9,3.5,2.1,39.0,164.0,69.0,4.5,No,IoT Healthcare"
"H00248,Delhi Care Hospital 248,Pune,Specialty,1106.0,1377.0,8.0,yes,No,No,Yes,3.5,3.3,2.3,98.0,80.0,95.0,3.0,YES,Patient-Centric Care"
"H00249,Hyderabad Care Hospital 249,Chennai,Government,1025.0,1128.0,15.0,No,Yes,No,Yes,3.9,2.9,3.8,71.0,168.0,98.0,3.5,YES,AI Healthcare"
"H00250,Delhi Care Hospital 250,Mumbai,Government,995.0,1065.0,85.0,yes,NO,Yes,Yes,2.6,2.6,4.2,31.0,20.0,53.0,4.9,No,Smart Hospital"
"H00251,Kochi Care Hospital 251,Delhi,Specialty,288.0,1992.0,75.0,YES,NO,No,No,3.5,2.3,4.4,97.0,40.0,50.0,2.6,Yes,Contactless Healthcare"
"H00252,Kochi Care Hospital 252,Kochi,Multispeciality,913.0,827.0,65.0,yes,No,No,No,3.0,4.9,4.3,72.0,9.0,76.0,3.1,YES,Unknown"
"H00253,Kochi Care Hospital 253,Hyderabad,Private,1171.0,891.0,135.0,Yes,YES,No,Yes,4.1,2.0,3.6,81.0,116.0,100.0,3.4,yes,Green Hospital"
"H00254,Bengaluru Care Hospital 254,Bengaluru,Specialty,398.0,789.0,118.0,yes,YES,Yes,Yes,3.2,4.5,4.9,54.0,116.0,85.0,4.4,yes,AI Healthcare"
"H00255,Chennai Care Hospital 255,Delhi,Specialty,864.0,133.0,129.0,No,No,No,No,4.7,3.2,3.5,68.0,157.0,100.0,4.7,Yes,Digital Patient Care"
"H00256,Bengaluru Care Hospital 256,Chennai,Multispeciality,84.0,280.0,70.0,yes,No,No,No,2.5,3.9,4.7,93.0,217.0,75.0,4.3,YES,Digital Patient Care"
"H00257,Coimbatore Care Hospital 257,Jaipur,Multispeciality,352.0,1911.0,108.0,yes,YES,No,Yes,3.0,3.9,2.5,31.0,114.0,89.0,3.8,No,Green Hospital"
"H00258,Delhi Care Hospital 258,Hyderabad,Multispeciality,452.0,1128.0,75.0,Yes,Yes,No,Yes,2.7,2.7,3.2,61.0,192.0,82.0,4.4,Yes,Green Hospital"
"H00259,Mumbai Care Hospital 259,Mumbai,Specialty,1313.0,1916.0,148.0,yes,Yes,No,No,2.4,4.2,3.5,83.0,116.0,72.0,4.1,No,AI Healthcare"
"H00260,Pune Care Hospital 260,Hyderabad,Private,101.0,1125.0,11.0,YES,No,No,Yes,4.6,2.2,4.5,60.0,54.0,95.0,4.9,YES,Contactless Healthcare"
"H00261,Mumbai Care Hospital 261,Mumbai,Specialty,689.0,1951.0,35.0,yes,YES,Yes,No,2.5,4.0,2.8,46.0,95.0,53.0,3.5,Yes,Patient-Centric Care"
"H00262,Coimbatore Care Hospital 262,Coimbatore,Multispeciality,96.0,1357.0,86.0,YES,YES,Yes,No,3.6,4.6,2.9,56.0,163.0,72.0,2.0,YES,Enhanced Security"
"H00263,Coimbatore Care Hospital 263,Kochi,Private,1248.0,1338.0,41.0,yes,No,Yes,No,2.2,2.0,3.9,67.0,22.0,67.0,3.8,No,Green Hospital"
"H00264,Bengaluru Care Hospital 264,Kochi,Multispeciality,1389.0,2064.0,75.0,Yes,No,Yes,No,4.3,2.9,3.5,67.0,85.0,62.0,4.2,Yes,Patient-Centric Care"
"H00265,Hyderabad Care Hospital 265,Madurai,Government,1153.0,277.0,84.0,No,NO,No,Yes,4.7,3.8,4.1,53.0,143.0,84.0,3.3,Yes,Green Hospital"
"H00266,Jaipur Care Hospital 266,Delhi,Specialty,95.0,1042.0,150.0,No,Yes,No,No,2.4,2.8,4.8,55.0,109.0,80.0,2.2,yes,Smart Hospital"
"H00267,Pune Care Hospital 267,Hyderabad,Government,763.0,1198.0,25.0,YES,No,Yes,Yes,3.7,2.4,2.7,67.0,72.0,50.0,4.4,No,Green Hospital"
"H00268,Delhi Care Hospital 268,Madurai,Specialty,408.0,319.0,128.0,YES,No,No,Yes,3.5,4.3,2.2,76.0,183.0,85.0,4.8,yes,AI Healthcare"
"H00269,Kochi Care Hospital 269,Hyderabad,Government,171.0,1508.0,15.0,Yes,No,No,No,4.9,3.9,3.0,58.0,159.0,98.0,3.6,No,Patient-Centric Care"
"H00270,Bengaluru Care Hospital 270,Mumbai,Government,800.8190675017397,308.0,92.0,YES,No,No,No,3.5,5.0,3.2,65.0,170.0,75.0,4.2,yes,Digital Patient Care"
"H00271,Jaipur Care Hospital 271,Mumbai,Specialty,151.0,168.0,132.0,YES,YES,Yes,No,3.3,2.7,2.9,93.0,212.0,97.0,3.5,No,Patient-Centric Care"
"H00272,Madurai Care Hospital 272,Hyderabad,Private,381.0,863.0,75.0,yes,YES,No,No,4.0,3.5,3.6,76.0,116.0,56.0,3.5,No,Patient-Centric Care"
"H00273,Hyderabad Care Hospital 273,Pune,Specialty,1246.0,1163.0,49.0,No,NO,No,No,4.5,2.5,3.5,38.0,103.0,75.0,3.5,Yes,Contactless Healthcare"
"H00274,Pune Care Hospital 274,Kochi,Government,158.0,1264.0,47.0,Yes,YES,Yes,No,3.5,4.4,4.9,53.0,111.0,75.0,4.0,Yes,Digital Patient Care"
"H00275,Bengaluru Care Hospital 275,Hyderabad,Specialty,605.0,915.0,89.0,Yes,Yes,No,Yes,3.5,3.0,4.4,67.0,44.0,75.0,4.5,Yes,Contactless Healthcare"
"H00276,Coimbatore Care Hospital 276,Kochi,Private,800.8190675017397,1878.0,53.0,yes,YES,No,No,4.7,3.3,3.1,75.0,132.0,63.0,3.2,YES,Digital Patient Care"
"H00277,Delhi Care Hospital 277,Pune,Government,1029.0,1477.0,59.0,YES,No,Yes,Yes,4.1,5.0,2.5,99.0,76.0,59.0,3.5,Yes,Patient-Centric Care"
"H00278,Hyderabad Care Hospital 278,Mumbai,Private,186.0,1511.0,114.0,YES,No,No,No,4.9,4.7,3.8,62.0,163.0,87.0,5.0,No,Contactless Healthcare"
"H00279,Bengaluru Care Hospital 279,Pune,Specialty,452.0,1128.0,121.0,No,No,Yes,No,2.8,3.3,2.8,56.0,178.0,61.0,3.9,No,IoT Healthcare"
"H00280,Delhi Care Hospital 280,Madurai,Specialty,800.8190675017397,821.0,76.0,Yes,YES,No,No,3.7,4.1,4.3,91.0,191.0,77.0,3.2,YES,AI Healthcare"
"H00281,Hyderabad Care Hospital 281,Kochi,Specialty,182.0,477.0,131.0,yes,No,No,No,2.6,4.9,2.6,81.0,92.0,90.0,2.6,Yes,Patient-Centric Care"
"H00282,Bengaluru Care Hospital 282,Chennai,Government,769.0,1301.0,53.0,YES,Yes,No,No,3.7,3.5,3.0,53.0,129.0,71.0,3.5,No,Green Hospital"
"H00283,Mumbai Care Hospital 283,Hyderabad,Multispeciality,1194.0,1436.0,98.0,yes,Yes,No,No,3.3,2.4,4.9,84.0,29.0,58.0,4.0,Yes,Unknown"
"H00284,Delhi Care Hospital 284,Delhi,Multispeciality,1121.0,521.0,34.0,yes,Yes,No,No,2.8,4.1,3.7,48.0,54.0,91.0,4.2,Yes,Enhanced Security"
"H00285,Mumbai Care Hospital 285,Delhi,Government,1428.0,1241.0,75.0,YES,No,Yes,No,2.0,3.5,3.6,75.0,168.0,51.0,2.5,No,IoT Healthcare"
"H00286,Bengaluru Care Hospital 286,Madurai,Government,1200.0,895.0,47.0,yes,YES,Yes,No,2.6,3.9,3.4,62.0,116.0,89.0,4.3,No,AI Healthcare"
"H00287,Madurai Care Hospital 287,Hyderabad,Specialty,1114.0,1526.0,56.0,YES,Yes,No,No,4.3,3.4,3.1,57.0,89.0,75.0,2.7,Yes,Unknown"
"H00288,Kochi Care Hospital 288,Bengaluru,Government,1339.0,311.0,23.0,yes,Yes,Yes,Yes,2.7,4.7,4.7,67.0,193.0,50.0,4.4,No,Green Hospital"
"H00289,Mumbai Care Hospital 289,Hyderabad,Multispeciality,393.0,1819.0,22.0,Yes,No,No,Yes,2.5,2.9,3.0,96.0,72.0,97.0,2.5,yes,IoT Healthcare"
"H00290,Kochi Care Hospital 290,Hyderabad,Private,463.0,182.0,33.0,YES,No,No,No,4.5,2.4,4.3,86.0,141.0,98.0,4.0,Yes,AI Healthcare"
"H00291,Jaipur Care Hospital 291,Pune,Specialty,590.0,1462.0,13.0,No,No,Yes,Yes,3.6,4.2,3.5,76.0,212.0,65.0,4.8,Yes,AI Healthcare"
"H00292,Bengaluru Care Hospital 292,Bengaluru,Government,284.0,1549.0,59.0,No,NO,No,No,4.2,3.2,5.0,91.0,96.0,98.0,2.7,YES,IoT Healthcare"
"H00293,Bengaluru Care Hospital 293,Delhi,Multispeciality,800.8190675017397,607.0,6.0,YES,Yes,No,No,2.2,3.0,2.6,59.0,105.0,75.0,3.3,No,Contactless Healthcare"
"H00294,Bengaluru Care Hospital 294,Jaipur,Specialty,1292.0,1782.0,37.0,No,NO,Yes,No,2.9,2.4,2.2,67.0,23.0,86.0,4.7,Yes,AI Healthcare"
"H00295,Mumbai Care Hospital 295,Madurai,Specialty,800.8190675017397,301.0,96.0,No,No,No,No,3.4,3.5,2.2,92.0,153.0,94.0,4.5,No,Green Hospital"
"H00296,Hyderabad Care Hospital 296,Mumbai,Specialty,707.0,971.0,33.0,YES,YES,Yes,Yes,3.7,4.3,3.1,72.0,148.0,77.0,2.7,No,AI Healthcare"
"H00297,Madurai Care Hospital 297,Madurai,Multispeciality,1076.0,1779.0,73.0,Yes,NO,Yes,Yes,4.4,2.4,2.2,91.0,116.0,92.0,2.8,YES,Enhanced Security"
"H00298,Kochi Care Hospital 298,Madurai,Multispeciality,280.0,1697.0,75.0,Yes,Yes,No,Yes,3.2,2.5,3.2,95.0,12.0,99.0,3.4,yes,Enhanced Security"
"H00299,Jaipur Care Hospital 299,Chennai,Specialty,1092.0,1085.0,75.0,No,Yes,Yes,No,3.5,5.0,4.7,60.0,116.0,74.0,2.7,YES,Enhanced Security"
"H00300,Coimbatore Care Hospital 300,Jaipur,Specialty,365.0,1939.0,88.0,YES,YES,No,No,2.6,2.8,4.7,94.0,192.0,74.0,2.2,No,Contactless Healthcare"
"H00301,Mumbai Care Hospital 301,Hyderabad,Private,1397.0,821.0,146.0,Yes,YES,No,No,2.6,3.7,4.1,80.0,8.0,97.0,3.0,YES,AI Healthcare"
"H00302,Delhi Care Hospital 302,Bengaluru,Multispeciality,375.0,736.0,146.0,YES,YES,Yes,No,2.9,4.5,3.2,87.0,177.0,93.0,4.8,YES,Unknown"
"H00303,Hyderabad Care Hospital 303,Chennai,Government,1203.0,1128.0,85.0,YES,No,No,Yes,3.4,2.6,3.1,72.0,99.0,79.0,3.7,yes,Patient-Centric Care"
"H00304,Coimbatore Care Hospital 304,Mumbai,Government,163.0,1174.0,120.0,No,NO,No,No,4.5,3.9,3.8,90.0,63.0,98.0,3.8,YES,Contactless Healthcare"
"H00305,Bengaluru Care Hospital 305,Bengaluru,Private,1076.0,2119.0,92.0,YES,Yes,Yes,Yes,4.7,2.0,3.5,76.0,215.0,70.0,3.3,No,AI Healthcare"
"H00306,Pune Care Hospital 306,Jaipur,Private,682.0,1348.0,49.0,yes,Yes,Yes,Yes,3.6,4.6,3.5,74.0,13.0,55.0,3.6,YES,Contactless Healthcare"
"H00307,Mumbai Care Hospital 307,Hyderabad,Private,1014.0,2195.0,37.0,YES,YES,Yes,Yes,3.2,3.9,2.3,46.0,23.0,78.0,2.4,yes,Contactless Healthcare"
"H00308,Madurai Care Hospital 308,Pune,Private,1125.0,2091.0,75.0,YES,No,No,Yes,3.5,3.5,3.0,75.0,15.0,89.0,3.8,No,Unknown"
"H00309,Pune Care Hospital 309,Pune,Multispeciality,1287.0,98.0,77.0,YES,Yes,Yes,Yes,4.0,4.2,4.9,87.0,116.0,67.0,3.0,YES,Contactless Healthcare"
"H00310,Mumbai Care Hospital 310,Chennai,Multispeciality,822.0,1582.0,86.0,YES,NO,No,Yes,4.2,4.8,4.2,69.0,5.0,59.0,4.9,No,Unknown"
"H00311,Mumbai Care Hospital 311,Mumbai,Private,186.0,352.0,7.0,No,YES,No,Yes,2.3,3.9,5.0,42.0,50.0,80.0,3.4,yes,IoT Healthcare"
"H00312,Bengaluru Care Hospital 312,Hyderabad,Government,1335.0,1074.0,10.0,No,No,Yes,No,3.8,4.4,3.8,52.0,196.0,51.0,3.5,yes,AI Healthcare"
"H00313,Jaipur Care Hospital 313,Coimbatore,Government,82.0,1844.0,52.0,No,YES,Yes,No,3.5,4.2,4.3,68.0,69.0,100.0,2.9,Yes,Digital Patient Care"
"H00314,Bengaluru Care Hospital 314,Madurai,Specialty,870.0,1577.0,138.0,Yes,YES,No,No,3.2,2.7,4.9,82.0,219.0,95.0,3.5,No,Enhanced Security"
"H00315,Madurai Care Hospital 315,Coimbatore,Private,1151.0,891.0,94.0,yes,YES,No,Yes,3.7,3.9,5.0,55.0,23.0,75.0,2.8,YES,Digital Patient Care"
"H00316,Hyderabad Care Hospital 316,Jaipur,Specialty,1190.0,145.0,75.0,No,No,Yes,Yes,4.2,2.0,4.3,95.0,145.0,94.0,4.1,Yes,Digital Patient Care"
"H00317,Madurai Care Hospital 317,Mumbai,Government,1433.0,1856.0,103.0,yes,NO,No,No,2.8,4.5,3.4,47.0,125.0,81.0,4.2,yes,Smart Hospital"
"H00318,Delhi Care Hospital 318,Chennai,Government,99.0,627.0,60.0,YES,YES,No,No,5.0,4.3,3.6,40.0,218.0,75.0,2.6,YES,Contactless Healthcare"
"H00319,Coimbatore Care Hospital 319,Kochi,Multispeciality,229.0,1128.0,47.0,Yes,YES,Yes,No,3.5,3.1,4.8,61.0,158.0,96.0,3.5,YES,IoT Healthcare"
"H00320,Bengaluru Care Hospital 320,Delhi,Multispeciality,179.0,1873.0,123.0,YES,Yes,Yes,Yes,2.0,4.2,2.9,56.0,195.0,60.0,3.6,No,Patient-Centric Care"
"H00321,Madurai Care Hospital 321,Bengaluru,Government,1275.0,411.0,62.0,Yes,YES,Yes,No,2.7,3.5,2.0,32.0,113.0,50.0,2.3,Yes,Enhanced Security"
"H00322,Delhi Care Hospital 322,Pune,Private,182.0,77.0,139.0,YES,No,Yes,Yes,2.8,3.0,4.9,76.0,217.0,61.0,3.7,YES,IoT Healthcare"
"H00323,Kochi Care Hospital 323,Chennai,Specialty,1169.0,1440.0,44.0,No,NO,Yes,Yes,3.5,3.6,4.8,59.0,141.0,89.0,3.0,yes,Patient-Centric Care"
"H00324,Jaipur Care Hospital 324,Jaipur,Government,1106.0,993.0,68.0,Yes,Yes,Yes,Yes,4.0,2.5,4.5,62.0,153.0,75.0,4.6,No,Smart Hospital"
"H00325,Delhi Care Hospital 325,Chennai,Multispeciality,1251.0,110.0,14.0,No,NO,No,Yes,3.5,2.8,3.8,35.0,122.0,96.0,4.0,YES,AI Healthcare"
"H00326,Jaipur Care Hospital 326,Mumbai,Private,843.0,1942.0,26.0,YES,YES,No,No,3.5,3.3,2.3,68.0,136.0,69.0,3.8,YES,IoT Healthcare"
"H00327,Kochi Care Hospital 327,Madurai,Specialty,654.0,1869.0,56.0,YES,NO,Yes,No,4.3,3.9,3.0,62.0,136.0,83.0,2.7,No,Smart Hospital"
"H00328,Delhi Care Hospital 328,Chennai,Private,800.8190675017397,1087.0,56.0,No,NO,Yes,Yes,3.5,3.5,2.4,61.0,100.0,82.0,2.3,yes,Digital Patient Care"
"H00329,Delhi Care Hospital 329,Coimbatore,Specialty,1332.0,276.0,15.0,yes,NO,Yes,Yes,4.2,3.9,3.5,62.0,7.0,51.0,3.2,yes,Patient-Centric Care"
"H00330,Delhi Care Hospital 330,Hyderabad,Specialty,824.0,278.0,49.0,No,No,No,Yes,3.2,2.8,2.5,84.0,141.0,69.0,2.3,yes,AI Healthcare"
"H00331,Hyderabad Care Hospital 331,Madurai,Specialty,800.8190675017397,60.0,60.0,Yes,NO,No,No,4.8,3.5,2.5,67.0,116.0,94.0,4.8,Yes,Enhanced Security"
"H00332,Chennai Care Hospital 332,Mumbai,Private,744.0,1916.0,113.0,YES,YES,Yes,Yes,4.9,4.0,4.1,87.0,116.0,100.0,4.2,No,Smart Hospital"
"H00333,Kochi Care Hospital 333,Madurai,Government,98.0,1863.0,107.0,Yes,No,Yes,No,3.2,4.7,3.1,36.0,136.0,54.0,3.3,YES,Digital Patient Care"
"H00334,Pune Care Hospital 334,Coimbatore,Government,793.0,2187.0,52.0,YES,YES,Yes,No,3.9,2.2,3.0,70.0,87.0,76.0,4.5,YES,IoT Healthcare"
"H00335,Delhi Care Hospital 335,Delhi,Government,230.0,1712.0,25.0,YES,YES,Yes,Yes,2.1,3.2,4.0,79.0,52.0,51.0,3.3,Yes,Unknown"
"H00336,Hyderabad Care Hospital 336,Madurai,Multispeciality,1025.0,1301.0,76.0,YES,No,Yes,Yes,3.5,3.5,3.5,73.0,161.0,57.0,3.8,No,Enhanced Security"
"H00337,Mumbai Care Hospital 337,Coimbatore,Multispeciality,1335.0,1730.0,130.0,Yes,YES,Yes,Yes,4.1,3.7,3.9,48.0,116.0,51.0,2.0,No,IoT Healthcare"
"H00338,Pune Care Hospital 338,Coimbatore,Private,666.0,1885.0,113.0,YES,No,Yes,No,4.8,2.5,2.7,31.0,173.0,74.0,4.8,No,Contactless Healthcare"
"H00339,Jaipur Care Hospital 339,Jaipur,Multispeciality,746.0,1041.0,87.0,Yes,YES,No,Yes,2.2,3.5,3.1,88.0,109.0,95.0,4.3,yes,Patient-Centric Care"
"H00340,Kochi Care Hospital 340,Madurai,Specialty,513.0,915.0,103.0,yes,YES,Yes,No,3.5,3.9,4.8,71.0,113.0,99.0,4.3,No,Enhanced Security"
"H00341,Hyderabad Care Hospital 341,Kochi,Multispeciality,468.0,447.0,72.0,Yes,NO,No,Yes,3.6,4.8,4.5,68.0,97.0,52.0,3.2,YES,Smart Hospital"
"H00342,Chennai Care Hospital 342,Kochi,Private,1332.0,1832.0,45.0,YES,No,Yes,No,3.5,3.7,4.6,69.0,198.0,96.0,2.2,Yes,Unknown"
"H00343,Hyderabad Care Hospital 343,Jaipur,Government,523.0,508.0,148.0,Yes,No,No,No,2.5,3.1,3.3,93.0,57.0,75.0,3.5,yes,Digital Patient Care"
"H00344,Madurai Care Hospital 344,Pune,Multispeciality,1486.0,1463.0,7.0,YES,No,No,Yes,3.5,4.8,3.5,56.0,116.0,85.0,4.7,YES,Unknown"
"H00345,Mumbai Care Hospital 345,Mumbai,Multispeciality,1220.0,518.0,52.0,yes,No,Yes,No,4.8,2.6,3.7,67.0,104.0,71.0,4.7,Yes,Patient-Centric Care"
"H00346,Kochi Care Hospital 346,Jaipur,Multispeciality,1016.0,108.0,139.0,No,Yes,No,Yes,5.0,3.1,2.3,85.0,106.0,66.0,3.0,No,Digital Patient Care"
"H00347,Delhi Care Hospital 347,Hyderabad,Multispeciality,682.0,2182.0,147.0,No,No,Yes,Yes,4.8,4.5,2.7,89.0,14.0,100.0,4.9,Yes,Green Hospital"
"H00348,Delhi Care Hospital 348,Pune,Specialty,800.8190675017397,99.0,145.0,yes,No,Yes,Yes,3.8,4.2,4.2,37.0,96.0,79.0,3.5,YES,Smart Hospital"
"H00349,Mumbai Care Hospital 349,Kochi,Multispeciality,443.0,342.0,117.0,YES,No,Yes,No,2.5,3.5,5.0,61.0,36.0,62.0,2.2,No,Green Hospital"
"H00350,Kochi Care Hospital 350,Mumbai,Specialty,937.0,633.0,149.0,Yes,No,Yes,No,3.2,3.5,3.3,86.0,10.0,94.0,3.6,YES,Patient-Centric Care"
"H00351,Jaipur Care Hospital 351,Kochi,Private,907.0,1743.0,106.0,No,Yes,Yes,Yes,3.3,3.7,4.8,92.0,107.0,100.0,4.2,YES,AI Healthcare"
"H00352,Coimbatore Care Hospital 352,Hyderabad,Private,1281.0,1128.0,114.0,No,No,No,Yes,2.2,3.5,4.5,97.0,48.0,98.0,2.8,Yes,Digital Patient Care"
"H00353,Delhi Care Hospital 353,Bengaluru,Multispeciality,1321.0,1128.0,135.0,yes,No,Yes,No,3.6,4.3,3.5,72.0,8.0,97.0,2.6,YES,Smart Hospital"
"H00354,Mumbai Care Hospital 354,Kochi,Government,636.0,1128.0,102.0,YES,NO,Yes,Yes,3.7,4.0,3.3,67.0,19.0,80.0,3.5,No,Enhanced Security"
"H00355,Hyderabad Care Hospital 355,Delhi,Private,210.0,1539.0,35.0,YES,YES,No,Yes,3.5,3.9,2.5,75.0,16.0,50.0,4.9,Yes,Contactless Healthcare"
"H00356,Pune Care Hospital 356,Hyderabad,Government,365.0,1128.0,48.0,yes,No,No,Yes,4.3,4.6,2.4,67.0,108.0,73.0,3.5,Yes,Digital Patient Care"
"H00357,Pune Care Hospital 357,Hyderabad,Government,803.0,885.0,49.0,No,YES,No,No,2.7,3.0,2.1,78.0,205.0,71.0,4.7,No,Enhanced Security"
"H00358,Coimbatore Care Hospital 358,Mumbai,Multispeciality,432.0,171.0,95.0,yes,NO,Yes,No,3.5,3.8,3.2,76.0,156.0,81.0,2.5,yes,IoT Healthcare"
"H00359,Kochi Care Hospital 359,Delhi,Multispeciality,800.8190675017397,727.0,21.0,YES,Yes,No,Yes,4.7,2.2,4.4,54.0,54.0,78.0,3.0,yes,Unknown"
"H00360,Bengaluru Care Hospital 360,Bengaluru,Government,960.0,2106.0,24.0,YES,No,No,Yes,2.2,3.0,4.9,81.0,54.0,65.0,3.7,yes,Enhanced Security"
"H00361,Delhi Care Hospital 361,Mumbai,Government,799.0,1040.0,90.0,YES,NO,No,Yes,3.5,2.4,4.1,44.0,31.0,75.0,4.7,Yes,Digital Patient Care"
"H00362,Pune Care Hospital 362,Jaipur,Specialty,960.0,1037.0,77.0,YES,Yes,Yes,Yes,2.6,4.6,3.9,57.0,160.0,55.0,3.3,No,AI Healthcare"
"H00363,Chennai Care Hospital 363,Coimbatore,Multispeciality,1040.0,535.0,136.0,Yes,No,Yes,Yes,3.6,4.1,2.9,60.0,161.0,71.0,4.3,No,Contactless Healthcare"
"H00364,Kochi Care Hospital 364,Coimbatore,Multispeciality,1194.0,1128.0,75.0,No,No,Yes,Yes,4.3,2.9,2.6,99.0,89.0,93.0,3.7,No,Contactless Healthcare"
"H00365,Hyderabad Care Hospital 365,Mumbai,Government,251.0,853.0,135.0,No,YES,No,Yes,3.5,4.7,4.2,71.0,219.0,80.0,3.6,No,Patient-Centric Care"
"H00366,Bengaluru Care Hospital 366,Kochi,Government,1393.0,923.0,75.0,yes,NO,No,No,4.0,2.0,4.4,67.0,203.0,75.0,3.4,Yes,Smart Hospital"
"H00367,Coimbatore Care Hospital 367,Pune,Private,353.0,2158.0,105.0,yes,NO,No,Yes,4.6,4.5,3.0,98.0,160.0,92.0,3.8,No,IoT Healthcare"
"H00368,Pune Care Hospital 368,Madurai,Government,194.0,510.0,134.0,YES,YES,No,Yes,3.7,4.9,2.2,59.0,116.0,55.0,3.6,yes,Green Hospital"
"H00369,Delhi Care Hospital 369,Madurai,Government,666.0,1128.0,42.0,YES,Yes,No,Yes,4.9,3.0,3.1,43.0,207.0,67.0,2.6,YES,Patient-Centric Care"
"H00370,Pune Care Hospital 370,Kochi,Government,595.0,468.0,150.0,yes,No,Yes,No,2.8,2.7,2.8,51.0,116.0,63.0,4.5,No,Unknown"
"H00371,Mumbai Care Hospital 371,Madurai,Private,268.0,1991.0,70.0,YES,NO,Yes,No,4.9,3.5,3.4,51.0,199.0,87.0,2.1,YES,AI Healthcare"
"H00372,Mumbai Care Hospital 372,Jaipur,Specialty,1137.0,1828.0,19.0,No,YES,Yes,Yes,4.0,4.3,3.1,67.0,76.0,63.0,3.2,yes,IoT Healthcare"
"H00373,Delhi Care Hospital 373,Delhi,Specialty,643.0,1284.0,75.0,No,Yes,No,Yes,3.2,4.3,4.6,46.0,144.0,67.0,3.5,YES,Green Hospital"
"H00374,Delhi Care Hospital 374,Bengaluru,Government,629.0,772.0,92.0,YES,No,No,Yes,4.5,3.6,2.2,75.0,24.0,65.0,3.5,Yes,Patient-Centric Care"
"H00375,Kochi Care Hospital 375,Hyderabad,Multispeciality,248.0,1686.0,17.0,Yes,Yes,Yes,Yes,4.4,2.1,3.2,67.0,13.0,71.0,4.7,No,Smart Hospital"
"H00376,Delhi Care Hospital 376,Madurai,Private,1256.0,1128.0,9.0,Yes,NO,No,No,3.7,2.9,4.1,67.0,92.0,54.0,2.4,YES,Contactless Healthcare"
"H00377,Bengaluru Care Hospital 377,Chennai,Private,835.0,1452.0,150.0,Yes,NO,No,Yes,4.0,3.6,3.8,50.0,199.0,78.0,2.3,Yes,Digital Patient Care"
"H00378,Coimbatore Care Hospital 378,Coimbatore,Specialty,924.0,398.0,35.0,No,YES,Yes,Yes,3.5,3.6,2.2,89.0,44.0,84.0,3.5,Yes,Enhanced Security"
"H00379,Mumbai Care Hospital 379,Bengaluru,Government,314.0,354.0,45.0,Yes,Yes,Yes,No,4.6,2.2,2.9,49.0,177.0,67.0,2.7,No,Patient-Centric Care"
"H00380,Chennai Care Hospital 380,Pune,Government,1166.0,1915.0,15.0,YES,No,Yes,Yes,2.5,4.1,4.9,95.0,108.0,74.0,3.5,YES,Digital Patient Care"
"H00381,Chennai Care Hospital 381,Hyderabad,Multispeciality,1272.0,1915.0,81.0,YES,No,Yes,Yes,4.1,3.5,2.2,98.0,218.0,77.0,2.6,yes,Digital Patient Care"
"H00382,Delhi Care Hospital 382,Hyderabad,Multispeciality,800.8190675017397,1128.0,53.0,Yes,No,No,No,3.5,4.6,3.4,89.0,159.0,86.0,4.4,yes,AI Healthcare"
"H00383,Delhi Care Hospital 383,Madurai,Multispeciality,318.0,759.0,98.0,yes,Yes,Yes,No,2.9,5.0,4.2,33.0,116.0,67.0,3.3,YES,Green Hospital"
"H00384,Kochi Care Hospital 384,Pune,Specialty,274.0,1273.0,73.0,No,No,Yes,Yes,4.2,4.9,4.3,84.0,142.0,80.0,2.4,YES,Unknown"
"H00385,Chennai Care Hospital 385,Kochi,Specialty,223.0,1109.0,20.0,YES,No,No,Yes,3.8,4.7,3.7,38.0,120.0,77.0,3.8,No,Unknown"
"H00386,Chennai Care Hospital 386,Coimbatore,Specialty,103.0,1559.0,87.0,YES,Yes,No,Yes,3.5,4.7,2.3,82.0,198.0,89.0,2.5,yes,IoT Healthcare"
"H00387,Pune Care Hospital 387,Kochi,Specialty,1208.0,1652.0,142.0,Yes,NO,No,Yes,4.7,3.9,3.5,87.0,111.0,87.0,4.2,No,IoT Healthcare"
"H00388,Kochi Care Hospital 388,Coimbatore,Government,800.8190675017397,1624.0,110.0,Yes,No,Yes,No,2.1,4.3,4.7,51.0,151.0,56.0,2.3,Yes,Unknown"
"H00389,Pune Care Hospital 389,Hyderabad,Multispeciality,1276.0,1055.0,99.0,YES,Yes,Yes,Yes,3.5,4.3,3.5,67.0,108.0,85.0,3.8,Yes,Smart Hospital"
"H00390,Bengaluru Care Hospital 390,Coimbatore,Private,800.8190675017397,932.0,147.0,yes,Yes,No,Yes,3.4,4.0,4.0,74.0,23.0,75.0,4.8,No,AI Healthcare"
"H00391,Kochi Care Hospital 391,Jaipur,Private,467.0,1128.0,55.0,yes,Yes,No,Yes,2.6,4.1,4.8,49.0,126.0,52.0,4.0,Yes,Enhanced Security"
"H00392,Pune Care Hospital 392,Madurai,Specialty,1143.0,1402.0,112.0,YES,Yes,No,Yes,3.7,3.5,3.9,56.0,181.0,57.0,4.2,No,Green Hospital"
"H00393,Pune Care Hospital 393,Kochi,Multispeciality,800.8190675017397,1800.0,108.0,yes,No,No,Yes,3.4,3.5,3.6,67.0,137.0,91.0,3.0,Yes,AI Healthcare"
"H00394,Mumbai Care Hospital 394,Bengaluru,Specialty,332.0,1281.0,131.0,yes,No,No,No,3.4,3.7,3.8,59.0,33.0,67.0,3.8,No,AI Healthcare"
"H00395,Bengaluru Care Hospital 395,Madurai,Private,457.0,2194.0,85.0,Yes,No,Yes,No,4.2,4.1,2.5,67.0,80.0,69.0,4.0,YES,Patient-Centric Care"
"H00396,Madurai Care Hospital 396,Jaipur,Specialty,606.0,716.0,7.0,Yes,No,No,No,4.9,3.3,3.7,78.0,107.0,75.0,2.8,No,Unknown"
"H00397,Coimbatore Care Hospital 397,Delhi,Government,1204.0,105.0,85.0,No,YES,No,Yes,3.7,3.9,2.3,66.0,48.0,72.0,2.9,yes,Unknown"
"H00398,Madurai Care Hospital 398,Jaipur,Government,1364.0,1128.0,82.0,Yes,Yes,No,Yes,2.4,3.1,2.6,71.0,23.0,75.0,2.3,YES,Green Hospital"
"H00399,Jaipur Care Hospital 399,Hyderabad,Specialty,205.0,1546.0,135.0,YES,NO,No,No,2.0,3.3,3.5,67.0,169.0,76.0,3.7,Yes,Unknown"
"H00400,Pune Care Hospital 400,Coimbatore,Government,800.8190675017397,1340.0,98.0,YES,No,No,Yes,4.3,3.2,4.2,96.0,31.0,98.0,4.0,No,Green Hospital"
"H00401,Jaipur Care Hospital 401,Kochi,Specialty,226.0,1394.0,18.0,No,No,Yes,Yes,2.8,3.0,3.5,66.0,63.0,71.0,4.5,YES,AI Healthcare"
"H00402,Bengaluru Care Hospital 402,Bengaluru,Government,1224.0,1128.0,70.0,Yes,No,Yes,Yes,2.7,4.2,3.5,84.0,117.0,69.0,3.0,YES,Green Hospital"
"H00403,Mumbai Care Hospital 403,Chennai,Specialty,821.0,1449.0,13.0,No,No,No,Yes,2.9,3.0,4.8,33.0,27.0,100.0,3.3,Yes,Enhanced Security"
"H00404,Kochi Care Hospital 404,Mumbai,Multispeciality,1374.0,776.0,135.0,Yes,YES,Yes,No,2.1,4.9,4.8,73.0,83.0,97.0,4.7,Yes,Enhanced Security"
"H00405,Coimbatore Care Hospital 405,Hyderabad,Private,402.0,1988.0,108.0,YES,Yes,No,No,3.1,2.0,3.5,50.0,191.0,75.0,3.7,YES,Digital Patient Care"
"H00406,Hyderabad Care Hospital 406,Pune,Private,1210.0,1952.0,123.0,yes,Yes,Yes,No,3.3,4.1,2.4,91.0,148.0,66.0,2.5,YES,Unknown"
"H00407,Delhi Care Hospital 407,Delhi,Specialty,156.0,1545.0,75.0,yes,Yes,No,Yes,4.2,4.5,4.3,90.0,176.0,63.0,3.2,No,Patient-Centric Care"
"H00408,Bengaluru Care Hospital 408,Kochi,Government,625.0,1770.0,12.0,YES,YES,No,No,2.6,3.3,3.5,67.0,116.0,70.0,3.6,No,Unknown"
"H00409,Delhi Care Hospital 409,Kochi,Private,469.0,1128.0,134.0,Yes,Yes,No,No,2.7,2.4,2.9,70.0,122.0,87.0,3.2,YES,IoT Healthcare"
"H00410,Bengaluru Care Hospital 410,Mumbai,Specialty,800.8190675017397,1462.0,74.0,YES,NO,No,No,4.6,3.6,2.2,67.0,150.0,56.0,4.1,Yes,Digital Patient Care"
"H00411,Chennai Care Hospital 411,Bengaluru,Specialty,527.0,1607.0,89.0,No,No,No,No,3.2,3.0,3.2,85.0,77.0,75.0,3.5,Yes,Enhanced Security"
"H00412,Kochi Care Hospital 412,Jaipur,Specialty,1223.0,747.0,90.0,No,Yes,No,No,4.9,3.4,3.2,97.0,72.0,73.0,3.4,No,Contactless Healthcare"
"H00413,Pune Care Hospital 413,Jaipur,Multispeciality,1088.0,1301.0,23.0,Yes,Yes,Yes,No,3.5,2.0,3.7,81.0,12.0,50.0,2.5,YES,Contactless Healthcare"
"H00414,Hyderabad Care Hospital 414,Jaipur,Private,155.0,1746.0,122.0,YES,Yes,Yes,No,3.3,3.5,4.5,93.0,146.0,87.0,2.5,Yes,Contactless Healthcare"
"H00415,Pune Care Hospital 415,Mumbai,Private,523.0,1403.0,75.0,Yes,YES,Yes,Yes,4.5,2.7,2.9,69.0,27.0,97.0,4.4,No,AI Healthcare"
"H00416,Mumbai Care Hospital 416,Chennai,Multispeciality,233.0,1431.0,54.0,yes,No,No,No,4.4,2.6,2.0,30.0,116.0,98.0,2.3,yes,Smart Hospital"
"H00417,Delhi Care Hospital 417,Bengaluru,Private,984.0,1840.0,26.0,YES,No,No,Yes,3.1,3.8,3.6,43.0,198.0,64.0,2.3,YES,Digital Patient Care"
"H00418,Jaipur Care Hospital 418,Bengaluru,Multispeciality,1247.0,1640.0,19.0,YES,No,No,No,3.5,3.1,3.6,62.0,90.0,75.0,3.6,Yes,Unknown"
"H00419,Delhi Care Hospital 419,Coimbatore,Specialty,800.8190675017397,1652.0,148.0,yes,Yes,Yes,Yes,4.0,3.1,2.8,55.0,98.0,50.0,2.6,No,Smart Hospital"
"H00420,Mumbai Care Hospital 420,Hyderabad,Specialty,800.8190675017397,691.0,47.0,YES,Yes,No,No,2.5,2.9,4.9,71.0,97.0,70.0,3.9,YES,Contactless Healthcare"
"H00421,Delhi Care Hospital 421,Pune,Multispeciality,210.0,436.0,111.0,YES,YES,No,Yes,4.8,3.5,3.2,50.0,78.0,98.0,3.7,yes,Unknown"
"H00422,Kochi Care Hospital 422,Delhi,Government,800.8190675017397,2063.0,86.0,No,Yes,No,No,3.0,4.3,4.6,45.0,116.0,86.0,4.8,yes,Smart Hospital"
"H00423,Delhi Care Hospital 423,Madurai,Specialty,1477.0,1714.0,111.0,yes,YES,Yes,No,3.5,3.7,4.0,67.0,39.0,52.0,2.1,No,Contactless Healthcare"
"H00424,Chennai Care Hospital 424,Hyderabad,Private,371.0,1861.0,94.0,No,No,No,Yes,3.5,3.8,4.9,55.0,115.0,90.0,4.0,yes,Smart Hospital"
"H00425,Chennai Care Hospital 425,Madurai,Government,1317.0,1490.0,93.0,Yes,YES,No,Yes,2.8,3.7,4.1,45.0,183.0,64.0,2.3,YES,Patient-Centric Care"
"H00426,Hyderabad Care Hospital 426,Mumbai,Government,373.0,578.0,10.0,yes,YES,Yes,Yes,3.5,4.5,3.5,85.0,143.0,89.0,2.4,YES,Smart Hospital"
"H00427,Kochi Care Hospital 427,Pune,Specialty,125.0,1460.0,13.0,No,YES,No,Yes,3.0,4.7,4.1,36.0,116.0,88.0,2.8,yes,IoT Healthcare"
"H00428,Pune Care Hospital 428,Bengaluru,Multispeciality,927.0,1128.0,124.0,Yes,NO,No,No,3.3,3.5,3.1,72.0,93.0,96.0,4.6,YES,Smart Hospital"
"H00429,Mumbai Care Hospital 429,Bengaluru,Multispeciality,418.0,1153.0,59.0,yes,NO,Yes,Yes,3.4,2.2,4.8,86.0,116.0,97.0,4.4,YES,Digital Patient Care"
"H00430,Delhi Care Hospital 430,Bengaluru,Government,418.0,871.0,143.0,No,Yes,No,No,3.5,4.4,4.3,82.0,98.0,59.0,4.5,YES,Enhanced Security"
"H00431,Pune Care Hospital 431,Kochi,Government,655.0,1445.0,96.0,No,No,No,Yes,3.4,4.2,4.8,43.0,103.0,56.0,4.9,No,Unknown"
"H00432,Coimbatore Care Hospital 432,Bengaluru,Government,243.0,1196.0,35.0,YES,YES,No,No,4.7,4.3,4.8,52.0,96.0,64.0,3.1,yes,IoT Healthcare"
"H00433,Kochi Care Hospital 433,Hyderabad,Private,885.0,2138.0,75.0,YES,No,Yes,Yes,3.6,4.4,3.7,74.0,111.0,74.0,3.1,No,Smart Hospital"
"H00434,Chennai Care Hospital 434,Hyderabad,Private,1480.0,2050.0,12.0,Yes,YES,No,Yes,3.1,4.2,3.0,69.0,112.0,78.0,3.6,No,Smart Hospital"
"H00435,Delhi Care Hospital 435,Delhi,Multispeciality,793.0,1128.0,111.0,yes,YES,No,No,2.5,2.9,2.6,76.0,152.0,60.0,2.9,YES,Patient-Centric Care"
"H00436,Jaipur Care Hospital 436,Madurai,Government,1026.0,1128.0,104.0,No,No,No,Yes,2.1,3.1,4.7,51.0,100.0,79.0,3.5,YES,AI Healthcare"
"H00437,Jaipur Care Hospital 437,Mumbai,Specialty,430.0,424.0,106.0,YES,No,Yes,Yes,4.6,4.5,4.0,73.0,193.0,75.0,4.9,No,Patient-Centric Care"
"H00438,Madurai Care Hospital 438,Coimbatore,Specialty,1132.0,516.0,28.0,YES,NO,Yes,No,2.9,3.5,3.9,46.0,25.0,79.0,4.3,yes,Enhanced Security"
"H00439,Bengaluru Care Hospital 439,Delhi,Multispeciality,122.0,1663.0,72.0,yes,YES,Yes,No,3.6,4.5,4.5,67.0,141.0,100.0,4.7,YES,Contactless Healthcare"
"H00440,Madurai Care Hospital 440,Chennai,Government,336.0,277.0,20.0,yes,No,No,No,2.4,2.4,3.5,41.0,27.0,56.0,2.6,No,Digital Patient Care"
"H00441,Hyderabad Care Hospital 441,Hyderabad,Government,969.0,408.0,150.0,No,Yes,Yes,No,4.4,3.0,3.2,65.0,184.0,91.0,4.0,No,Unknown"
"H00442,Coimbatore Care Hospital 442,Hyderabad,Multispeciality,244.0,1128.0,92.0,Yes,YES,Yes,Yes,3.9,3.3,2.1,41.0,124.0,74.0,4.5,YES,IoT Healthcare"
"H00443,Bengaluru Care Hospital 443,Hyderabad,Multispeciality,862.0,2173.0,112.0,No,NO,No,No,4.3,2.7,2.5,73.0,105.0,51.0,2.4,Yes,IoT Healthcare"
"H00444,Hyderabad Care Hospital 444,Jaipur,Government,1237.0,2159.0,110.0,Yes,NO,Yes,Yes,3.5,2.5,4.8,72.0,99.0,89.0,3.3,Yes,IoT Healthcare"
"H00445,Jaipur Care Hospital 445,Delhi,Multispeciality,961.0,1396.0,7.0,YES,No,Yes,Yes,2.5,3.6,2.4,65.0,212.0,84.0,2.8,No,Enhanced Security"
"H00446,Chennai Care Hospital 446,Hyderabad,Multispeciality,407.0,141.0,63.0,Yes,No,No,No,3.5,3.9,3.6,72.0,82.0,90.0,2.2,yes,Contactless Healthcare"
"H00447,Jaipur Care Hospital 447,Madurai,Private,596.0,67.0,50.0,yes,No,No,No,3.9,2.7,4.8,75.0,116.0,75.0,4.1,No,Patient-Centric Care"
"H00448,Pune Care Hospital 448,Jaipur,Private,1059.0,1476.0,93.0,YES,No,Yes,Yes,3.0,3.1,4.9,84.0,128.0,74.0,2.4,YES,Digital Patient Care"
"H00449,Jaipur Care Hospital 449,Chennai,Private,895.0,1679.0,21.0,Yes,Yes,Yes,No,2.9,2.5,2.9,67.0,96.0,92.0,2.2,No,Contactless Healthcare"
"H00450,Pune Care Hospital 450,Delhi,Government,197.0,2157.0,125.0,No,YES,No,Yes,4.7,3.6,3.0,70.0,174.0,84.0,3.8,yes,Unknown"
"H00451,Delhi Care Hospital 451,Madurai,Multispeciality,296.0,1410.0,14.0,Yes,No,Yes,Yes,4.2,2.8,2.0,94.0,146.0,51.0,4.9,yes,Patient-Centric Care"
"H00452,Mumbai Care Hospital 452,Kochi,Private,1277.0,1469.0,92.0,yes,YES,Yes,No,3.6,2.0,4.6,72.0,123.0,88.0,2.7,YES,AI Healthcare"
"H00453,Coimbatore Care Hospital 453,Coimbatore,Private,215.0,1308.0,75.0,yes,NO,No,No,3.0,4.8,4.7,35.0,158.0,66.0,3.5,No,Patient-Centric Care"
"H00454,Bengaluru Care Hospital 454,Delhi,Private,978.0,1954.0,75.0,YES,NO,No,No,4.1,4.2,3.6,83.0,26.0,62.0,2.4,No,Unknown"
"H00455,Hyderabad Care Hospital 455,Coimbatore,Private,1461.0,1216.0,41.0,yes,NO,No,No,5.0,3.5,3.2,94.0,9.0,100.0,2.3,No,AI Healthcare"
"H00456,Pune Care Hospital 456,Delhi,Multispeciality,203.0,2097.0,124.0,Yes,No,Yes,Yes,2.2,2.4,3.8,67.0,169.0,97.0,4.6,Yes,Green Hospital"
"H00457,Kochi Care Hospital 457,Chennai,Private,596.0,1455.0,97.0,YES,NO,Yes,Yes,2.6,4.6,3.0,37.0,31.0,74.0,4.1,yes,Contactless Healthcare"
"H00458,Bengaluru Care Hospital 458,Hyderabad,Government,481.0,227.0,14.0,No,NO,No,No,2.1,3.9,4.9,67.0,215.0,51.0,2.2,No,Digital Patient Care"
"H00459,Pune Care Hospital 459,Bengaluru,Specialty,876.0,604.0,124.0,YES,No,No,Yes,3.5,2.8,2.3,31.0,215.0,75.0,3.2,Yes,Patient-Centric Care"
"H00460,Hyderabad Care Hospital 460,Mumbai,Multispeciality,362.0,320.0,75.0,yes,YES,No,No,4.0,4.4,3.5,61.0,51.0,84.0,3.9,Yes,Digital Patient Care"
"H00461,Pune Care Hospital 461,Mumbai,Government,1183.0,1128.0,9.0,YES,YES,No,Yes,4.4,3.2,3.4,65.0,34.0,82.0,3.3,Yes,IoT Healthcare"
"H00462,Kochi Care Hospital 462,Hyderabad,Government,506.0,601.0,75.0,YES,No,Yes,Yes,2.8,2.9,4.8,44.0,214.0,75.0,4.5,YES,AI Healthcare"
"H00463,Madurai Care Hospital 463,Chennai,Private,1333.0,209.0,125.0,No,NO,Yes,Yes,3.0,4.9,3.2,82.0,194.0,83.0,3.4,YES,AI Healthcare"
"H00464,Coimbatore Care Hospital 464,Bengaluru,Government,271.0,1432.0,101.0,YES,Yes,No,Yes,3.6,4.4,2.9,67.0,169.0,55.0,4.6,YES,Green Hospital"
"H00465,Delhi Care Hospital 465,Delhi,Government,1049.0,1128.0,137.0,YES,YES,Yes,No,3.1,3.8,3.5,53.0,208.0,92.0,4.2,No,Green Hospital"
"H00466,Madurai Care Hospital 466,Madurai,Government,882.0,1647.0,148.0,No,No,Yes,No,4.3,4.9,4.7,30.0,202.0,86.0,2.2,yes,Green Hospital"
"H00467,Jaipur Care Hospital 467,Hyderabad,Government,692.0,1128.0,94.0,yes,No,No,No,2.5,2.8,4.5,58.0,11.0,82.0,3.5,YES,Enhanced Security"
"H00468,Delhi Care Hospital 468,Mumbai,Specialty,800.8190675017397,1622.0,22.0,yes,NO,No,No,4.8,3.5,2.9,92.0,172.0,80.0,4.8,No,Unknown"
"H00469,Madurai Care Hospital 469,Chennai,Multispeciality,1498.0,794.0,67.0,No,YES,No,No,2.3,4.1,4.0,64.0,34.0,61.0,3.5,Yes,Contactless Healthcare"
"H00470,Chennai Care Hospital 470,Madurai,Multispeciality,795.0,261.0,88.0,YES,No,Yes,No,3.3,2.4,2.8,44.0,67.0,84.0,4.5,No,IoT Healthcare"
"H00471,Kochi Care Hospital 471,Jaipur,Specialty,1441.0,127.0,139.0,No,NO,No,No,3.1,4.8,3.5,43.0,97.0,66.0,3.8,YES,Patient-Centric Care"
"H00472,Coimbatore Care Hospital 472,Chennai,Specialty,520.0,2042.0,75.0,No,No,No,No,3.5,2.9,3.4,67.0,79.0,63.0,3.5,No,Patient-Centric Care"
"H00473,Pune Care Hospital 473,Coimbatore,Specialty,800.8190675017397,1128.0,56.0,Yes,No,No,Yes,4.9,2.3,4.7,60.0,181.0,92.0,4.3,Yes,Digital Patient Care"
"H00474,Madurai Care Hospital 474,Delhi,Multispeciality,547.0,2044.0,129.0,yes,No,No,No,2.1,3.5,3.4,86.0,34.0,51.0,3.0,No,Green Hospital"
"H00475,Bengaluru Care Hospital 475,Kochi,Private,1492.0,1128.0,138.0,No,No,No,Yes,2.9,4.3,3.3,75.0,53.0,91.0,3.5,YES,Patient-Centric Care"
"H00476,Hyderabad Care Hospital 476,Kochi,Multispeciality,1294.0,1926.0,36.0,yes,Yes,No,No,4.9,3.6,2.5,35.0,31.0,71.0,4.6,yes,IoT Healthcare"
"H00477,Coimbatore Care Hospital 477,Mumbai,Government,1427.0,1164.0,132.0,yes,NO,Yes,Yes,4.9,3.5,3.5,68.0,116.0,56.0,3.9,No,AI Healthcare"
"H00478,Hyderabad Care Hospital 478,Hyderabad,Government,288.0,833.0,116.0,YES,No,No,No,2.2,3.7,4.3,40.0,192.0,90.0,3.5,YES,Enhanced Security"
"H00479,Madurai Care Hospital 479,Mumbai,Specialty,1486.0,1814.0,83.0,YES,NO,Yes,No,3.9,4.1,2.5,79.0,200.0,92.0,4.7,Yes,Digital Patient Care"
"H00480,Hyderabad Care Hospital 480,Bengaluru,Multispeciality,1293.0,1128.0,78.0,YES,No,No,Yes,4.3,4.2,2.1,50.0,66.0,74.0,3.5,YES,Patient-Centric Care"
"H00481,Pune Care Hospital 481,Chennai,Multispeciality,1375.0,129.0,74.0,No,NO,No,Yes,2.8,3.6,4.8,68.0,218.0,84.0,4.7,No,Patient-Centric Care"
"H00482,Mumbai Care Hospital 482,Pune,Government,194.0,833.0,48.0,No,NO,Yes,Yes,4.8,4.3,4.6,40.0,142.0,89.0,2.4,No,Green Hospital"
"H00483,Kochi Care Hospital 483,Coimbatore,Government,1442.0,909.0,20.0,yes,Yes,Yes,Yes,3.5,2.4,2.1,90.0,34.0,54.0,4.1,No,Digital Patient Care"
"H00484,Bengaluru Care Hospital 484,Delhi,Private,889.0,450.0,104.0,No,Yes,Yes,Yes,3.0,2.8,2.1,87.0,15.0,55.0,4.4,YES,Patient-Centric Care"
"H00485,Delhi Care Hospital 485,Pune,Private,654.0,1128.0,21.0,YES,No,Yes,Yes,3.5,3.9,4.1,96.0,176.0,63.0,2.3,Yes,Patient-Centric Care"
"H00486,Mumbai Care Hospital 486,Madurai,Multispeciality,627.0,1128.0,7.0,YES,Yes,Yes,No,4.7,3.6,2.6,35.0,68.0,71.0,3.0,Yes,AI Healthcare"
"H00487,Pune Care Hospital 487,Delhi,Private,114.0,2148.0,94.0,Yes,YES,Yes,No,3.2,4.3,2.6,44.0,93.0,63.0,2.1,No,Smart Hospital"
"H00488,Jaipur Care Hospital 488,Hyderabad,Government,1334.0,1799.0,57.0,Yes,NO,Yes,No,2.7,2.2,3.5,67.0,153.0,63.0,2.6,Yes,Enhanced Security"
"H00489,Hyderabad Care Hospital 489,Kochi,Specialty,1428.0,791.0,47.0,YES,NO,No,No,4.2,3.9,3.2,97.0,126.0,66.0,3.5,yes,Smart Hospital"
"H00490,Delhi Care Hospital 490,Pune,Private,1492.0,1128.0,131.0,No,YES,Yes,No,4.3,4.2,4.9,57.0,141.0,89.0,2.1,Yes,AI Healthcare"
"H00491,Kochi Care Hospital 491,Pune,Government,1149.0,1007.0,149.0,YES,YES,No,Yes,4.0,3.0,4.4,35.0,116.0,66.0,2.5,YES,Smart Hospital"
"H00492,Jaipur Care Hospital 492,Bengaluru,Private,1389.0,1852.0,75.0,yes,No,No,Yes,4.9,3.6,4.1,80.0,207.0,50.0,4.3,No,Smart Hospital"
"H00493,Coimbatore Care Hospital 493,Bengaluru,Multispeciality,740.0,678.0,35.0,YES,Yes,No,Yes,4.4,3.5,2.4,80.0,100.0,85.0,4.7,Yes,IoT Healthcare"
"H00494,Madurai Care Hospital 494,Hyderabad,Multispeciality,1132.0,1448.0,13.0,No,No,No,No,3.5,3.9,2.4,74.0,87.0,84.0,3.5,yes,Patient-Centric Care"
"H00495,Bengaluru Care Hospital 495,Bengaluru,Government,880.0,1610.0,119.0,yes,No,Yes,No,4.3,2.4,3.5,44.0,138.0,96.0,3.6,No,Patient-Centric Care"
"H00496,Kochi Care Hospital 496,Hyderabad,Government,1287.0,1128.0,10.0,yes,NO,Yes,Yes,3.7,4.9,2.9,75.0,138.0,57.0,4.2,No,Enhanced Security"
"H00497,Chennai Care Hospital 497,Hyderabad,Private,1105.0,1414.0,92.0,Yes,No,No,Yes,2.4,2.1,2.8,67.0,116.0,69.0,4.7,yes,Smart Hospital"
"H00498,Coimbatore Care Hospital 498,Kochi,Private,1295.0,181.0,74.0,yes,NO,No,No,3.5,3.6,2.0,73.0,116.0,70.0,3.5,YES,Enhanced Security"
"H00499,Coimbatore Care Hospital 499,Chennai,Multispeciality,228.0,736.0,68.0,yes,No,No,No,3.1,4.5,3.8,90.0,83.0,75.0,2.3,No,Unknown"
"H00500,Coimbatore Care Hospital 500,Delhi,Multispeciality,589.0,1312.0,119.0,Yes,YES,No,No,3.5,3.5,3.9,62.0,116.0,75.0,2.9,No,Contactless Healthcare"
"H00501,Jaipur Care Hospital 501,Chennai,Multispeciality,425.0,2126.0,85.0,No,Yes,Yes,Yes,3.9,2.9,3.2,58.0,59.0,69.0,2.2,YES,IoT Healthcare"
"H00502,Coimbatore Care Hospital 502,Jaipur,Specialty,91.0,599.0,10.0,YES,YES,No,Yes,2.0,3.2,3.1,43.0,116.0,85.0,4.1,yes,Contactless Healthcare"
"H00503,Kochi Care Hospital 503,Mumbai,Private,762.0,1128.0,75.0,No,No,Yes,Yes,3.4,4.0,2.2,36.0,66.0,96.0,3.3,No,Enhanced Security"
"H00504,Mumbai Care Hospital 504,Pune,Private,919.0,755.0,108.0,Yes,NO,Yes,Yes,2.5,3.8,3.5,39.0,47.0,98.0,3.2,No,Patient-Centric Care"
"H00505,Jaipur Care Hospital 505,Madurai,Government,794.0,629.0,87.0,No,YES,No,No,4.4,4.5,4.1,90.0,116.0,52.0,4.0,yes,AI Healthcare"
"H00506,Mumbai Care Hospital 506,Bengaluru,Private,1313.0,1128.0,75.0,Yes,NO,No,Yes,3.7,3.8,3.5,34.0,11.0,70.0,2.3,No,Unknown"
"H00507,Mumbai Care Hospital 507,Delhi,Private,1089.0,1409.0,136.0,yes,No,No,No,4.7,4.5,4.5,49.0,165.0,71.0,3.3,yes,Patient-Centric Care"
"H00508,Kochi Care Hospital 508,Pune,Multispeciality,1161.0,319.0,75.0,YES,NO,Yes,Yes,3.4,4.5,2.4,31.0,137.0,63.0,3.3,yes,Patient-Centric Care"
"H00509,Bengaluru Care Hospital 509,Delhi,Private,248.0,294.0,75.0,No,YES,Yes,No,2.8,2.7,4.9,97.0,34.0,50.0,3.1,No,IoT Healthcare"
"H00510,Kochi Care Hospital 510,Madurai,Private,374.0,1697.0,32.0,YES,Yes,Yes,No,3.9,2.8,3.2,94.0,116.0,85.0,3.7,yes,Unknown"
"H00511,Coimbatore Care Hospital 511,Coimbatore,Specialty,411.0,78.0,75.0,No,No,Yes,Yes,3.8,3.0,2.4,37.0,107.0,80.0,3.5,No,Unknown"
"H00512,Madurai Care Hospital 512,Bengaluru,Specialty,575.0,1128.0,102.0,YES,Yes,Yes,No,2.2,2.3,2.5,42.0,40.0,76.0,3.2,No,Unknown"
"H00513,Chennai Care Hospital 513,Hyderabad,Multispeciality,1070.0,1128.0,75.0,yes,No,Yes,Yes,3.5,3.0,3.3,89.0,51.0,66.0,4.2,YES,Smart Hospital"
"H00514,Kochi Care Hospital 514,Madurai,Government,737.0,1128.0,48.0,yes,No,Yes,No,5.0,3.0,2.1,89.0,36.0,52.0,3.3,No,Smart Hospital"
"H00515,Jaipur Care Hospital 515,Mumbai,Private,1175.0,333.0,119.0,yes,No,Yes,No,3.0,3.4,3.6,89.0,192.0,79.0,2.3,No,IoT Healthcare"
"H00516,Chennai Care Hospital 516,Madurai,Specialty,1336.0,1128.0,29.0,Yes,No,Yes,No,2.1,4.0,2.2,30.0,90.0,56.0,3.5,YES,IoT Healthcare"
"H00517,Pune Care Hospital 517,Jaipur,Government,593.0,1212.0,15.0,No,No,No,No,2.1,4.5,2.1,99.0,177.0,93.0,4.4,No,Digital Patient Care"
"H00518,Hyderabad Care Hospital 518,Kochi,Government,700.0,2151.0,125.0,yes,No,Yes,Yes,4.6,3.7,2.8,67.0,163.0,75.0,2.8,Yes,Enhanced Security"
"H00519,Madurai Care Hospital 519,Bengaluru,Specialty,879.0,1712.0,23.0,Yes,No,Yes,No,3.1,5.0,4.4,69.0,34.0,65.0,2.4,yes,Patient-Centric Care"
"H00520,Bengaluru Care Hospital 520,Jaipur,Specialty,226.0,709.0,24.0,YES,No,Yes,No,2.9,2.2,4.2,96.0,80.0,84.0,4.9,yes,Smart Hospital"
"H00521,Bengaluru Care Hospital 521,Mumbai,Private,737.0,1128.0,75.0,YES,YES,Yes,No,2.2,4.7,3.2,45.0,123.0,52.0,2.5,Yes,Green Hospital"
"H00522,Mumbai Care Hospital 522,Bengaluru,Private,1102.0,299.0,103.0,YES,No,No,Yes,3.5,3.0,3.7,57.0,45.0,98.0,3.5,Yes,Contactless Healthcare"
"H00523,Jaipur Care Hospital 523,Pune,Specialty,311.0,734.0,108.0,No,YES,Yes,Yes,2.9,4.5,3.9,74.0,83.0,75.0,3.9,Yes,IoT Healthcare"
"H00524,Hyderabad Care Hospital 524,Kochi,Specialty,511.0,79.0,20.0,YES,Yes,Yes,Yes,4.8,3.5,3.5,45.0,162.0,57.0,3.8,yes,Green Hospital"
"H00525,Pune Care Hospital 525,Hyderabad,Multispeciality,583.0,502.0,106.0,Yes,No,Yes,Yes,4.6,4.9,3.5,67.0,204.0,66.0,4.3,No,Digital Patient Care"
"H00526,Kochi Care Hospital 526,Chennai,Government,303.0,1184.0,103.0,YES,YES,Yes,No,2.4,4.4,4.8,31.0,217.0,96.0,2.3,Yes,Patient-Centric Care"
"H00527,Mumbai Care Hospital 527,Hyderabad,Government,895.0,2144.0,109.0,yes,YES,Yes,Yes,4.5,2.8,4.8,75.0,7.0,96.0,3.2,Yes,Contactless Healthcare"
"H00528,Coimbatore Care Hospital 528,Mumbai,Specialty,800.8190675017397,1736.0,79.0,Yes,Yes,Yes,No,3.5,3.7,3.4,62.0,48.0,70.0,2.7,yes,Digital Patient Care"
"H00529,Hyderabad Care Hospital 529,Chennai,Government,1026.0,178.0,9.0,YES,YES,Yes,Yes,3.3,4.3,3.6,81.0,199.0,96.0,3.5,yes,Enhanced Security"
"H00530,Madurai Care Hospital 530,Jaipur,Private,311.0,688.0,138.0,YES,No,Yes,Yes,3.5,3.4,4.8,67.0,30.0,79.0,4.1,No,Green Hospital"
"H00531,Pune Care Hospital 531,Hyderabad,Multispeciality,986.0,692.0,23.0,YES,No,Yes,No,3.9,3.5,2.5,66.0,99.0,51.0,3.1,No,Digital Patient Care"
"H00532,Chennai Care Hospital 532,Hyderabad,Private,1368.0,453.0,52.0,YES,No,No,Yes,2.7,4.0,2.2,67.0,38.0,75.0,2.4,yes,Green Hospital"
"H00533,Jaipur Care Hospital 533,Hyderabad,Private,800.8190675017397,916.0,130.0,yes,No,No,No,3.5,3.1,3.5,67.0,116.0,91.0,4.2,YES,IoT Healthcare"
"H00534,Hyderabad Care Hospital 534,Jaipur,Specialty,524.0,611.0,121.0,YES,YES,Yes,No,3.6,3.2,3.8,67.0,35.0,73.0,2.8,yes,Unknown"
"H00535,Coimbatore Care Hospital 535,Hyderabad,Government,1276.0,349.0,117.0,yes,Yes,No,Yes,3.9,2.4,3.3,39.0,190.0,59.0,2.3,YES,Digital Patient Care"
"H00536,Coimbatore Care Hospital 536,Madurai,Multispeciality,313.0,2195.0,103.0,YES,YES,No,Yes,2.6,3.5,3.0,32.0,160.0,82.0,4.4,No,AI Healthcare"
"H00537,Madurai Care Hospital 537,Coimbatore,Multispeciality,1128.0,115.0,139.0,yes,YES,Yes,Yes,3.2,4.0,3.7,81.0,133.0,74.0,3.5,yes,Contactless Healthcare"
"H00538,Delhi Care Hospital 538,Kochi,Government,883.0,836.0,75.0,yes,NO,Yes,No,4.5,2.9,4.1,81.0,162.0,67.0,4.6,yes,Unknown"
"H00539,Madurai Care Hospital 539,Pune,Government,452.0,2112.0,85.0,YES,NO,Yes,Yes,3.1,4.4,4.3,88.0,46.0,74.0,2.0,Yes,Unknown"
"H00540,Hyderabad Care Hospital 540,Bengaluru,Government,921.0,769.0,38.0,yes,No,No,Yes,3.5,4.5,2.2,57.0,188.0,76.0,2.6,No,IoT Healthcare"
"H00541,Mumbai Care Hospital 541,Coimbatore,Government,761.0,1696.0,94.0,No,Yes,No,No,4.6,5.0,3.1,67.0,64.0,60.0,2.5,Yes,Enhanced Security"
"H00542,Madurai Care Hospital 542,Bengaluru,Government,1449.0,1372.0,33.0,YES,YES,No,Yes,3.7,4.6,4.4,51.0,116.0,53.0,2.2,yes,Digital Patient Care"
"H00543,Delhi Care Hospital 543,Hyderabad,Specialty,800.8190675017397,943.0,127.0,No,No,No,Yes,2.0,4.4,2.3,67.0,10.0,75.0,2.5,Yes,IoT Healthcare"
"H00544,Pune Care Hospital 544,Madurai,Multispeciality,1302.0,2054.0,103.0,yes,Yes,No,No,3.2,4.9,2.5,92.0,129.0,74.0,3.7,Yes,Unknown"
"H00545,Hyderabad Care Hospital 545,Jaipur,Government,308.0,994.0,57.0,No,Yes,No,No,3.2,2.8,3.5,47.0,116.0,90.0,2.7,yes,Green Hospital"
"H00546,Pune Care Hospital 546,Coimbatore,Government,397.0,1128.0,42.0,yes,YES,No,Yes,3.4,2.6,2.1,31.0,207.0,72.0,3.6,YES,Digital Patient Care"
"H00547,Madurai Care Hospital 547,Mumbai,Multispeciality,1271.0,817.0,90.0,Yes,No,No,Yes,3.5,4.2,4.1,44.0,157.0,60.0,4.7,No,Digital Patient Care"
"H00548,Mumbai Care Hospital 548,Hyderabad,Private,607.0,631.0,5.0,No,No,No,Yes,4.1,2.9,4.5,63.0,175.0,72.0,3.1,Yes,Contactless Healthcare"
"H00549,Bengaluru Care Hospital 549,Chennai,Multispeciality,614.0,209.0,111.0,YES,No,Yes,Yes,4.5,3.8,3.9,35.0,148.0,51.0,3.5,No,IoT Healthcare"
"H00550,Jaipur Care Hospital 550,Chennai,Government,922.0,1781.0,122.0,yes,YES,Yes,No,3.4,2.2,3.1,67.0,174.0,87.0,3.8,yes,Green Hospital"
"H00551,Bengaluru Care Hospital 551,Jaipur,Multispeciality,300.0,1128.0,148.0,YES,YES,No,Yes,3.7,3.1,4.9,93.0,36.0,87.0,3.5,YES,AI Healthcare"
"H00552,Jaipur Care Hospital 552,Bengaluru,Government,576.0,783.0,12.0,No,No,Yes,Yes,2.5,2.4,2.9,44.0,46.0,93.0,4.2,No,Smart Hospital"
"H00553,Coimbatore Care Hospital 553,Bengaluru,Government,390.0,1130.0,12.0,Yes,NO,No,Yes,4.9,3.7,4.1,43.0,113.0,78.0,2.5,yes,Digital Patient Care"
"H00554,Mumbai Care Hospital 554,Kochi,Specialty,1184.0,1128.0,29.0,YES,Yes,No,No,2.0,3.2,2.6,35.0,120.0,100.0,3.4,YES,Green Hospital"
"H00555,Jaipur Care Hospital 555,Hyderabad,Private,800.8190675017397,1814.0,76.0,yes,YES,Yes,No,3.5,2.4,2.8,91.0,102.0,65.0,2.8,YES,Green Hospital"
"H00556,Bengaluru Care Hospital 556,Hyderabad,Specialty,1021.0,1903.0,79.0,yes,YES,Yes,Yes,3.0,4.2,2.5,71.0,138.0,77.0,4.1,Yes,Unknown"
"H00557,Kochi Care Hospital 557,Kochi,Multispeciality,921.0,192.0,94.0,YES,No,No,Yes,3.5,3.5,4.1,81.0,85.0,82.0,3.5,yes,Contactless Healthcare"
"H00558,Hyderabad Care Hospital 558,Kochi,Multispeciality,681.0,1562.0,63.0,No,YES,No,No,2.4,2.1,4.9,98.0,108.0,61.0,4.8,No,AI Healthcare"
"H00559,Hyderabad Care Hospital 559,Madurai,Government,1156.0,875.0,75.0,YES,No,Yes,Yes,3.6,3.6,2.8,81.0,173.0,68.0,4.3,yes,Smart Hospital"
"H00560,Bengaluru Care Hospital 560,Pune,Specialty,1498.0,1149.0,75.0,Yes,NO,No,Yes,3.5,2.4,2.2,80.0,89.0,87.0,4.5,YES,Contactless Healthcare"
"H00561,Kochi Care Hospital 561,Coimbatore,Multispeciality,1168.0,837.0,118.0,No,NO,No,Yes,4.9,2.5,2.5,39.0,210.0,78.0,4.2,Yes,AI Healthcare"
"H00562,Delhi Care Hospital 562,Chennai,Multispeciality,626.0,2142.0,118.0,YES,NO,No,Yes,2.7,3.7,3.8,93.0,128.0,68.0,4.7,No,IoT Healthcare"
"H00563,Hyderabad Care Hospital 563,Bengaluru,Multispeciality,1304.0,279.0,62.0,Yes,Yes,No,Yes,4.5,2.3,2.1,67.0,116.0,66.0,4.2,YES,Patient-Centric Care"
"H00564,Kochi Care Hospital 564,Bengaluru,Multispeciality,1236.0,975.0,140.0,Yes,No,Yes,No,2.7,3.5,3.5,72.0,114.0,68.0,5.0,YES,IoT Healthcare"
"H00565,Hyderabad Care Hospital 565,Mumbai,Government,800.8190675017397,1331.0,31.0,yes,YES,Yes,Yes,4.1,2.9,3.7,45.0,97.0,68.0,4.4,Yes,IoT Healthcare"
"H00566,Bengaluru Care Hospital 566,Delhi,Specialty,1211.0,333.0,52.0,YES,YES,No,Yes,2.8,4.3,3.5,53.0,55.0,58.0,3.5,yes,Patient-Centric Care"
"H00567,Pune Care Hospital 567,Coimbatore,Specialty,1016.0,1769.0,146.0,No,YES,No,No,3.0,3.5,4.0,40.0,74.0,100.0,3.8,Yes,Green Hospital"
"H00568,Hyderabad Care Hospital 568,Mumbai,Government,474.0,1128.0,75.0,Yes,No,No,No,3.8,3.8,3.5,83.0,84.0,75.0,2.9,yes,Green Hospital"
"H00569,Pune Care Hospital 569,Bengaluru,Specialty,1342.0,593.0,105.0,No,No,Yes,Yes,4.0,4.0,3.6,94.0,215.0,75.0,3.9,Yes,Digital Patient Care"
"H00570,Kochi Care Hospital 570,Madurai,Government,391.0,839.0,59.0,YES,Yes,Yes,Yes,2.2,3.2,2.1,50.0,36.0,89.0,4.9,No,Digital Patient Care"
"H00571,Coimbatore Care Hospital 571,Coimbatore,Specialty,1348.0,1623.0,140.0,YES,Yes,Yes,Yes,4.0,2.2,4.8,59.0,163.0,58.0,3.7,Yes,Enhanced Security"
"H00572,Chennai Care Hospital 572,Madurai,Specialty,496.0,698.0,13.0,YES,NO,No,No,4.8,2.6,4.1,48.0,135.0,74.0,2.8,Yes,Green Hospital"
"H00573,Pune Care Hospital 573,Hyderabad,Multispeciality,1016.0,311.0,31.0,YES,YES,No,Yes,4.3,4.9,3.2,67.0,69.0,73.0,3.5,yes,Enhanced Security"
"H00574,Bengaluru Care Hospital 574,Hyderabad,Specialty,322.0,1914.0,128.0,yes,No,Yes,Yes,2.4,2.3,2.2,80.0,203.0,54.0,3.4,No,IoT Healthcare"
"H00575,Kochi Care Hospital 575,Pune,Private,1465.0,1128.0,11.0,YES,No,No,Yes,3.4,2.9,4.2,93.0,125.0,63.0,3.6,yes,Green Hospital"
"H00576,Bengaluru Care Hospital 576,Jaipur,Specialty,1436.0,1389.0,38.0,yes,Yes,No,Yes,4.6,3.2,4.2,72.0,68.0,84.0,2.4,yes,Unknown"
"H00577,Bengaluru Care Hospital 577,Pune,Government,1080.0,1663.0,75.0,yes,Yes,No,Yes,2.5,2.4,4.6,63.0,152.0,75.0,3.6,No,AI Healthcare"
"H00578,Delhi Care Hospital 578,Jaipur,Specialty,800.8190675017397,1128.0,75.0,YES,No,No,Yes,3.2,3.5,3.3,68.0,22.0,56.0,3.5,No,Enhanced Security"
"H00579,Bengaluru Care Hospital 579,Kochi,Government,1412.0,798.0,111.0,Yes,NO,No,Yes,4.7,3.0,3.9,82.0,180.0,71.0,3.5,No,Digital Patient Care"
"H00580,Coimbatore Care Hospital 580,Kochi,Specialty,1318.0,97.0,48.0,yes,YES,Yes,Yes,4.9,2.8,2.6,32.0,79.0,70.0,3.3,YES,Contactless Healthcare"
"H00581,Madurai Care Hospital 581,Mumbai,Multispeciality,456.0,828.0,107.0,yes,YES,Yes,Yes,4.2,4.7,2.3,84.0,38.0,75.0,3.2,No,Unknown"
"H00582,Bengaluru Care Hospital 582,Chennai,Private,860.0,2131.0,76.0,YES,No,Yes,No,3.9,3.1,4.4,83.0,19.0,77.0,3.5,YES,Smart Hospital"
"H00583,Mumbai Care Hospital 583,Bengaluru,Private,681.0,1004.0,39.0,YES,Yes,No,No,5.0,3.0,3.7,53.0,116.0,85.0,2.2,Yes,Contactless Healthcare"
"H00584,Bengaluru Care Hospital 584,Bengaluru,Private,1471.0,161.0,92.0,No,No,Yes,No,5.0,4.4,4.1,93.0,87.0,67.0,5.0,No,Contactless Healthcare"
"H00585,Kochi Care Hospital 585,Jaipur,Multispeciality,800.8190675017397,1907.0,94.0,yes,NO,Yes,Yes,3.6,2.1,3.9,83.0,163.0,59.0,2.4,Yes,Contactless Healthcare"
"H00586,Jaipur Care Hospital 586,Coimbatore,Specialty,172.0,567.0,35.0,yes,No,No,Yes,3.5,4.3,3.8,77.0,218.0,94.0,3.5,Yes,Green Hospital"
"H00587,Mumbai Care Hospital 587,Pune,Multispeciality,1278.0,1377.0,14.0,Yes,YES,Yes,Yes,4.7,2.2,4.6,56.0,116.0,83.0,3.5,YES,Green Hospital"
"H00588,Mumbai Care Hospital 588,Pune,Private,400.0,865.0,146.0,YES,Yes,No,Yes,2.7,3.5,4.0,32.0,197.0,73.0,3.5,Yes,IoT Healthcare"
"H00589,Hyderabad Care Hospital 589,Hyderabad,Multispeciality,434.0,1829.0,35.0,YES,No,Yes,No,4.4,4.2,4.7,75.0,75.0,72.0,2.2,YES,Green Hospital"
"H00590,Pune Care Hospital 590,Jaipur,Multispeciality,1141.0,1128.0,40.0,No,NO,No,Yes,2.5,2.0,2.9,57.0,135.0,79.0,3.5,Yes,Patient-Centric Care"
"H00591,Jaipur Care Hospital 591,Bengaluru,Specialty,1414.0,1366.0,75.0,YES,No,Yes,No,4.8,2.7,4.9,67.0,114.0,78.0,3.8,No,Enhanced Security"
"H00592,Bengaluru Care Hospital 592,Hyderabad,Multispeciality,1133.0,2097.0,75.0,YES,YES,No,No,2.7,4.9,2.8,51.0,59.0,70.0,4.8,No,Contactless Healthcare"
"H00593,Chennai Care Hospital 593,Hyderabad,Multispeciality,789.0,1631.0,7.0,YES,No,No,Yes,2.3,2.9,3.5,81.0,194.0,69.0,4.8,YES,Smart Hospital"
"H00594,Kochi Care Hospital 594,Chennai,Private,622.0,731.0,28.0,No,NO,No,No,2.1,2.4,2.5,96.0,147.0,75.0,3.7,No,Unknown"
"H00595,Mumbai Care Hospital 595,Hyderabad,Private,522.0,755.0,75.0,No,No,Yes,No,3.6,3.7,5.0,86.0,164.0,65.0,2.1,Yes,Unknown"
"H00596,Chennai Care Hospital 596,Mumbai,Multispeciality,1298.0,582.0,86.0,YES,No,Yes,Yes,3.8,2.4,3.3,95.0,176.0,54.0,3.3,Yes,Digital Patient Care"
"H00597,Pune Care Hospital 597,Hyderabad,Government,235.0,727.0,29.0,yes,Yes,No,No,2.0,2.5,4.8,68.0,214.0,62.0,4.5,YES,IoT Healthcare"
"H00598,Chennai Care Hospital 598,Delhi,Specialty,800.8190675017397,80.0,119.0,Yes,No,Yes,Yes,4.7,2.6,4.3,67.0,121.0,91.0,3.9,YES,Smart Hospital"
"H00599,Mumbai Care Hospital 599,Madurai,Government,800.8190675017397,118.0,150.0,YES,NO,No,Yes,2.2,5.0,3.6,84.0,35.0,50.0,4.4,No,AI Healthcare"
"H00600,Jaipur Care Hospital 600,Delhi,Specialty,117.0,1281.0,95.0,yes,Yes,No,No,3.5,3.9,2.6,58.0,174.0,82.0,3.5,No,Patient-Centric Care"
"H00601,Delhi Care Hospital 601,Delhi,Multispeciality,282.0,1922.0,112.0,YES,No,Yes,Yes,4.6,3.4,2.8,30.0,116.0,90.0,4.5,yes,Enhanced Security"
"H00602,Bengaluru Care Hospital 602,Hyderabad,Private,986.0,1367.0,110.0,YES,NO,No,Yes,2.4,2.1,4.9,88.0,152.0,75.0,2.6,Yes,Patient-Centric Care"
"H00603,Coimbatore Care Hospital 603,Hyderabad,Private,1033.0,2053.0,33.0,Yes,YES,Yes,No,4.2,2.0,2.2,32.0,116.0,75.0,4.6,yes,Digital Patient Care"
"H00604,Pune Care Hospital 604,Madurai,Specialty,824.0,1079.0,64.0,No,YES,No,Yes,3.5,3.9,3.5,73.0,84.0,75.0,4.1,No,Unknown"
"H00605,Delhi Care Hospital 605,Pune,Specialty,1438.0,208.0,71.0,YES,No,Yes,Yes,3.7,4.9,4.0,74.0,168.0,85.0,2.1,YES,Contactless Healthcare"
"H00606,Kochi Care Hospital 606,Jaipur,Private,196.0,983.0,75.0,YES,No,Yes,Yes,3.2,3.4,2.4,93.0,132.0,90.0,2.1,YES,Enhanced Security"
"H00607,Chennai Care Hospital 607,Chennai,Government,1101.0,1481.0,118.0,Yes,No,Yes,Yes,3.4,3.9,3.6,92.0,116.0,80.0,3.5,YES,IoT Healthcare"
"H00608,Coimbatore Care Hospital 608,Delhi,Government,485.0,346.0,45.0,No,YES,No,Yes,3.7,3.3,2.3,100.0,156.0,59.0,3.7,YES,Patient-Centric Care"
"H00609,Pune Care Hospital 609,Coimbatore,Private,501.0,338.0,59.0,YES,NO,No,Yes,3.3,4.1,2.4,41.0,82.0,69.0,3.7,yes,Enhanced Security"
"H00610,Mumbai Care Hospital 610,Bengaluru,Government,800.8190675017397,908.0,79.0,No,Yes,Yes,No,3.5,3.7,4.2,67.0,20.0,88.0,4.0,yes,Patient-Centric Care"
"H00611,Bengaluru Care Hospital 611,Madurai,Government,220.0,1382.0,43.0,YES,Yes,No,No,4.2,3.2,3.6,85.0,150.0,71.0,4.5,No,Smart Hospital"
"H00612,Madurai Care Hospital 612,Bengaluru,Multispeciality,285.0,1234.0,106.0,yes,NO,No,No,4.6,2.7,4.6,90.0,38.0,61.0,4.6,yes,Enhanced Security"
"H00613,Jaipur Care Hospital 613,Bengaluru,Specialty,1137.0,1642.0,40.0,Yes,Yes,Yes,Yes,3.0,2.2,3.5,81.0,131.0,99.0,3.3,Yes,AI Healthcare"
"H00614,Hyderabad Care Hospital 614,Hyderabad,Specialty,878.0,1753.0,19.0,Yes,Yes,No,Yes,3.6,4.8,3.6,62.0,114.0,77.0,3.7,yes,Enhanced Security"
"H00615,Coimbatore Care Hospital 615,Coimbatore,Specialty,1064.0,1520.0,75.0,No,NO,Yes,No,3.5,2.8,4.7,55.0,116.0,75.0,4.1,No,Green Hospital"
"H00616,Chennai Care Hospital 616,Madurai,Specialty,800.8190675017397,1961.0,51.0,Yes,Yes,Yes,Yes,4.2,4.0,4.7,67.0,212.0,84.0,3.5,No,Unknown"
"H00617,Bengaluru Care Hospital 617,Hyderabad,Government,479.0,874.0,117.0,Yes,No,Yes,No,3.5,2.7,4.7,33.0,87.0,73.0,4.7,No,AI Healthcare"
"H00618,Pune Care Hospital 618,Bengaluru,Specialty,216.0,493.0,78.0,YES,Yes,No,Yes,2.1,5.0,2.5,69.0,75.0,67.0,2.2,yes,Green Hospital"
"H00619,Kochi Care Hospital 619,Delhi,Specialty,800.8190675017397,1910.0,61.0,YES,NO,Yes,No,3.5,3.5,3.5,72.0,204.0,54.0,3.0,No,Digital Patient Care"
"H00620,Chennai Care Hospital 620,Kochi,Specialty,1475.0,2142.0,36.0,YES,YES,No,Yes,4.9,2.8,4.3,67.0,22.0,54.0,4.6,yes,IoT Healthcare"
"H00621,Delhi Care Hospital 621,Chennai,Multispeciality,487.0,162.0,62.0,Yes,YES,Yes,No,2.8,4.1,4.3,78.0,40.0,75.0,3.5,No,Unknown"
"H00622,Kochi Care Hospital 622,Hyderabad,Government,1224.0,1128.0,110.0,YES,Yes,Yes,No,4.6,3.4,3.5,91.0,174.0,94.0,3.5,YES,Green Hospital"
"H00623,Madurai Care Hospital 623,Coimbatore,Private,1243.0,1665.0,62.0,yes,No,No,No,2.9,2.5,2.7,41.0,94.0,57.0,2.4,Yes,Enhanced Security"
"H00624,Madurai Care Hospital 624,Jaipur,Specialty,700.0,211.0,51.0,yes,YES,No,Yes,4.5,3.5,2.2,52.0,116.0,62.0,3.1,yes,Enhanced Security"
"H00625,Delhi Care Hospital 625,Mumbai,Multispeciality,1185.0,361.0,16.0,Yes,YES,No,No,4.6,3.5,4.5,41.0,71.0,90.0,3.5,YES,Green Hospital"
"H00626,Hyderabad Care Hospital 626,Hyderabad,Multispeciality,422.0,1010.0,75.0,Yes,NO,No,Yes,3.8,4.5,2.3,66.0,150.0,51.0,4.5,yes,Smart Hospital"
"H00627,Bengaluru Care Hospital 627,Mumbai,Specialty,833.0,1272.0,135.0,No,NO,No,No,2.6,4.4,3.3,50.0,92.0,72.0,3.5,yes,AI Healthcare"
"H00628,Kochi Care Hospital 628,Madurai,Private,347.0,557.0,75.0,YES,No,No,No,4.3,2.9,4.9,67.0,84.0,100.0,3.1,YES,Green Hospital"
"H00629,Madurai Care Hospital 629,Madurai,Government,730.0,186.0,75.0,No,No,Yes,Yes,4.7,4.9,3.3,34.0,116.0,59.0,4.8,No,IoT Healthcare"
"H00630,Jaipur Care Hospital 630,Delhi,Government,1461.0,1433.0,42.0,YES,YES,No,No,4.3,4.5,4.5,32.0,139.0,74.0,2.4,YES,Contactless Healthcare"
"H00631,Mumbai Care Hospital 631,Coimbatore,Government,785.0,271.0,75.0,yes,No,No,Yes,2.4,4.1,3.5,71.0,184.0,50.0,3.5,YES,Unknown"
"H00632,Chennai Care Hospital 632,Bengaluru,Multispeciality,921.0,1128.0,73.0,YES,NO,Yes,Yes,3.7,3.7,3.1,92.0,18.0,99.0,4.7,No,Contactless Healthcare"
"H00633,Bengaluru Care Hospital 633,Hyderabad,Specialty,534.0,267.0,56.0,YES,Yes,Yes,Yes,3.6,3.0,3.6,83.0,65.0,75.0,3.0,YES,Smart Hospital"
"H00634,Bengaluru Care Hospital 634,Hyderabad,Government,1369.0,682.0,68.0,Yes,No,Yes,Yes,3.7,4.4,3.8,66.0,153.0,65.0,3.6,Yes,AI Healthcare"
"H00635,Chennai Care Hospital 635,Pune,Multispeciality,658.0,993.0,99.0,YES,No,Yes,No,2.5,4.3,3.3,67.0,49.0,91.0,4.2,YES,Enhanced Security"
"H00636,Pune Care Hospital 636,Bengaluru,Government,925.0,264.0,124.0,YES,NO,No,Yes,3.5,3.5,2.5,51.0,168.0,93.0,3.4,Yes,IoT Healthcare"
"H00637,Pune Care Hospital 637,Bengaluru,Government,420.0,1824.0,75.0,yes,NO,Yes,Yes,3.7,2.3,2.6,67.0,93.0,54.0,3.5,yes,Enhanced Security"
"H00638,Madurai Care Hospital 638,Coimbatore,Private,551.0,521.0,21.0,No,No,Yes,Yes,2.2,4.8,3.8,67.0,207.0,65.0,3.8,No,Enhanced Security"
"H00639,Kochi Care Hospital 639,Hyderabad,Private,382.0,1107.0,117.0,YES,Yes,No,Yes,3.4,3.7,2.9,76.0,91.0,60.0,2.9,Yes,IoT Healthcare"
"H00640,Jaipur Care Hospital 640,Mumbai,Multispeciality,1328.0,1128.0,75.0,yes,YES,No,No,3.2,3.5,2.2,69.0,25.0,74.0,3.3,Yes,AI Healthcare"
"H00641,Madurai Care Hospital 641,Hyderabad,Multispeciality,1393.0,2076.0,33.0,Yes,NO,No,Yes,2.0,3.4,4.4,42.0,66.0,80.0,3.0,yes,Enhanced Security"
"H00642,Pune Care Hospital 642,Mumbai,Specialty,800.8190675017397,1546.0,23.0,No,NO,Yes,No,4.0,4.3,3.5,95.0,56.0,79.0,2.1,Yes,Smart Hospital"
"H00643,Chennai Care Hospital 643,Bengaluru,Specialty,800.8190675017397,141.0,75.0,YES,No,Yes,Yes,2.7,3.9,2.4,52.0,70.0,65.0,2.4,yes,Patient-Centric Care"
"H00644,Madurai Care Hospital 644,Hyderabad,Multispeciality,946.0,1686.0,75.0,yes,No,Yes,Yes,3.4,4.3,3.8,57.0,157.0,64.0,4.9,yes,AI Healthcare"
"H00645,Hyderabad Care Hospital 645,Delhi,Government,1052.0,1301.0,38.0,Yes,NO,Yes,Yes,2.3,4.8,5.0,83.0,219.0,59.0,3.8,YES,Unknown"
"H00646,Bengaluru Care Hospital 646,Kochi,Government,1403.0,361.0,48.0,yes,YES,No,No,4.7,2.5,3.6,67.0,90.0,73.0,3.4,YES,Digital Patient Care"
"H00647,Kochi Care Hospital 647,Delhi,Specialty,800.8190675017397,1066.0,12.0,No,NO,No,No,3.6,3.8,4.0,50.0,188.0,66.0,4.7,yes,Green Hospital"
"H00648,Madurai Care Hospital 648,Kochi,Private,1145.0,625.0,75.0,Yes,No,No,Yes,4.8,3.5,2.7,87.0,159.0,73.0,2.4,yes,Patient-Centric Care"
"H00649,Mumbai Care Hospital 649,Madurai,Private,800.8190675017397,1109.0,132.0,No,YES,Yes,Yes,2.1,4.5,2.8,48.0,21.0,73.0,3.4,Yes,Smart Hospital"
"H00650,Delhi Care Hospital 650,Coimbatore,Private,708.0,1597.0,71.0,YES,Yes,No,Yes,3.1,4.1,3.6,65.0,200.0,82.0,4.1,yes,Green Hospital"
"H00651,Mumbai Care Hospital 651,Hyderabad,Specialty,1440.0,342.0,58.0,No,YES,No,No,2.3,3.8,3.4,58.0,157.0,75.0,4.7,yes,Patient-Centric Care"
"H00652,Jaipur Care Hospital 652,Chennai,Government,774.0,2011.0,131.0,yes,No,No,Yes,2.5,4.6,4.9,77.0,122.0,98.0,4.2,yes,Digital Patient Care"
"H00653,Bengaluru Care Hospital 653,Kochi,Government,1071.0,1850.0,116.0,Yes,No,Yes,Yes,5.0,4.4,2.5,67.0,137.0,74.0,2.8,YES,Enhanced Security"
"H00654,Madurai Care Hospital 654,Kochi,Government,877.0,403.0,145.0,Yes,NO,No,Yes,3.9,5.0,3.8,89.0,85.0,89.0,3.5,No,Enhanced Security"
"H00655,Pune Care Hospital 655,Hyderabad,Specialty,511.0,87.0,53.0,YES,Yes,No,Yes,4.2,3.5,3.5,67.0,7.0,94.0,2.9,No,Unknown"
"H00656,Madurai Care Hospital 656,Coimbatore,Specialty,903.0,1386.0,89.0,YES,YES,No,No,4.3,4.7,4.9,57.0,97.0,93.0,4.6,YES,Patient-Centric Care"
"H00657,Mumbai Care Hospital 657,Coimbatore,Multispeciality,1057.0,571.0,33.0,No,YES,Yes,No,4.8,3.4,3.5,58.0,116.0,75.0,3.0,No,IoT Healthcare"
"H00658,Madurai Care Hospital 658,Madurai,Multispeciality,1360.0,977.0,139.0,Yes,YES,No,No,4.3,3.9,3.8,47.0,29.0,93.0,3.5,No,Unknown"
"H00659,Coimbatore Care Hospital 659,Delhi,Government,1241.0,2159.0,39.0,No,Yes,Yes,Yes,2.0,3.0,3.5,53.0,121.0,66.0,4.4,No,Digital Patient Care"
"H00660,Jaipur Care Hospital 660,Pune,Multispeciality,1317.0,2143.0,136.0,yes,No,Yes,Yes,3.8,2.5,3.9,61.0,116.0,62.0,3.6,yes,Unknown"
"H00661,Madurai Care Hospital 661,Coimbatore,Private,121.0,1688.0,27.0,No,Yes,No,Yes,3.1,3.2,4.9,67.0,116.0,84.0,2.5,YES,Green Hospital"
"H00662,Mumbai Care Hospital 662,Pune,Multispeciality,937.0,330.0,36.0,No,YES,No,No,3.7,4.2,2.3,87.0,5.0,55.0,3.8,No,Green Hospital"
"H00663,Chennai Care Hospital 663,Chennai,Government,445.0,385.0,46.0,No,Yes,Yes,No,4.6,3.5,3.5,74.0,82.0,90.0,3.5,yes,IoT Healthcare"
"H00664,Kochi Care Hospital 664,Coimbatore,Multispeciality,372.0,518.0,65.0,No,No,Yes,No,4.1,3.8,3.3,84.0,78.0,96.0,3.8,Yes,Contactless Healthcare"
"H00665,Delhi Care Hospital 665,Coimbatore,Specialty,804.0,1128.0,75.0,yes,No,Yes,No,4.6,4.6,2.3,97.0,102.0,98.0,4.6,yes,Smart Hospital"
"H00666,Hyderabad Care Hospital 666,Coimbatore,Private,971.0,1138.0,29.0,No,No,Yes,Yes,3.5,4.4,3.2,100.0,113.0,100.0,2.7,yes,AI Healthcare"
"H00667,Chennai Care Hospital 667,Bengaluru,Private,800.8190675017397,1128.0,16.0,YES,No,Yes,Yes,4.0,2.8,3.7,49.0,19.0,97.0,3.2,YES,AI Healthcare"
"H00668,Pune Care Hospital 668,Chennai,Private,1018.0,1366.0,29.0,No,NO,Yes,Yes,3.3,3.1,2.2,31.0,136.0,94.0,4.4,Yes,Green Hospital"
"H00669,Chennai Care Hospital 669,Delhi,Government,153.0,2089.0,98.0,YES,No,Yes,No,3.2,4.8,4.6,33.0,58.0,64.0,4.9,No,Green Hospital"
"H00670,Coimbatore Care Hospital 670,Chennai,Private,279.0,994.0,111.0,yes,Yes,Yes,Yes,4.8,3.7,4.0,76.0,70.0,91.0,2.8,Yes,Contactless Healthcare"
"H00671,Kochi Care Hospital 671,Madurai,Private,666.0,2112.0,77.0,Yes,No,Yes,No,2.5,4.7,3.1,45.0,116.0,54.0,2.3,Yes,Smart Hospital"
"H00672,Pune Care Hospital 672,Pune,Government,1463.0,791.0,57.0,YES,Yes,No,No,2.7,3.0,3.7,67.0,81.0,75.0,3.9,Yes,Digital Patient Care"
"H00673,Madurai Care Hospital 673,Hyderabad,Specialty,974.0,187.0,30.0,YES,NO,Yes,No,2.1,2.1,4.0,95.0,74.0,88.0,2.6,Yes,IoT Healthcare"
"H00674,Madurai Care Hospital 674,Delhi,Private,1073.0,221.0,103.0,yes,YES,No,No,3.5,3.6,2.3,34.0,7.0,75.0,2.8,Yes,Enhanced Security"
"H00675,Chennai Care Hospital 675,Jaipur,Private,1479.0,1128.0,62.0,YES,YES,No,Yes,4.7,2.9,3.5,67.0,45.0,55.0,4.0,No,Patient-Centric Care"
"H00676,Coimbatore Care Hospital 676,Hyderabad,Multispeciality,865.0,1863.0,27.0,Yes,YES,No,Yes,4.7,4.3,3.2,64.0,201.0,99.0,2.6,Yes,Smart Hospital"
"H00677,Hyderabad Care Hospital 677,Coimbatore,Private,505.0,1948.0,102.0,yes,No,No,No,4.1,2.9,3.8,59.0,220.0,54.0,4.4,Yes,Green Hospital"
"H00678,Jaipur Care Hospital 678,Pune,Multispeciality,575.0,898.0,78.0,yes,No,Yes,Yes,2.2,4.8,3.9,86.0,45.0,62.0,3.0,yes,Digital Patient Care"
"H00679,Kochi Care Hospital 679,Hyderabad,Government,638.0,1128.0,34.0,yes,Yes,Yes,Yes,3.5,2.5,4.1,70.0,176.0,76.0,2.2,No,Smart Hospital"
"H00680,Bengaluru Care Hospital 680,Coimbatore,Private,1225.0,498.0,127.0,No,YES,Yes,No,3.5,4.9,2.4,90.0,119.0,85.0,4.5,YES,Patient-Centric Care"
"H00681,Bengaluru Care Hospital 681,Hyderabad,Private,151.0,1500.0,75.0,Yes,YES,Yes,No,3.7,2.2,3.3,88.0,116.0,56.0,3.8,YES,Green Hospital"
"H00682,Mumbai Care Hospital 682,Coimbatore,Government,1260.0,1128.0,105.0,No,No,Yes,No,3.7,3.0,4.7,45.0,156.0,92.0,2.1,YES,IoT Healthcare"
"H00683,Mumbai Care Hospital 683,Mumbai,Specialty,355.0,1813.0,96.0,YES,Yes,No,No,3.9,4.5,2.4,64.0,30.0,90.0,3.3,YES,IoT Healthcare"
"H00684,Delhi Care Hospital 684,Hyderabad,Private,88.0,233.0,116.0,YES,NO,Yes,Yes,4.9,4.8,3.5,77.0,187.0,98.0,5.0,YES,Unknown"
"H00685,Hyderabad Care Hospital 685,Madurai,Multispeciality,1083.0,1334.0,28.0,No,Yes,No,Yes,4.3,2.5,3.5,85.0,35.0,97.0,3.0,No,Contactless Healthcare"
"H00686,Hyderabad Care Hospital 686,Delhi,Specialty,800.8190675017397,1910.0,85.0,YES,No,Yes,Yes,3.5,4.0,4.5,77.0,99.0,93.0,4.9,No,AI Healthcare"
"H00687,Jaipur Care Hospital 687,Hyderabad,Multispeciality,876.0,132.0,30.0,YES,YES,Yes,No,3.2,2.3,4.4,67.0,172.0,87.0,3.8,YES,Smart Hospital"
"H00688,Madurai Care Hospital 688,Hyderabad,Multispeciality,240.0,1064.0,123.0,Yes,Yes,Yes,Yes,5.0,5.0,3.9,81.0,145.0,54.0,2.3,No,Contactless Healthcare"
"H00689,Madurai Care Hospital 689,Delhi,Specialty,1176.0,793.0,121.0,No,YES,No,Yes,4.8,3.5,4.2,74.0,18.0,75.0,4.4,yes,Patient-Centric Care"
"H00690,Pune Care Hospital 690,Jaipur,Private,436.0,1128.0,105.0,yes,YES,Yes,Yes,2.7,3.5,3.4,34.0,195.0,74.0,3.3,YES,Smart Hospital"
"H00691,Chennai Care Hospital 691,Madurai,Multispeciality,800.8190675017397,1178.0,49.0,Yes,NO,Yes,No,4.1,2.8,3.6,34.0,37.0,76.0,3.5,No,Smart Hospital"
"H00692,Delhi Care Hospital 692,Hyderabad,Specialty,800.8190675017397,2111.0,75.0,No,No,No,No,2.0,3.0,3.4,54.0,69.0,88.0,3.8,Yes,AI Healthcare"
"H00693,Jaipur Care Hospital 693,Mumbai,Specialty,1455.0,102.0,140.0,Yes,YES,No,Yes,3.6,4.7,2.1,67.0,116.0,78.0,3.5,yes,Patient-Centric Care"
"H00694,Bengaluru Care Hospital 694,Mumbai,Multispeciality,548.0,72.0,137.0,No,No,Yes,Yes,2.5,4.6,2.9,40.0,82.0,72.0,3.9,Yes,AI Healthcare"
"H00695,Pune Care Hospital 695,Mumbai,Multispeciality,333.0,1817.0,73.0,YES,NO,No,Yes,3.5,2.2,4.0,83.0,106.0,66.0,3.5,Yes,Enhanced Security"
"H00696,Bengaluru Care Hospital 696,Hyderabad,Multispeciality,752.0,1504.0,9.0,Yes,No,Yes,Yes,2.6,4.1,3.1,41.0,183.0,59.0,3.5,No,Green Hospital"
"H00697,Madurai Care Hospital 697,Delhi,Specialty,1455.0,1128.0,75.0,yes,No,Yes,No,2.6,3.8,2.7,52.0,175.0,55.0,4.7,No,Smart Hospital"
"H00698,Madurai Care Hospital 698,Hyderabad,Government,800.8190675017397,1760.0,45.0,YES,NO,No,No,4.8,3.9,2.5,58.0,152.0,75.0,2.2,YES,Smart Hospital"
"H00699,Bengaluru Care Hospital 699,Hyderabad,Private,997.0,1876.0,25.0,yes,No,No,Yes,4.0,3.5,3.9,58.0,116.0,58.0,4.3,yes,Digital Patient Care"
"H00700,Bengaluru Care Hospital 700,Mumbai,Government,1340.0,425.0,45.0,YES,No,Yes,Yes,3.8,2.8,4.7,97.0,43.0,93.0,3.7,yes,AI Healthcare"
"H00701,Bengaluru Care Hospital 701,Bengaluru,Government,563.0,1411.0,112.0,No,No,Yes,No,4.9,3.5,3.3,97.0,105.0,62.0,3.1,Yes,Smart Hospital"
"H00702,Madurai Care Hospital 702,Jaipur,Government,800.8190675017397,873.0,13.0,yes,Yes,No,Yes,3.1,3.5,3.5,45.0,135.0,83.0,2.5,No,Green Hospital"
"H00703,Delhi Care Hospital 703,Madurai,Private,636.0,1128.0,73.0,yes,YES,No,No,3.5,3.5,2.9,60.0,32.0,100.0,3.3,Yes,IoT Healthcare"
"H00704,Jaipur Care Hospital 704,Jaipur,Specialty,601.0,1174.0,75.0,YES,No,No,No,2.8,3.9,4.7,60.0,116.0,56.0,3.8,No,Enhanced Security"
"H00705,Jaipur Care Hospital 705,Pune,Multispeciality,1428.0,1871.0,38.0,YES,YES,Yes,No,2.7,3.7,3.5,74.0,201.0,61.0,3.2,YES,IoT Healthcare"
"H00706,Hyderabad Care Hospital 706,Hyderabad,Government,200.0,1215.0,18.0,No,Yes,No,No,3.0,4.5,3.5,95.0,213.0,64.0,4.3,No,Enhanced Security"
"H00707,Madurai Care Hospital 707,Pune,Specialty,287.0,543.0,80.0,No,No,Yes,Yes,3.5,4.4,3.2,67.0,9.0,98.0,2.2,No,AI Healthcare"
"H00708,Mumbai Care Hospital 708,Delhi,Specialty,615.0,1128.0,122.0,yes,Yes,Yes,No,2.0,4.9,3.2,63.0,140.0,75.0,3.5,Yes,Green Hospital"
"H00709,Pune Care Hospital 709,Hyderabad,Multispeciality,1424.0,201.0,39.0,yes,No,Yes,No,4.0,3.4,4.8,49.0,111.0,62.0,3.5,No,Unknown"
"H00710,Pune Care Hospital 710,Coimbatore,Specialty,1182.0,540.0,89.0,Yes,YES,No,No,3.5,2.4,3.2,77.0,41.0,83.0,4.7,No,Contactless Healthcare"
"H00711,Mumbai Care Hospital 711,Hyderabad,Specialty,1178.0,1136.0,75.0,YES,YES,No,Yes,2.6,3.7,2.2,51.0,209.0,60.0,2.7,yes,Patient-Centric Care"
"H00712,Kochi Care Hospital 712,Chennai,Multispeciality,137.0,1185.0,6.0,yes,YES,Yes,Yes,3.5,3.5,4.1,98.0,132.0,86.0,4.9,YES,IoT Healthcare"
"H00713,Chennai Care Hospital 713,Kochi,Multispeciality,973.0,1128.0,32.0,YES,NO,No,No,2.9,4.2,4.6,94.0,80.0,95.0,2.8,No,Unknown"
"H00714,Delhi Care Hospital 714,Delhi,Specialty,1498.0,1228.0,110.0,No,No,Yes,Yes,2.3,3.7,4.5,67.0,115.0,85.0,4.6,No,Enhanced Security"
"H00715,Jaipur Care Hospital 715,Mumbai,Specialty,654.0,496.0,65.0,Yes,YES,No,No,2.1,3.0,2.2,44.0,63.0,58.0,2.6,No,Enhanced Security"
"H00716,Coimbatore Care Hospital 716,Coimbatore,Specialty,1270.0,1462.0,60.0,yes,NO,No,No,2.6,2.3,4.7,40.0,134.0,55.0,2.1,No,IoT Healthcare"
"H00717,Delhi Care Hospital 717,Chennai,Multispeciality,677.0,221.0,75.0,yes,Yes,Yes,Yes,3.2,2.5,2.2,92.0,141.0,80.0,3.8,No,Green Hospital"
"H00718,Kochi Care Hospital 718,Mumbai,Specialty,336.0,131.0,59.0,YES,YES,Yes,Yes,4.0,5.0,3.0,47.0,204.0,75.0,3.2,No,Patient-Centric Care"
"H00719,Hyderabad Care Hospital 719,Madurai,Multispeciality,1176.0,809.0,64.0,YES,YES,No,Yes,4.2,4.6,4.8,54.0,198.0,62.0,4.5,YES,Unknown"
"H00720,Mumbai Care Hospital 720,Pune,Private,1061.0,1951.0,7.0,No,No,No,Yes,2.8,3.6,2.5,81.0,93.0,89.0,2.7,YES,Patient-Centric Care"
"H00721,Kochi Care Hospital 721,Coimbatore,Government,403.0,385.0,64.0,YES,No,No,Yes,2.8,4.5,3.0,68.0,116.0,69.0,2.6,yes,Enhanced Security"
"H00722,Jaipur Care Hospital 722,Kochi,Specialty,1266.0,705.0,143.0,yes,No,Yes,No,3.5,2.0,2.5,97.0,66.0,66.0,2.2,yes,Patient-Centric Care"
"H00723,Pune Care Hospital 723,Chennai,Government,931.0,1609.0,148.0,YES,No,No,Yes,3.9,4.9,3.4,38.0,31.0,95.0,4.0,No,Green Hospital"
"H00724,Pune Care Hospital 724,Mumbai,Multispeciality,175.0,872.0,5.0,Yes,YES,Yes,Yes,3.3,4.8,4.3,61.0,216.0,51.0,4.6,yes,Enhanced Security"
"H00725,Kochi Care Hospital 725,Chennai,Specialty,364.0,2105.0,115.0,YES,Yes,Yes,No,3.7,4.6,2.3,67.0,116.0,53.0,3.6,YES,Smart Hospital"
"H00726,Coimbatore Care Hospital 726,Madurai,Private,405.0,1998.0,75.0,No,No,No,Yes,3.6,3.7,5.0,74.0,51.0,88.0,2.2,yes,Patient-Centric Care"
"H00727,Bengaluru Care Hospital 727,Madurai,Specialty,921.0,433.0,88.0,No,YES,Yes,Yes,4.6,3.5,4.2,42.0,116.0,75.0,3.4,YES,Contactless Healthcare"
"H00728,Madurai Care Hospital 728,Pune,Private,840.0,1786.0,22.0,YES,No,Yes,Yes,4.8,3.7,4.8,70.0,116.0,80.0,2.8,No,Patient-Centric Care"
"H00729,Hyderabad Care Hospital 729,Pune,Government,1394.0,347.0,108.0,No,NO,Yes,Yes,3.3,3.2,3.6,83.0,165.0,72.0,5.0,YES,Contactless Healthcare"
"H00730,Pune Care Hospital 730,Jaipur,Government,300.0,120.0,127.0,Yes,YES,No,No,2.1,3.1,3.5,93.0,213.0,87.0,2.2,Yes,Enhanced Security"
"H00731,Chennai Care Hospital 731,Hyderabad,Specialty,827.0,1390.0,35.0,YES,Yes,Yes,No,2.1,3.5,4.3,30.0,116.0,52.0,4.0,No,Digital Patient Care"
"H00732,Pune Care Hospital 732,Hyderabad,Multispeciality,1144.0,449.0,27.0,YES,No,No,Yes,3.0,3.5,4.9,74.0,173.0,75.0,2.0,No,Unknown"
"H00733,Coimbatore Care Hospital 733,Hyderabad,Specialty,883.0,1203.0,23.0,yes,Yes,Yes,Yes,2.6,2.1,3.8,97.0,34.0,96.0,3.2,yes,Patient-Centric Care"
"H00734,Bengaluru Care Hospital 734,Pune,Specialty,545.0,955.0,139.0,yes,NO,Yes,Yes,5.0,3.6,3.5,79.0,148.0,96.0,3.5,YES,IoT Healthcare"
"H00735,Mumbai Care Hospital 735,Delhi,Specialty,1386.0,1144.0,62.0,No,NO,No,Yes,2.7,4.7,3.0,54.0,164.0,54.0,3.0,No,Green Hospital"
"H00736,Delhi Care Hospital 736,Pune,Government,893.0,1841.0,132.0,No,No,Yes,Yes,3.5,4.8,4.6,49.0,77.0,50.0,4.5,YES,Digital Patient Care"
"H00737,Delhi Care Hospital 737,Hyderabad,Private,267.0,219.0,67.0,YES,No,Yes,Yes,2.2,4.7,3.5,99.0,21.0,69.0,4.0,yes,IoT Healthcare"
"H00738,Bengaluru Care Hospital 738,Jaipur,Private,154.0,1521.0,119.0,YES,NO,Yes,No,3.4,2.3,4.9,33.0,180.0,88.0,3.3,yes,Contactless Healthcare"
"H00739,Delhi Care Hospital 739,Pune,Private,219.0,1313.0,132.0,YES,No,Yes,Yes,4.6,3.4,2.1,59.0,52.0,93.0,4.1,Yes,Contactless Healthcare"
"H00740,Jaipur Care Hospital 740,Hyderabad,Private,506.0,2173.0,80.0,yes,Yes,No,Yes,2.4,2.4,3.8,67.0,197.0,51.0,4.3,yes,Green Hospital"
"H00741,Delhi Care Hospital 741,Hyderabad,Private,471.0,245.0,49.0,YES,No,Yes,No,3.5,3.3,2.3,42.0,13.0,54.0,3.1,YES,Unknown"
"H00742,Pune Care Hospital 742,Coimbatore,Private,834.0,404.0,32.0,Yes,Yes,Yes,No,4.0,4.5,2.9,67.0,172.0,71.0,2.6,YES,Unknown"
"H00743,Pune Care Hospital 743,Coimbatore,Multispeciality,951.0,1267.0,117.0,Yes,Yes,No,No,3.3,3.4,3.7,34.0,211.0,75.0,2.4,No,Unknown"
"H00744,Delhi Care Hospital 744,Chennai,Private,315.0,505.0,98.0,Yes,NO,Yes,Yes,2.6,2.6,2.2,67.0,204.0,93.0,3.8,YES,Unknown"
"H00745,Delhi Care Hospital 745,Jaipur,Private,958.0,828.0,75.0,No,No,Yes,No,3.5,2.0,4.4,99.0,176.0,83.0,2.6,YES,IoT Healthcare"
"H00746,Pune Care Hospital 746,Hyderabad,Multispeciality,315.0,67.0,56.0,Yes,No,Yes,Yes,4.9,3.1,3.2,99.0,58.0,56.0,2.9,No,Contactless Healthcare"
"H00747,Pune Care Hospital 747,Bengaluru,Multispeciality,551.0,2085.0,47.0,YES,No,No,No,5.0,2.2,4.7,74.0,213.0,90.0,3.2,No,AI Healthcare"
"H00748,Pune Care Hospital 748,Coimbatore,Multispeciality,1215.0,506.0,53.0,Yes,Yes,Yes,Yes,2.5,5.0,3.2,93.0,62.0,57.0,3.3,No,Green Hospital"
"H00749,Bengaluru Care Hospital 749,Mumbai,Multispeciality,1223.0,2038.0,91.0,No,No,Yes,No,3.6,3.6,3.3,97.0,164.0,64.0,2.2,YES,Patient-Centric Care"
"H00750,Coimbatore Care Hospital 750,Kochi,Multispeciality,656.0,683.0,28.0,YES,No,Yes,Yes,4.5,4.0,4.4,67.0,174.0,79.0,4.9,Yes,Green Hospital"
"H00751,Madurai Care Hospital 751,Pune,Private,718.0,1323.0,58.0,Yes,No,Yes,No,4.6,2.8,3.2,58.0,174.0,98.0,4.9,yes,Digital Patient Care"
"H00752,Kochi Care Hospital 752,Hyderabad,Private,800.8190675017397,561.0,38.0,Yes,Yes,No,Yes,4.4,3.5,2.3,42.0,138.0,59.0,2.2,No,Enhanced Security"
"H00753,Pune Care Hospital 753,Hyderabad,Specialty,208.0,1041.0,105.0,No,No,Yes,Yes,3.3,2.7,2.5,85.0,112.0,75.0,4.1,No,Patient-Centric Care"
"H00754,Delhi Care Hospital 754,Jaipur,Specialty,478.0,82.0,44.0,Yes,YES,Yes,No,4.8,4.5,3.2,84.0,163.0,75.0,3.9,YES,Smart Hospital"
"H00755,Madurai Care Hospital 755,Hyderabad,Multispeciality,1191.0,1103.0,12.0,No,YES,Yes,Yes,4.2,3.4,4.5,50.0,119.0,60.0,2.8,yes,Unknown"
"H00756,Kochi Care Hospital 756,Madurai,Government,1008.0,1244.0,55.0,No,Yes,Yes,No,3.5,2.1,4.1,34.0,27.0,90.0,3.2,yes,IoT Healthcare"
"H00757,Chennai Care Hospital 757,Hyderabad,Specialty,414.0,1983.0,117.0,yes,Yes,Yes,No,4.0,4.6,2.2,44.0,220.0,75.0,3.2,No,Patient-Centric Care"
"H00758,Chennai Care Hospital 758,Chennai,Government,229.0,1511.0,68.0,yes,YES,Yes,Yes,4.2,2.4,4.8,38.0,126.0,55.0,3.2,yes,Green Hospital"
"H00759,Hyderabad Care Hospital 759,Hyderabad,Government,419.0,1128.0,15.0,YES,Yes,No,Yes,3.5,4.1,4.0,81.0,154.0,75.0,3.9,YES,AI Healthcare"
"H00760,Madurai Care Hospital 760,Pune,Private,603.0,1128.0,29.0,No,Yes,No,No,3.7,3.9,2.0,99.0,116.0,75.0,3.5,No,Unknown"
"H00761,Coimbatore Care Hospital 761,Mumbai,Government,820.0,1231.0,77.0,No,Yes,No,Yes,3.5,4.4,5.0,66.0,41.0,73.0,2.1,YES,AI Healthcare"
"H00762,Pune Care Hospital 762,Bengaluru,Government,793.0,426.0,23.0,No,YES,No,No,2.0,3.6,4.1,81.0,207.0,60.0,2.2,No,Patient-Centric Care"
"H00763,Bengaluru Care Hospital 763,Hyderabad,Specialty,468.0,1944.0,86.0,YES,NO,Yes,Yes,4.7,3.7,2.4,32.0,67.0,73.0,2.6,No,IoT Healthcare"
"H00764,Chennai Care Hospital 764,Madurai,Specialty,604.0,1180.0,58.0,YES,YES,No,Yes,2.9,4.8,4.3,38.0,107.0,79.0,3.0,Yes,IoT Healthcare"
"H00765,Coimbatore Care Hospital 765,Jaipur,Private,804.0,934.0,143.0,No,No,Yes,Yes,4.3,3.9,2.0,69.0,78.0,66.0,2.1,Yes,Enhanced Security"
"H00766,Kochi Care Hospital 766,Chennai,Private,800.8190675017397,1515.0,60.0,yes,Yes,No,Yes,3.5,3.5,2.0,67.0,97.0,75.0,4.3,yes,Green Hospital"
"H00767,Madurai Care Hospital 767,Bengaluru,Multispeciality,901.0,872.0,103.0,No,No,Yes,Yes,3.7,2.1,4.9,50.0,77.0,52.0,3.8,No,Green Hospital"
"H00768,Madurai Care Hospital 768,Hyderabad,Multispeciality,659.0,1439.0,120.0,YES,YES,No,Yes,2.0,2.9,4.7,51.0,176.0,97.0,3.4,No,Green Hospital"
"H00769,Madurai Care Hospital 769,Delhi,Specialty,895.0,2132.0,102.0,YES,No,Yes,No,2.8,2.6,4.1,44.0,132.0,72.0,3.7,Yes,Green Hospital"
"H00770,Hyderabad Care Hospital 770,Bengaluru,Specialty,1275.0,1128.0,75.0,YES,NO,Yes,No,2.8,3.5,4.7,95.0,116.0,59.0,3.5,No,Patient-Centric Care"
"H00771,Coimbatore Care Hospital 771,Jaipur,Private,924.0,1013.0,17.0,Yes,YES,Yes,Yes,4.0,2.3,2.2,78.0,154.0,91.0,2.4,YES,AI Healthcare"
"H00772,Coimbatore Care Hospital 772,Madurai,Specialty,1399.0,1128.0,35.0,No,Yes,No,No,4.1,3.2,2.4,87.0,158.0,64.0,3.2,YES,Enhanced Security"
"H00773,Kochi Care Hospital 773,Mumbai,Private,1372.0,1833.0,78.0,No,YES,Yes,No,4.5,2.7,3.9,96.0,116.0,76.0,4.3,Yes,Digital Patient Care"
"H00774,Chennai Care Hospital 774,Hyderabad,Specialty,149.0,1294.0,121.0,yes,No,No,Yes,3.5,3.5,3.8,77.0,84.0,98.0,4.7,No,Green Hospital"
"H00775,Jaipur Care Hospital 775,Chennai,Specialty,800.8190675017397,1864.0,98.0,No,No,No,Yes,2.3,3.7,3.0,98.0,116.0,75.0,2.4,No,Digital Patient Care"
"H00776,Bengaluru Care Hospital 776,Hyderabad,Multispeciality,1445.0,1541.0,48.0,No,YES,No,Yes,4.8,4.3,3.5,79.0,116.0,99.0,2.3,yes,Digital Patient Care"
"H00777,Coimbatore Care Hospital 777,Jaipur,Multispeciality,800.8190675017397,1253.0,18.0,No,No,No,No,4.8,4.0,3.6,49.0,120.0,61.0,2.3,No,Digital Patient Care"
"H00778,Mumbai Care Hospital 778,Mumbai,Multispeciality,1057.0,1128.0,75.0,YES,Yes,No,Yes,2.6,4.9,4.0,59.0,193.0,87.0,2.5,No,Green Hospital"
"H00779,Chennai Care Hospital 779,Hyderabad,Private,1280.0,88.0,141.0,No,NO,Yes,Yes,2.0,3.5,2.0,63.0,71.0,89.0,3.7,YES,IoT Healthcare"
"H00780,Delhi Care Hospital 780,Delhi,Private,831.0,1687.0,78.0,yes,YES,No,No,4.9,4.3,2.2,90.0,107.0,77.0,2.0,yes,Contactless Healthcare"
"H00781,Chennai Care Hospital 781,Hyderabad,Specialty,1370.0,1572.0,127.0,Yes,NO,Yes,No,2.8,3.1,4.3,67.0,114.0,78.0,2.7,yes,Contactless Healthcare"
"H00782,Madurai Care Hospital 782,Delhi,Multispeciality,969.0,1549.0,45.0,YES,NO,Yes,Yes,3.8,3.5,4.0,59.0,116.0,59.0,3.5,Yes,Digital Patient Care"
"H00783,Mumbai Care Hospital 783,Jaipur,Private,1350.0,1753.0,123.0,Yes,NO,Yes,Yes,4.8,2.9,3.2,83.0,77.0,59.0,4.1,YES,Digital Patient Care"
"H00784,Madurai Care Hospital 784,Bengaluru,Private,406.0,1437.0,120.0,YES,No,No,No,3.5,4.5,3.0,46.0,150.0,74.0,3.7,YES,Digital Patient Care"
"H00785,Pune Care Hospital 785,Hyderabad,Government,1384.0,1325.0,75.0,Yes,NO,Yes,Yes,4.1,3.5,3.5,76.0,134.0,94.0,2.7,Yes,Green Hospital"
"H00786,Pune Care Hospital 786,Hyderabad,Government,975.0,126.0,19.0,Yes,NO,Yes,Yes,4.3,4.7,2.3,67.0,77.0,72.0,4.1,No,Contactless Healthcare"
"H00787,Hyderabad Care Hospital 787,Hyderabad,Government,955.0,1524.0,83.0,YES,No,No,No,4.1,2.7,4.6,36.0,215.0,98.0,4.1,YES,AI Healthcare"
"H00788,Jaipur Care Hospital 788,Pune,Specialty,524.0,754.0,31.0,yes,YES,No,Yes,3.2,3.5,2.1,76.0,93.0,67.0,3.5,yes,Contactless Healthcare"
"H00789,Pune Care Hospital 789,Bengaluru,Multispeciality,1175.0,2089.0,23.0,YES,No,Yes,Yes,2.8,4.4,3.5,85.0,172.0,100.0,4.4,Yes,Enhanced Security"
"H00790,Mumbai Care Hospital 790,Kochi,Multispeciality,956.0,1331.0,75.0,yes,NO,Yes,Yes,3.7,3.8,4.3,67.0,24.0,88.0,4.8,Yes,Green Hospital"
"H00791,Delhi Care Hospital 791,Coimbatore,Specialty,986.0,943.0,55.0,yes,No,No,Yes,3.0,3.5,2.8,62.0,159.0,75.0,4.8,Yes,Green Hospital"
"H00792,Bengaluru Care Hospital 792,Jaipur,Government,507.0,1473.0,5.0,No,NO,Yes,No,3.9,3.2,3.1,62.0,61.0,60.0,3.5,yes,Patient-Centric Care"
"H00793,Kochi Care Hospital 793,Hyderabad,Specialty,442.0,85.0,109.0,YES,Yes,No,No,2.9,3.9,3.5,98.0,203.0,66.0,2.8,No,AI Healthcare"
"H00794,Mumbai Care Hospital 794,Pune,Private,1500.0,1975.0,53.0,YES,YES,No,No,3.5,3.5,4.8,63.0,215.0,75.0,2.7,No,Patient-Centric Care"
"H00795,Mumbai Care Hospital 795,Coimbatore,Private,800.8190675017397,1305.0,9.0,Yes,NO,No,Yes,3.3,4.0,4.7,93.0,91.0,75.0,3.5,YES,AI Healthcare"
"H00796,Pune Care Hospital 796,Coimbatore,Private,766.0,1865.0,24.0,YES,NO,No,Yes,3.5,3.5,4.9,92.0,14.0,56.0,4.4,YES,AI Healthcare"
"H00797,Jaipur Care Hospital 797,Hyderabad,Multispeciality,1253.0,91.0,74.0,yes,No,No,No,3.8,2.8,2.5,70.0,114.0,61.0,3.7,Yes,Smart Hospital"
"H00798,Chennai Care Hospital 798,Hyderabad,Government,1232.0,100.0,30.0,Yes,Yes,Yes,No,2.3,4.3,3.5,49.0,26.0,52.0,2.7,No,IoT Healthcare"
"H00799,Pune Care Hospital 799,Pune,Specialty,800.8190675017397,1930.0,150.0,YES,NO,Yes,Yes,4.6,4.7,4.7,73.0,207.0,71.0,4.8,yes,Contactless Healthcare"
"H00800,Delhi Care Hospital 800,Hyderabad,Government,1319.0,1128.0,107.0,No,Yes,Yes,Yes,4.7,3.2,3.5,68.0,68.0,51.0,2.3,yes,IoT Healthcare"
"H00801,Delhi Care Hospital 801,Kochi,Private,1024.0,318.0,36.0,No,NO,Yes,Yes,3.5,2.9,4.8,43.0,16.0,69.0,3.8,Yes,Enhanced Security"
"H00802,Kochi Care Hospital 802,Madurai,Government,1403.0,2054.0,110.0,YES,Yes,No,Yes,2.5,4.0,2.5,59.0,137.0,84.0,4.1,No,Smart Hospital"
"H00803,Bengaluru Care Hospital 803,Hyderabad,Multispeciality,282.0,1128.0,89.0,YES,No,No,No,4.0,4.4,3.9,79.0,156.0,76.0,2.5,YES,Patient-Centric Care"
"H00804,Delhi Care Hospital 804,Bengaluru,Multispeciality,1076.0,2183.0,26.0,yes,YES,No,Yes,5.0,3.8,2.0,67.0,35.0,95.0,2.7,YES,Green Hospital"
"H00805,Pune Care Hospital 805,Mumbai,Private,490.0,609.0,113.0,YES,No,No,Yes,3.3,3.9,3.2,67.0,65.0,75.0,3.2,Yes,Contactless Healthcare"
"H00806,Hyderabad Care Hospital 806,Bengaluru,Specialty,449.0,684.0,135.0,Yes,YES,No,Yes,3.4,4.0,3.5,40.0,116.0,75.0,2.4,No,Enhanced Security"
"H00807,Jaipur Care Hospital 807,Mumbai,Specialty,443.0,1128.0,35.0,yes,No,No,Yes,2.3,3.5,3.7,79.0,6.0,76.0,3.3,No,AI Healthcare"
"H00808,Bengaluru Care Hospital 808,Jaipur,Specialty,744.0,1081.0,75.0,No,YES,No,No,3.1,3.6,3.3,81.0,90.0,83.0,3.5,No,Digital Patient Care"
"H00809,Mumbai Care Hospital 809,Madurai,Government,951.0,951.0,8.0,Yes,No,No,Yes,4.3,3.5,3.9,59.0,121.0,76.0,4.1,YES,Digital Patient Care"
"H00810,Kochi Care Hospital 810,Kochi,Government,591.0,1632.0,99.0,YES,NO,Yes,Yes,3.3,2.2,4.7,58.0,155.0,81.0,3.1,No,Patient-Centric Care"
"H00811,Kochi Care Hospital 811,Pune,Multispeciality,988.0,490.0,130.0,YES,Yes,Yes,Yes,2.5,3.4,2.1,55.0,31.0,84.0,3.4,Yes,AI Healthcare"
"H00812,Hyderabad Care Hospital 812,Delhi,Government,253.0,641.0,25.0,No,NO,No,Yes,3.8,3.5,2.4,89.0,59.0,96.0,3.8,No,AI Healthcare"
"H00813,Mumbai Care Hospital 813,Kochi,Specialty,1229.0,1814.0,132.0,No,YES,Yes,Yes,4.6,3.8,3.8,96.0,100.0,75.0,3.9,YES,Unknown"
"H00814,Hyderabad Care Hospital 814,Delhi,Specialty,1098.0,1128.0,128.0,YES,No,No,No,3.4,4.2,3.8,87.0,173.0,91.0,3.9,Yes,Smart Hospital"
"H00815,Bengaluru Care Hospital 815,Madurai,Government,385.0,1061.0,46.0,No,NO,Yes,No,2.2,4.5,4.4,49.0,180.0,66.0,3.5,No,Patient-Centric Care"
"H00816,Bengaluru Care Hospital 816,Hyderabad,Multispeciality,650.0,2040.0,89.0,yes,No,No,Yes,2.6,4.2,3.9,45.0,60.0,57.0,3.1,yes,AI Healthcare"
"H00817,Chennai Care Hospital 817,Pune,Government,357.0,1062.0,21.0,No,YES,Yes,Yes,3.5,3.5,2.8,79.0,162.0,80.0,3.3,yes,Green Hospital"
"H00818,Coimbatore Care Hospital 818,Hyderabad,Government,387.0,1582.0,23.0,YES,Yes,Yes,Yes,2.5,3.4,3.5,53.0,186.0,97.0,3.5,No,Enhanced Security"
"H00819,Delhi Care Hospital 819,Hyderabad,Private,691.0,2125.0,8.0,No,No,No,No,3.1,5.0,2.5,30.0,143.0,57.0,3.0,Yes,Enhanced Security"
"H00820,Bengaluru Care Hospital 820,Jaipur,Private,1332.0,1628.0,83.0,Yes,YES,Yes,No,2.1,3.5,2.1,53.0,65.0,56.0,5.0,Yes,IoT Healthcare"
"H00821,Mumbai Care Hospital 821,Delhi,Government,800.8190675017397,80.0,86.0,YES,NO,No,No,4.9,3.3,3.0,88.0,27.0,75.0,2.6,YES,IoT Healthcare"
"H00822,Madurai Care Hospital 822,Hyderabad,Government,313.0,2195.0,39.0,Yes,No,Yes,No,2.1,3.5,4.0,80.0,53.0,70.0,4.0,YES,Smart Hospital"
"H00823,Madurai Care Hospital 823,Bengaluru,Government,546.0,618.0,71.0,YES,YES,No,No,3.3,4.3,2.6,81.0,192.0,71.0,2.3,No,Enhanced Security"
"H00824,Jaipur Care Hospital 824,Hyderabad,Government,1255.0,1128.0,101.0,YES,Yes,No,Yes,3.2,4.2,4.0,75.0,38.0,69.0,4.1,yes,Unknown"
"H00825,Pune Care Hospital 825,Pune,Specialty,182.0,225.0,18.0,YES,YES,Yes,No,4.6,2.6,3.9,94.0,47.0,50.0,4.6,YES,Enhanced Security"
"H00826,Bengaluru Care Hospital 826,Chennai,Private,1467.0,303.0,97.0,YES,Yes,No,No,4.9,3.7,2.2,90.0,196.0,55.0,4.8,No,Contactless Healthcare"
"H00827,Chennai Care Hospital 827,Chennai,Specialty,960.0,1637.0,75.0,Yes,Yes,Yes,No,3.1,4.5,2.4,37.0,91.0,96.0,4.3,yes,Green Hospital"
"H00828,Pune Care Hospital 828,Chennai,Specialty,801.0,545.0,33.0,YES,YES,Yes,No,4.1,2.1,2.2,73.0,161.0,89.0,3.5,Yes,Enhanced Security"
"H00829,Delhi Care Hospital 829,Delhi,Government,603.0,1128.0,9.0,YES,YES,Yes,No,3.2,3.4,3.2,92.0,149.0,91.0,2.9,Yes,IoT Healthcare"
"H00830,Pune Care Hospital 830,Chennai,Government,1281.0,912.0,22.0,Yes,YES,Yes,No,4.1,3.2,4.0,47.0,80.0,94.0,3.5,yes,Green Hospital"
"H00831,Mumbai Care Hospital 831,Coimbatore,Multispeciality,727.0,663.0,140.0,YES,Yes,No,No,4.3,2.3,2.5,78.0,116.0,52.0,3.5,yes,IoT Healthcare"
"H00832,Hyderabad Care Hospital 832,Delhi,Government,1246.0,1257.0,112.0,YES,Yes,Yes,No,3.8,4.7,2.4,71.0,141.0,75.0,5.0,YES,Patient-Centric Care"
"H00833,Hyderabad Care Hospital 833,Madurai,Multispeciality,195.0,1128.0,75.0,No,No,Yes,Yes,3.3,3.4,4.4,75.0,160.0,75.0,2.1,No,Green Hospital"
"H00834,Delhi Care Hospital 834,Pune,Government,613.0,735.0,96.0,yes,No,Yes,Yes,3.1,3.0,3.4,52.0,43.0,57.0,2.6,yes,IoT Healthcare"
"H00835,Delhi Care Hospital 835,Coimbatore,Specialty,967.0,396.0,64.0,No,YES,Yes,Yes,4.1,3.9,3.5,99.0,116.0,58.0,3.6,No,Patient-Centric Care"
"H00836,Bengaluru Care Hospital 836,Hyderabad,Government,1230.0,736.0,45.0,Yes,YES,No,Yes,3.8,3.5,3.0,60.0,199.0,91.0,2.7,No,Digital Patient Care"
"H00837,Chennai Care Hospital 837,Madurai,Specialty,1130.0,1660.0,115.0,Yes,NO,No,Yes,3.8,3.8,4.5,91.0,74.0,50.0,3.4,Yes,Patient-Centric Care"
"H00838,Hyderabad Care Hospital 838,Hyderabad,Multispeciality,852.0,2136.0,134.0,Yes,No,No,Yes,4.1,3.5,4.7,99.0,26.0,67.0,4.4,No,IoT Healthcare"
"H00839,Bengaluru Care Hospital 839,Delhi,Multispeciality,1094.0,1218.0,40.0,YES,Yes,No,Yes,2.1,2.9,3.1,88.0,116.0,65.0,2.8,Yes,Green Hospital"
"H00840,Madurai Care Hospital 840,Chennai,Government,491.0,1954.0,110.0,YES,YES,Yes,No,3.3,2.7,2.7,68.0,89.0,75.0,3.8,yes,IoT Healthcare"
"H00841,Kochi Care Hospital 841,Hyderabad,Multispeciality,135.0,1128.0,41.0,No,No,Yes,Yes,2.8,2.8,3.2,64.0,58.0,76.0,3.3,No,Digital Patient Care"
"H00842,Mumbai Care Hospital 842,Pune,Government,318.0,2111.0,116.0,Yes,Yes,No,Yes,4.2,2.1,4.2,67.0,114.0,55.0,3.4,yes,IoT Healthcare"
"H00843,Kochi Care Hospital 843,Hyderabad,Government,990.0,685.0,108.0,YES,No,No,Yes,2.3,2.6,3.3,39.0,12.0,100.0,2.9,No,Contactless Healthcare"
"H00844,Hyderabad Care Hospital 844,Mumbai,Multispeciality,993.0,1227.0,113.0,Yes,YES,Yes,Yes,2.4,4.4,4.0,66.0,77.0,74.0,3.5,Yes,Enhanced Security"
"H00845,Jaipur Care Hospital 845,Hyderabad,Private,800.8190675017397,658.0,51.0,yes,YES,Yes,No,2.9,4.0,3.5,78.0,187.0,63.0,3.9,YES,Enhanced Security"
"H00846,Delhi Care Hospital 846,Hyderabad,Private,733.0,1241.0,43.0,No,NO,Yes,Yes,2.1,2.0,3.5,67.0,116.0,75.0,2.9,No,IoT Healthcare"
"H00847,Chennai Care Hospital 847,Delhi,Specialty,1094.0,1128.0,103.0,Yes,No,Yes,Yes,5.0,3.9,5.0,80.0,88.0,75.0,2.4,YES,Unknown"
"H00848,Hyderabad Care Hospital 848,Mumbai,Government,1159.0,172.0,11.0,yes,Yes,Yes,Yes,3.5,3.5,3.6,70.0,97.0,91.0,2.2,YES,Enhanced Security"
"H00849,Jaipur Care Hospital 849,Hyderabad,Multispeciality,800.8190675017397,432.0,49.0,YES,No,No,No,2.2,3.2,2.0,73.0,103.0,95.0,2.2,yes,Green Hospital"
"H00850,Jaipur Care Hospital 850,Pune,Government,242.0,1792.0,58.0,Yes,YES,No,Yes,3.1,3.5,4.5,44.0,30.0,98.0,3.3,yes,Green Hospital"
"H00851,Bengaluru Care Hospital 851,Kochi,Specialty,1239.0,1450.0,147.0,yes,Yes,Yes,No,3.8,3.8,4.7,50.0,204.0,88.0,2.9,YES,Patient-Centric Care"
"H00852,Madurai Care Hospital 852,Bengaluru,Government,1266.0,137.0,35.0,YES,NO,No,Yes,3.8,2.7,2.0,76.0,116.0,99.0,3.4,Yes,Green Hospital"
"H00853,Jaipur Care Hospital 853,Pune,Multispeciality,1202.0,1925.0,59.0,Yes,YES,No,No,2.9,3.2,3.7,54.0,123.0,93.0,4.0,yes,IoT Healthcare"
"H00854,Jaipur Care Hospital 854,Madurai,Multispeciality,324.0,1857.0,133.0,YES,YES,Yes,Yes,3.1,4.8,4.5,90.0,53.0,75.0,4.2,yes,Patient-Centric Care"
"H00855,Pune Care Hospital 855,Madurai,Multispeciality,800.8190675017397,1820.0,11.0,Yes,No,Yes,Yes,3.7,3.0,2.8,38.0,34.0,75.0,2.3,yes,AI Healthcare"
"H00856,Madurai Care Hospital 856,Bengaluru,Specialty,82.0,2065.0,27.0,YES,Yes,No,Yes,3.0,4.7,3.5,89.0,116.0,92.0,3.3,No,Unknown"
"H00857,Delhi Care Hospital 857,Jaipur,Private,599.0,2090.0,16.0,No,No,Yes,No,2.6,4.8,3.1,67.0,122.0,90.0,4.7,Yes,Enhanced Security"
"H00858,Delhi Care Hospital 858,Bengaluru,Multispeciality,844.0,1595.0,77.0,No,YES,No,Yes,3.5,2.1,3.3,67.0,59.0,99.0,4.1,yes,Patient-Centric Care"
"H00859,Mumbai Care Hospital 859,Chennai,Private,232.0,1128.0,112.0,No,No,No,Yes,3.5,3.5,3.0,33.0,137.0,93.0,2.4,No,AI Healthcare"
"H00860,Madurai Care Hospital 860,Jaipur,Specialty,1317.0,1128.0,60.0,No,YES,Yes,Yes,4.3,4.8,3.5,93.0,24.0,92.0,4.4,No,Green Hospital"
"H00861,Hyderabad Care Hospital 861,Jaipur,Government,1259.0,298.0,100.0,yes,Yes,No,Yes,2.3,3.2,2.8,100.0,11.0,54.0,4.4,yes,IoT Healthcare"
"H00862,Kochi Care Hospital 862,Madurai,Specialty,800.8190675017397,1128.0,129.0,yes,Yes,No,Yes,2.7,4.9,4.1,42.0,28.0,54.0,4.6,Yes,Contactless Healthcare"
"H00863,Chennai Care Hospital 863,Jaipur,Government,420.0,844.0,35.0,yes,No,No,No,2.6,2.9,3.0,65.0,77.0,72.0,3.5,Yes,Green Hospital"
"H00864,Pune Care Hospital 864,Jaipur,Government,1410.0,2165.0,75.0,Yes,YES,Yes,No,2.9,4.0,4.0,87.0,102.0,84.0,3.1,YES,Digital Patient Care"
"H00865,Delhi Care Hospital 865,Hyderabad,Specialty,610.0,1841.0,117.0,No,No,Yes,Yes,3.2,4.3,4.9,79.0,116.0,52.0,3.5,yes,Smart Hospital"
"H00866,Hyderabad Care Hospital 866,Chennai,Government,1121.0,471.0,110.0,YES,NO,Yes,Yes,4.6,3.3,3.0,87.0,202.0,64.0,3.6,YES,Patient-Centric Care"
"H00867,Madurai Care Hospital 867,Pune,Specialty,526.0,1301.0,86.0,YES,No,Yes,Yes,3.5,4.5,3.3,67.0,149.0,99.0,2.6,No,Digital Patient Care"
"H00868,Kochi Care Hospital 868,Bengaluru,Government,712.0,1127.0,124.0,Yes,Yes,Yes,Yes,4.2,3.2,3.5,35.0,67.0,51.0,2.0,yes,IoT Healthcare"
"H00869,Kochi Care Hospital 869,Delhi,Multispeciality,1330.0,1960.0,103.0,YES,Yes,Yes,Yes,4.9,4.8,3.0,54.0,116.0,75.0,2.2,No,Unknown"
"H00870,Chennai Care Hospital 870,Kochi,Multispeciality,800.8190675017397,192.0,35.0,YES,Yes,Yes,No,2.1,2.6,3.5,30.0,65.0,90.0,4.4,yes,Green Hospital"
"H00871,Coimbatore Care Hospital 871,Madurai,Multispeciality,800.8190675017397,1817.0,85.0,yes,NO,No,No,3.6,3.5,4.6,93.0,167.0,79.0,2.4,yes,Contactless Healthcare"
"H00872,Delhi Care Hospital 872,Delhi,Multispeciality,1002.0,186.0,76.0,No,YES,Yes,Yes,3.4,3.1,2.3,46.0,155.0,56.0,3.5,No,IoT Healthcare"
"H00873,Chennai Care Hospital 873,Hyderabad,Specialty,176.0,900.0,136.0,YES,YES,No,Yes,4.2,4.8,3.1,55.0,91.0,75.0,4.3,yes,Digital Patient Care"
"H00874,Madurai Care Hospital 874,Mumbai,Specialty,1209.0,588.0,106.0,YES,Yes,Yes,No,3.5,3.5,2.5,67.0,162.0,75.0,3.5,YES,Enhanced Security"
"H00875,Delhi Care Hospital 875,Coimbatore,Multispeciality,852.0,76.0,148.0,Yes,NO,No,No,4.0,4.1,2.1,48.0,52.0,57.0,3.0,YES,Green Hospital"
"H00876,Mumbai Care Hospital 876,Madurai,Specialty,1177.0,249.0,22.0,YES,No,Yes,No,2.5,4.8,3.5,74.0,141.0,76.0,3.1,Yes,IoT Healthcare"
"H00877,Mumbai Care Hospital 877,Chennai,Government,1026.0,1556.0,49.0,YES,No,No,Yes,3.5,4.4,2.0,73.0,116.0,60.0,2.3,YES,Patient-Centric Care"
"H00878,Pune Care Hospital 878,Madurai,Specialty,543.0,1128.0,139.0,Yes,Yes,No,Yes,4.9,3.4,4.8,62.0,197.0,56.0,4.9,yes,Contactless Healthcare"
"H00879,Bengaluru Care Hospital 879,Bengaluru,Private,287.0,1999.0,75.0,Yes,Yes,No,No,3.9,3.0,2.5,59.0,66.0,60.0,4.7,No,IoT Healthcare"
"H00880,Jaipur Care Hospital 880,Hyderabad,Multispeciality,552.0,502.0,76.0,Yes,NO,No,No,3.7,4.3,3.8,76.0,33.0,100.0,2.7,Yes,Unknown"
"H00881,Delhi Care Hospital 881,Jaipur,Private,514.0,544.0,83.0,YES,YES,No,Yes,4.9,4.6,3.4,78.0,39.0,58.0,3.1,No,IoT Healthcare"
"H00882,Hyderabad Care Hospital 882,Mumbai,Government,1264.0,1637.0,64.0,Yes,Yes,No,Yes,4.5,4.2,2.7,67.0,193.0,69.0,4.8,No,Unknown"
"H00883,Madurai Care Hospital 883,Pune,Specialty,495.0,2029.0,75.0,YES,Yes,Yes,No,2.6,4.7,3.7,67.0,119.0,87.0,4.9,YES,Smart Hospital"
"H00884,Hyderabad Care Hospital 884,Hyderabad,Private,800.8190675017397,162.0,145.0,yes,No,Yes,No,3.6,4.6,3.5,80.0,80.0,56.0,3.3,No,Digital Patient Care"
"H00885,Coimbatore Care Hospital 885,Jaipur,Government,974.0,1094.0,61.0,No,Yes,Yes,No,2.9,2.7,3.3,99.0,116.0,68.0,3.7,yes,AI Healthcare"
"H00886,Coimbatore Care Hospital 886,Delhi,Government,680.0,1128.0,72.0,yes,Yes,Yes,Yes,3.3,3.8,3.5,94.0,150.0,72.0,2.6,Yes,IoT Healthcare"
"H00887,Coimbatore Care Hospital 887,Bengaluru,Government,800.8190675017397,1491.0,18.0,yes,NO,Yes,No,3.5,3.2,2.4,79.0,175.0,50.0,4.6,YES,Green Hospital"
"H00888,Mumbai Care Hospital 888,Kochi,Private,308.0,314.0,95.0,yes,No,No,No,3.6,2.9,3.5,59.0,196.0,70.0,3.0,YES,Digital Patient Care"
"H00889,Jaipur Care Hospital 889,Hyderabad,Government,177.0,1842.0,38.0,yes,YES,No,Yes,2.5,2.8,2.2,85.0,49.0,62.0,3.2,No,AI Healthcare"
"H00890,Chennai Care Hospital 890,Pune,Government,287.0,471.0,96.0,No,NO,Yes,Yes,4.7,3.5,3.4,83.0,75.0,92.0,3.5,YES,Green Hospital"
"H00891,Mumbai Care Hospital 891,Hyderabad,Multispeciality,169.0,1308.0,39.0,Yes,No,No,Yes,4.6,4.0,3.5,62.0,116.0,86.0,2.6,Yes,Unknown"
"H00892,Chennai Care Hospital 892,Hyderabad,Specialty,1329.0,782.0,126.0,Yes,NO,No,Yes,4.9,3.5,3.5,31.0,122.0,81.0,3.6,Yes,Unknown"
"H00893,Chennai Care Hospital 893,Chennai,Private,1206.0,856.0,138.0,Yes,Yes,No,No,2.4,2.5,3.5,43.0,42.0,92.0,2.4,No,Enhanced Security"
"H00894,Kochi Care Hospital 894,Mumbai,Private,376.0,1163.0,72.0,Yes,YES,Yes,No,4.5,3.5,4.4,88.0,183.0,58.0,3.9,Yes,Smart Hospital"
"H00895,Jaipur Care Hospital 895,Jaipur,Private,800.8190675017397,2052.0,50.0,Yes,No,No,No,5.0,4.0,3.4,92.0,169.0,88.0,2.7,No,Green Hospital"
"H00896,Mumbai Care Hospital 896,Bengaluru,Private,1182.0,176.0,74.0,YES,NO,Yes,No,3.1,3.3,3.5,43.0,198.0,75.0,2.3,Yes,Patient-Centric Care"
"H00897,Delhi Care Hospital 897,Madurai,Specialty,800.8190675017397,1089.0,119.0,Yes,YES,Yes,No,2.3,2.3,4.2,38.0,88.0,51.0,2.6,Yes,Unknown"
"H00898,Delhi Care Hospital 898,Bengaluru,Specialty,1334.0,296.0,94.0,yes,No,No,No,2.5,3.5,3.5,91.0,33.0,60.0,2.0,yes,Patient-Centric Care"
"H00899,Delhi Care Hospital 899,Kochi,Specialty,1155.0,52.0,116.0,No,No,No,No,3.4,3.1,3.5,54.0,145.0,57.0,5.0,YES,IoT Healthcare"
"H00900,Jaipur Care Hospital 900,Bengaluru,Multispeciality,912.0,958.0,133.0,yes,NO,No,Yes,3.9,3.2,3.0,67.0,64.0,69.0,2.8,YES,Unknown"
"H00901,Jaipur Care Hospital 901,Coimbatore,Specialty,800.8190675017397,603.0,110.0,yes,Yes,No,No,4.5,2.5,3.7,85.0,189.0,53.0,2.9,No,AI Healthcare"
"H00902,Jaipur Care Hospital 902,Hyderabad,Multispeciality,239.0,1452.0,57.0,Yes,YES,Yes,Yes,3.5,4.9,2.2,98.0,74.0,75.0,2.8,Yes,Patient-Centric Care"
"H00903,Kochi Care Hospital 903,Kochi,Private,257.0,1015.0,78.0,yes,No,Yes,No,3.8,4.5,4.2,67.0,58.0,66.0,2.9,No,Contactless Healthcare"
"H00904,Chennai Care Hospital 904,Chennai,Multispeciality,800.8190675017397,1198.0,147.0,Yes,YES,No,No,3.9,3.7,4.3,88.0,67.0,94.0,3.5,YES,Digital Patient Care"
"H00905,Coimbatore Care Hospital 905,Jaipur,Multispeciality,1472.0,1083.0,25.0,YES,NO,No,Yes,2.5,3.9,4.1,71.0,116.0,52.0,3.6,Yes,Smart Hospital"
"H00906,Bengaluru Care Hospital 906,Delhi,Specialty,1139.0,2043.0,75.0,Yes,YES,No,No,2.4,3.6,3.5,38.0,125.0,82.0,3.5,Yes,Contactless Healthcare"
"H00907,Kochi Care Hospital 907,Hyderabad,Private,719.0,2143.0,54.0,No,YES,No,Yes,3.0,3.5,2.9,31.0,116.0,85.0,4.5,Yes,Green Hospital"
"H00908,Bengaluru Care Hospital 908,Hyderabad,Multispeciality,547.0,706.0,136.0,Yes,Yes,Yes,No,3.9,3.1,2.7,42.0,112.0,98.0,2.4,Yes,Smart Hospital"
"H00909,Delhi Care Hospital 909,Jaipur,Multispeciality,1335.0,1131.0,18.0,Yes,Yes,Yes,Yes,2.7,3.8,2.4,63.0,214.0,75.0,3.6,yes,Enhanced Security"
"H00910,Mumbai Care Hospital 910,Chennai,Private,751.0,1864.0,138.0,Yes,NO,Yes,No,4.9,2.7,3.2,53.0,199.0,77.0,3.2,No,Unknown"
"H00911,Kochi Care Hospital 911,Bengaluru,Government,893.0,798.0,127.0,YES,Yes,No,No,2.7,4.8,3.7,91.0,20.0,72.0,3.2,yes,Smart Hospital"
"H00912,Madurai Care Hospital 912,Mumbai,Private,775.0,1128.0,65.0,No,NO,No,No,3.7,3.5,3.5,86.0,177.0,86.0,3.5,No,Contactless Healthcare"
"H00913,Mumbai Care Hospital 913,Pune,Specialty,1257.0,1412.0,39.0,No,YES,No,No,4.9,2.2,3.4,36.0,89.0,95.0,2.0,No,Unknown"
"H00914,Mumbai Care Hospital 914,Mumbai,Multispeciality,1407.0,125.0,60.0,yes,NO,Yes,Yes,3.7,3.5,3.4,62.0,76.0,77.0,2.7,YES,Enhanced Security"
"H00915,Mumbai Care Hospital 915,Hyderabad,Government,391.0,797.0,136.0,YES,No,Yes,Yes,2.2,3.5,4.8,90.0,60.0,85.0,4.1,YES,Contactless Healthcare"
"H00916,Bengaluru Care Hospital 916,Bengaluru,Specialty,1363.0,1285.0,135.0,No,No,Yes,Yes,3.1,3.4,3.4,90.0,145.0,71.0,4.8,yes,Smart Hospital"
"H00917,Delhi Care Hospital 917,Bengaluru,Government,817.0,2048.0,95.0,YES,Yes,No,Yes,2.8,3.5,4.3,35.0,12.0,70.0,3.5,yes,Contactless Healthcare"
"H00918,Delhi Care Hospital 918,Bengaluru,Government,800.8190675017397,2019.0,77.0,YES,YES,Yes,Yes,4.4,4.3,2.3,46.0,141.0,75.0,4.2,yes,Contactless Healthcare"
"H00919,Delhi Care Hospital 919,Delhi,Specialty,609.0,320.0,53.0,YES,NO,Yes,Yes,3.6,4.0,2.3,79.0,132.0,55.0,2.9,No,Patient-Centric Care"
"H00920,Delhi Care Hospital 920,Pune,Multispeciality,1348.0,1229.0,82.0,No,No,No,No,3.5,3.6,2.7,73.0,193.0,57.0,2.7,YES,AI Healthcare"
"H00921,Pune Care Hospital 921,Pune,Multispeciality,1118.0,2053.0,75.0,Yes,No,Yes,No,4.6,2.7,2.5,30.0,116.0,85.0,4.2,No,AI Healthcare"
"H00922,Bengaluru Care Hospital 922,Kochi,Private,800.8190675017397,1841.0,75.0,No,YES,No,Yes,3.5,3.0,2.8,67.0,76.0,96.0,2.9,Yes,Enhanced Security"
"H00923,Bengaluru Care Hospital 923,Jaipur,Specialty,944.0,1707.0,38.0,No,Yes,No,No,4.3,4.2,4.3,43.0,59.0,52.0,3.9,YES,Patient-Centric Care"
"H00924,Bengaluru Care Hospital 924,Hyderabad,Specialty,427.0,920.0,16.0,YES,Yes,Yes,Yes,2.0,2.4,2.3,65.0,81.0,50.0,2.1,No,Contactless Healthcare"
"H00925,Mumbai Care Hospital 925,Kochi,Government,800.8190675017397,1111.0,58.0,No,NO,No,Yes,2.2,4.2,3.5,45.0,116.0,78.0,3.5,YES,Contactless Healthcare"
"H00926,Jaipur Care Hospital 926,Kochi,Multispeciality,354.0,329.0,56.0,Yes,YES,Yes,Yes,3.5,3.5,2.7,51.0,116.0,56.0,2.1,No,AI Healthcare"
"H00927,Bengaluru Care Hospital 927,Kochi,Specialty,1468.0,1122.0,7.0,yes,Yes,No,No,5.0,3.3,4.4,57.0,200.0,95.0,3.7,yes,Green Hospital"
"H00928,Chennai Care Hospital 928,Madurai,Government,1415.0,595.0,75.0,Yes,Yes,Yes,Yes,3.5,4.2,4.7,31.0,116.0,97.0,4.9,Yes,Smart Hospital"
"H00929,Chennai Care Hospital 929,Pune,Government,1151.0,245.0,114.0,YES,NO,No,Yes,2.6,3.7,3.0,47.0,208.0,57.0,2.8,YES,AI Healthcare"
"H00930,Madurai Care Hospital 930,Hyderabad,Multispeciality,1211.0,2077.0,75.0,Yes,YES,No,Yes,2.3,3.5,2.5,90.0,116.0,55.0,2.8,YES,IoT Healthcare"
"H00931,Kochi Care Hospital 931,Madurai,Government,800.8190675017397,1648.0,109.0,YES,NO,Yes,Yes,4.1,4.4,3.2,93.0,116.0,86.0,3.5,yes,AI Healthcare"
"H00932,Coimbatore Care Hospital 932,Hyderabad,Private,1328.0,1087.0,120.0,YES,NO,Yes,No,3.3,2.3,2.2,55.0,116.0,75.0,3.5,yes,Patient-Centric Care"
"H00933,Chennai Care Hospital 933,Jaipur,Specialty,1272.0,1466.0,5.0,Yes,YES,No,Yes,3.6,2.1,4.9,80.0,116.0,69.0,2.6,No,Patient-Centric Care"
"H00934,Chennai Care Hospital 934,Mumbai,Government,1189.0,203.0,83.0,Yes,NO,Yes,Yes,4.6,3.8,3.9,44.0,174.0,92.0,2.3,No,Contactless Healthcare"
"H00935,Hyderabad Care Hospital 935,Delhi,Government,1231.0,162.0,24.0,yes,No,Yes,Yes,2.3,3.4,2.8,72.0,5.0,94.0,4.1,Yes,Digital Patient Care"
"H00936,Pune Care Hospital 936,Bengaluru,Private,224.0,379.0,90.0,YES,No,Yes,No,2.4,3.0,3.5,99.0,142.0,93.0,2.1,No,Patient-Centric Care"
"H00937,Hyderabad Care Hospital 937,Chennai,Specialty,154.0,1167.0,75.0,yes,No,No,Yes,3.3,4.0,4.9,68.0,169.0,52.0,2.6,No,AI Healthcare"
"H00938,Jaipur Care Hospital 938,Hyderabad,Private,800.8190675017397,1128.0,89.0,No,YES,No,No,4.4,4.7,4.4,59.0,107.0,53.0,4.0,Yes,AI Healthcare"
"H00939,Kochi Care Hospital 939,Pune,Specialty,336.0,2135.0,92.0,Yes,YES,Yes,No,4.4,4.7,4.4,99.0,28.0,60.0,3.4,Yes,IoT Healthcare"
"H00940,Mumbai Care Hospital 940,Bengaluru,Government,862.0,2161.0,75.0,Yes,No,No,No,3.5,2.1,4.2,48.0,204.0,100.0,4.9,No,Enhanced Security"
"H00941,Jaipur Care Hospital 941,Madurai,Specialty,1086.0,1039.0,108.0,yes,NO,Yes,Yes,3.9,3.6,3.5,39.0,131.0,63.0,2.7,YES,Smart Hospital"
"H00942,Madurai Care Hospital 942,Coimbatore,Government,561.0,718.0,146.0,YES,YES,Yes,Yes,4.9,3.8,4.0,39.0,94.0,58.0,3.3,No,AI Healthcare"
"H00943,Kochi Care Hospital 943,Hyderabad,Multispeciality,1102.0,2173.0,29.0,YES,YES,No,No,4.5,4.9,4.0,74.0,102.0,56.0,2.6,No,Smart Hospital"
"H00944,Bengaluru Care Hospital 944,Jaipur,Specialty,321.0,1128.0,50.0,Yes,No,No,No,3.3,2.6,2.6,90.0,188.0,93.0,3.5,Yes,AI Healthcare"
"H00945,Pune Care Hospital 945,Chennai,Specialty,541.0,1711.0,107.0,Yes,NO,No,No,3.3,4.3,2.9,84.0,116.0,55.0,3.5,Yes,Contactless Healthcare"
"H00946,Mumbai Care Hospital 946,Mumbai,Specialty,800.8190675017397,307.0,32.0,No,Yes,No,Yes,3.1,4.9,2.6,37.0,76.0,76.0,3.5,No,Contactless Healthcare"
"H00947,Hyderabad Care Hospital 947,Pune,Government,468.0,1794.0,142.0,yes,Yes,Yes,Yes,2.9,2.5,3.6,58.0,182.0,93.0,4.7,YES,AI Healthcare"
"H00948,Hyderabad Care Hospital 948,Pune,Specialty,1303.0,2127.0,129.0,Yes,NO,No,Yes,2.3,3.1,3.2,67.0,40.0,75.0,4.9,Yes,Contactless Healthcare"
"H00949,Coimbatore Care Hospital 949,Delhi,Multispeciality,1279.0,1976.0,126.0,YES,No,Yes,No,3.5,3.5,3.5,82.0,19.0,89.0,3.9,YES,IoT Healthcare"
"H00950,Coimbatore Care Hospital 950,Hyderabad,Government,712.0,2146.0,57.0,YES,YES,No,Yes,3.7,4.2,2.0,87.0,122.0,75.0,3.6,Yes,Enhanced Security"
"H00951,Kochi Care Hospital 951,Bengaluru,Multispeciality,800.8190675017397,1128.0,24.0,YES,NO,Yes,Yes,2.1,2.4,3.9,37.0,111.0,76.0,5.0,No,Smart Hospital"
"H00952,Jaipur Care Hospital 952,Jaipur,Government,564.0,1899.0,107.0,yes,No,No,No,4.3,3.4,2.7,67.0,209.0,50.0,4.2,yes,Digital Patient Care"
"H00953,Hyderabad Care Hospital 953,Hyderabad,Multispeciality,1151.0,1284.0,106.0,YES,No,No,No,2.9,3.5,4.2,44.0,171.0,89.0,4.0,YES,AI Healthcare"
"H00954,Delhi Care Hospital 954,Delhi,Government,944.0,262.0,75.0,Yes,No,Yes,No,4.4,3.5,4.1,67.0,89.0,90.0,4.9,No,Smart Hospital"
"H00955,Delhi Care Hospital 955,Kochi,Government,526.0,1138.0,51.0,YES,YES,No,Yes,2.4,3.3,4.6,50.0,29.0,98.0,3.5,No,Patient-Centric Care"
"H00956,Madurai Care Hospital 956,Hyderabad,Multispeciality,484.0,369.0,75.0,No,No,Yes,No,2.7,4.1,2.1,63.0,120.0,68.0,2.4,No,Green Hospital"
"H00957,Pune Care Hospital 957,Jaipur,Multispeciality,580.0,1573.0,84.0,YES,NO,Yes,Yes,5.0,3.4,4.9,35.0,116.0,51.0,4.1,No,Patient-Centric Care"
"H00958,Mumbai Care Hospital 958,Hyderabad,Private,859.0,495.0,101.0,YES,NO,Yes,Yes,4.4,3.5,2.2,84.0,51.0,91.0,2.7,No,Contactless Healthcare"
"H00959,Coimbatore Care Hospital 959,Mumbai,Specialty,800.8190675017397,515.0,61.0,YES,No,No,No,4.4,2.4,4.6,63.0,116.0,69.0,4.0,No,IoT Healthcare"
"H00960,Pune Care Hospital 960,Jaipur,Specialty,890.0,1128.0,7.0,yes,Yes,Yes,Yes,4.0,3.5,4.2,95.0,205.0,84.0,3.1,Yes,Green Hospital"
"H00961,Coimbatore Care Hospital 961,Madurai,Private,948.0,1688.0,79.0,Yes,NO,Yes,Yes,2.0,4.4,2.9,55.0,51.0,60.0,3.3,Yes,IoT Healthcare"
"H00962,Mumbai Care Hospital 962,Hyderabad,Multispeciality,238.0,2078.0,11.0,No,Yes,Yes,Yes,3.8,3.4,2.7,67.0,6.0,91.0,3.8,No,Digital Patient Care"
"H00963,Madurai Care Hospital 963,Delhi,Private,800.8190675017397,711.0,75.0,Yes,YES,No,No,2.6,4.4,4.9,36.0,172.0,75.0,2.5,Yes,Digital Patient Care"
"H00964,Madurai Care Hospital 964,Chennai,Private,693.0,1716.0,117.0,YES,Yes,No,Yes,4.2,2.7,3.8,74.0,210.0,62.0,4.1,yes,AI Healthcare"
"H00965,Jaipur Care Hospital 965,Bengaluru,Specialty,996.0,1482.0,32.0,YES,No,No,Yes,2.8,2.1,2.2,63.0,139.0,94.0,2.3,YES,AI Healthcare"
"H00966,Chennai Care Hospital 966,Kochi,Government,234.0,1132.0,68.0,YES,YES,Yes,Yes,2.2,4.9,3.0,95.0,19.0,75.0,4.2,No,Green Hospital"
"H00967,Bengaluru Care Hospital 967,Madurai,Multispeciality,1460.0,1869.0,103.0,YES,YES,Yes,Yes,5.0,2.3,3.5,37.0,12.0,69.0,2.2,yes,Patient-Centric Care"
"H00968,Madurai Care Hospital 968,Coimbatore,Private,1421.0,1080.0,100.0,Yes,No,No,No,3.0,3.1,3.5,56.0,200.0,95.0,2.9,Yes,Green Hospital"
"H00969,Jaipur Care Hospital 969,Kochi,Specialty,1108.0,491.0,20.0,yes,Yes,No,Yes,2.1,3.5,4.0,33.0,83.0,86.0,4.9,yes,Smart Hospital"
"H00970,Bengaluru Care Hospital 970,Chennai,Government,183.0,553.0,75.0,No,YES,No,No,2.3,4.4,4.1,88.0,116.0,93.0,2.8,Yes,Contactless Healthcare"
"H00971,Bengaluru Care Hospital 971,Delhi,Government,537.0,1572.0,30.0,YES,No,No,Yes,2.4,4.0,3.0,67.0,116.0,75.0,3.3,No,Patient-Centric Care"
"H00972,Pune Care Hospital 972,Jaipur,Specialty,1116.0,2168.0,46.0,Yes,No,Yes,No,4.7,2.6,3.0,93.0,116.0,75.0,3.5,YES,Green Hospital"
"H00973,Hyderabad Care Hospital 973,Bengaluru,Specialty,214.0,1479.0,21.0,No,YES,Yes,Yes,2.0,2.1,3.3,82.0,52.0,50.0,3.2,YES,Smart Hospital"
"H00974,Hyderabad Care Hospital 974,Hyderabad,Specialty,655.0,317.0,69.0,Yes,NO,Yes,No,3.2,2.6,3.5,67.0,71.0,96.0,3.0,No,Smart Hospital"
"H00975,Kochi Care Hospital 975,Chennai,Specialty,1324.0,1455.0,5.0,yes,No,No,No,3.8,4.8,3.5,98.0,122.0,75.0,2.2,YES,IoT Healthcare"
"H00976,Madurai Care Hospital 976,Pune,Multispeciality,703.0,1802.0,75.0,Yes,No,Yes,No,3.4,3.5,4.9,69.0,124.0,100.0,3.3,yes,Green Hospital"
"H00977,Bengaluru Care Hospital 977,Delhi,Specialty,129.0,691.0,122.0,Yes,No,Yes,No,3.4,4.6,2.4,62.0,82.0,81.0,4.6,No,Patient-Centric Care"
"H00978,Chennai Care Hospital 978,Pune,Multispeciality,491.0,1405.0,41.0,Yes,NO,No,Yes,4.9,2.5,4.4,38.0,14.0,70.0,3.5,yes,AI Healthcare"
"H00979,Mumbai Care Hospital 979,Jaipur,Specialty,1203.0,1919.0,86.0,yes,NO,No,No,3.2,2.9,3.8,41.0,163.0,85.0,3.8,yes,Enhanced Security"
"H00980,Pune Care Hospital 980,Delhi,Specialty,1296.0,1588.0,25.0,No,Yes,No,Yes,4.6,3.5,2.9,82.0,184.0,63.0,3.1,yes,Green Hospital"
"H00981,Pune Care Hospital 981,Kochi,Specialty,296.0,439.0,31.0,yes,No,No,No,4.9,4.1,2.1,96.0,188.0,88.0,2.6,No,Contactless Healthcare"
"H00982,Hyderabad Care Hospital 982,Pune,Government,724.0,205.0,21.0,YES,Yes,Yes,Yes,4.5,3.5,4.8,79.0,26.0,83.0,4.2,yes,Digital Patient Care"
"H00983,Mumbai Care Hospital 983,Chennai,Government,1496.0,1128.0,114.0,YES,No,Yes,No,5.0,4.2,3.7,74.0,143.0,57.0,3.1,Yes,Green Hospital"
"H00984,Hyderabad Care Hospital 984,Kochi,Government,542.0,1490.0,132.0,YES,NO,No,No,4.0,3.8,4.5,81.0,68.0,63.0,3.1,YES,Green Hospital"
"H00985,Hyderabad Care Hospital 985,Madurai,Specialty,359.0,1220.0,74.0,Yes,No,No,Yes,3.2,4.1,4.5,72.0,70.0,75.0,4.7,Yes,Contactless Healthcare"
"H00986,Coimbatore Care Hospital 986,Kochi,Government,243.0,1128.0,133.0,No,No,No,Yes,2.1,2.3,3.6,54.0,214.0,58.0,3.6,No,Enhanced Security"
"H00987,Mumbai Care Hospital 987,Pune,Specialty,1115.0,730.0,17.0,No,No,No,Yes,2.7,3.3,3.0,70.0,16.0,57.0,3.5,No,Contactless Healthcare"
"H00988,Delhi Care Hospital 988,Hyderabad,Specialty,385.0,378.0,75.0,No,No,Yes,Yes,3.4,3.1,3.5,95.0,38.0,57.0,2.5,No,Patient-Centric Care"
"H00989,Mumbai Care Hospital 989,Delhi,Multispeciality,997.0,1333.0,102.0,No,No,No,No,3.2,3.9,4.0,79.0,148.0,75.0,2.0,YES,IoT Healthcare"
"H00990,Mumbai Care Hospital 990,Hyderabad,Specialty,1274.0,1128.0,142.0,yes,No,No,No,4.8,4.6,4.7,92.0,85.0,100.0,2.3,Yes,Enhanced Security"
"H00991,Coimbatore Care Hospital 991,Madurai,Multispeciality,810.0,839.0,53.0,yes,Yes,No,Yes,3.6,3.6,4.0,53.0,31.0,100.0,3.2,No,AI Healthcare"
"H00992,Coimbatore Care Hospital 992,Pune,Specialty,1390.0,1192.0,64.0,Yes,Yes,No,No,4.9,2.7,3.5,99.0,109.0,55.0,3.8,yes,AI Healthcare"
"H00993,Kochi Care Hospital 993,Hyderabad,Private,1052.0,1415.0,9.0,Yes,Yes,Yes,No,4.9,3.4,3.5,72.0,219.0,93.0,2.0,YES,Green Hospital"
"H00994,Pune Care Hospital 994,Chennai,Government,472.0,1552.0,79.0,Yes,YES,Yes,Yes,3.4,4.8,4.1,98.0,41.0,94.0,3.5,yes,IoT Healthcare"
"H00995,Coimbatore Care Hospital 995,Mumbai,Private,876.0,674.0,75.0,Yes,YES,Yes,Yes,2.6,2.1,2.8,50.0,191.0,50.0,3.6,Yes,Green Hospital"
"H00996,Jaipur Care Hospital 996,Hyderabad,Private,739.0,489.0,150.0,YES,No,No,No,4.9,2.6,4.4,37.0,42.0,84.0,4.1,Yes,Enhanced Security"
"H00997,Jaipur Care Hospital 997,Pune,Government,123.0,1128.0,100.0,No,YES,No,Yes,2.4,3.5,3.2,56.0,179.0,95.0,4.2,Yes,Green Hospital"
"H00998,Coimbatore Care Hospital 998,Bengaluru,Specialty,1136.0,902.0,55.0,yes,YES,No,Yes,3.8,4.6,3.5,54.0,32.0,68.0,2.5,yes,Green Hospital"
"H00999,Hyderabad Care Hospital 999,Jaipur,Specialty,165.0,2026.0,66.0,YES,Yes,No,No,4.1,3.5,3.0,67.0,116.0,79.0,3.3,No,AI Healthcare"
"H01000,Delhi Care Hospital 1000,Jaipur,Private,1191.0,814.0,60.0,yes,YES,Yes,No,2.5,3.4,4.3,82.0,159.0,75.0,4.9,YES,Contactless Healthcare"
"H01001,Mumbai Care Hospital 1001,Mumbai,Multispeciality,276.0,865.0,47.0,No,NO,No,Yes,2.3,3.2,2.6,30.0,210.0,66.0,3.7,No,Contactless Healthcare"
"H01002,Jaipur Care Hospital 1002,Coimbatore,Private,616.0,256.0,37.0,No,No,No,Yes,2.9,2.1,3.5,85.0,68.0,94.0,3.5,YES,Unknown"
"H01003,Madurai Care Hospital 1003,Delhi,Government,346.0,1668.0,87.0,yes,YES,Yes,Yes,4.5,2.8,2.7,90.0,164.0,64.0,4.7,yes,Patient-Centric Care"
"H01004,Delhi Care Hospital 1004,Jaipur,Specialty,808.0,1622.0,60.0,YES,NO,No,No,3.0,3.1,3.3,67.0,56.0,79.0,2.6,Yes,Patient-Centric Care"
"H01005,Mumbai Care Hospital 1005,Delhi,Multispeciality,800.8190675017397,1160.0,53.0,yes,Yes,Yes,No,3.1,3.0,4.1,37.0,12.0,73.0,3.7,Yes,Smart Hospital"
"H01006,Delhi Care Hospital 1006,Bengaluru,Multispeciality,661.0,1471.0,98.0,YES,No,Yes,No,3.1,3.4,2.9,61.0,210.0,74.0,3.5,No,Green Hospital"
"H01007,Chennai Care Hospital 1007,Hyderabad,Multispeciality,1295.0,460.0,75.0,No,Yes,No,Yes,3.4,2.6,4.0,67.0,72.0,58.0,3.4,No,Enhanced Security"
"H01008,Pune Care Hospital 1008,Jaipur,Multispeciality,802.0,669.0,60.0,Yes,YES,Yes,Yes,3.3,4.0,2.2,46.0,144.0,99.0,2.4,Yes,Digital Patient Care"
"H01009,Chennai Care Hospital 1009,Hyderabad,Multispeciality,1117.0,1465.0,108.0,No,Yes,No,No,3.0,2.4,3.6,56.0,147.0,75.0,3.5,No,Green Hospital"
"H01010,Coimbatore Care Hospital 1010,Jaipur,Specialty,632.0,1389.0,145.0,YES,NO,Yes,No,4.9,4.2,3.5,37.0,116.0,84.0,3.5,No,Patient-Centric Care"
"H01011,Madurai Care Hospital 1011,Kochi,Government,376.0,1635.0,84.0,Yes,NO,Yes,No,4.2,2.7,4.8,43.0,121.0,65.0,3.5,Yes,Unknown"
"H01012,Mumbai Care Hospital 1012,Kochi,Government,607.0,963.0,81.0,No,Yes,No,No,2.2,4.8,3.2,49.0,117.0,78.0,3.3,Yes,AI Healthcare"
"H01013,Hyderabad Care Hospital 1013,Delhi,Specialty,800.8190675017397,565.0,99.0,YES,NO,Yes,No,3.3,3.5,3.5,70.0,203.0,81.0,3.5,No,Digital Patient Care"
"H01014,Madurai Care Hospital 1014,Pune,Specialty,675.0,175.0,139.0,YES,YES,Yes,Yes,4.6,2.8,4.8,52.0,116.0,81.0,3.3,yes,Patient-Centric Care"
"H01015,Hyderabad Care Hospital 1015,Hyderabad,Government,512.0,240.0,13.0,YES,Yes,No,Yes,3.1,3.5,3.6,67.0,112.0,78.0,3.5,Yes,Patient-Centric Care"
"H01016,Pune Care Hospital 1016,Delhi,Government,800.8190675017397,1247.0,68.0,yes,NO,No,No,2.9,3.5,4.7,50.0,23.0,58.0,3.8,YES,IoT Healthcare"
"H01017,Kochi Care Hospital 1017,Hyderabad,Private,546.0,1138.0,124.0,No,Yes,No,Yes,3.4,3.5,4.7,78.0,8.0,58.0,3.7,No,Patient-Centric Care"
"H01018,Jaipur Care Hospital 1018,Delhi,Private,1089.0,420.0,78.0,No,YES,No,Yes,3.0,2.6,3.7,100.0,179.0,78.0,2.9,yes,Unknown"
"H01019,Chennai Care Hospital 1019,Coimbatore,Multispeciality,1202.0,1128.0,135.0,yes,YES,Yes,Yes,2.1,3.8,3.5,51.0,56.0,71.0,4.4,No,Smart Hospital"
"H01020,Pune Care Hospital 1020,Chennai,Private,116.0,1227.0,66.0,No,NO,No,Yes,3.5,3.7,4.8,50.0,51.0,52.0,4.4,yes,Smart Hospital"
"H01021,Hyderabad Care Hospital 1021,Kochi,Multispeciality,1435.0,1097.0,75.0,YES,YES,No,No,3.2,2.7,3.5,67.0,42.0,53.0,2.7,No,Patient-Centric Care"
"H01022,Hyderabad Care Hospital 1022,Coimbatore,Multispeciality,1208.0,1383.0,75.0,No,Yes,No,Yes,3.3,2.1,3.5,77.0,116.0,58.0,3.0,No,Contactless Healthcare"
"H01023,Mumbai Care Hospital 1023,Coimbatore,Private,304.0,538.0,144.0,YES,NO,No,Yes,4.6,4.3,3.4,67.0,132.0,60.0,4.6,YES,AI Healthcare"
"H01024,Coimbatore Care Hospital 1024,Hyderabad,Private,485.0,2168.0,75.0,YES,YES,No,Yes,4.8,2.9,4.5,52.0,186.0,85.0,2.7,yes,IoT Healthcare"
"H01025,Kochi Care Hospital 1025,Hyderabad,Government,412.0,132.0,22.0,No,No,No,No,4.4,3.3,3.1,33.0,116.0,80.0,2.8,YES,Digital Patient Care"
"H01026,Hyderabad Care Hospital 1026,Delhi,Government,569.0,1128.0,33.0,yes,NO,Yes,No,2.4,4.8,4.6,47.0,172.0,59.0,3.7,No,Unknown"
"H01027,Kochi Care Hospital 1027,Hyderabad,Government,259.0,1128.0,144.0,YES,No,Yes,Yes,3.9,3.6,3.5,71.0,194.0,71.0,2.8,Yes,Patient-Centric Care"
"H01028,Madurai Care Hospital 1028,Pune,Multispeciality,1187.0,1387.0,136.0,YES,Yes,Yes,Yes,2.2,3.0,4.8,40.0,90.0,79.0,2.5,YES,Unknown"
"H01029,Kochi Care Hospital 1029,Jaipur,Multispeciality,1166.0,515.0,85.0,YES,No,No,Yes,2.4,4.8,2.5,41.0,112.0,68.0,3.5,Yes,Unknown"
"H01030,Hyderabad Care Hospital 1030,Bengaluru,Private,874.0,1737.0,37.0,yes,No,Yes,Yes,2.2,4.7,2.7,96.0,84.0,51.0,4.5,YES,Enhanced Security"
"H01031,Bengaluru Care Hospital 1031,Hyderabad,Multispeciality,1469.0,290.0,16.0,yes,Yes,No,Yes,4.1,3.6,3.5,32.0,116.0,62.0,4.4,No,Enhanced Security"
"H01032,Mumbai Care Hospital 1032,Chennai,Multispeciality,153.0,1317.0,126.0,Yes,NO,Yes,Yes,3.9,3.3,2.7,92.0,26.0,69.0,3.4,YES,Enhanced Security"
"H01033,Kochi Care Hospital 1033,Coimbatore,Private,224.0,737.0,75.0,No,YES,No,Yes,3.6,3.5,2.6,31.0,41.0,53.0,3.6,No,Smart Hospital"
"H01034,Pune Care Hospital 1034,Hyderabad,Private,867.0,493.0,29.0,YES,No,Yes,No,3.5,4.9,2.5,55.0,192.0,74.0,2.9,Yes,AI Healthcare"
"H01035,Chennai Care Hospital 1035,Chennai,Government,800.8190675017397,1975.0,137.0,No,No,Yes,Yes,2.2,3.0,3.3,67.0,201.0,87.0,4.7,YES,Smart Hospital"
"H01036,Pune Care Hospital 1036,Madurai,Private,800.8190675017397,1598.0,125.0,yes,No,No,Yes,3.3,3.5,3.3,75.0,173.0,88.0,2.1,No,Contactless Healthcare"
"H01037,Jaipur Care Hospital 1037,Coimbatore,Specialty,118.0,588.0,56.0,YES,No,Yes,No,3.0,4.6,4.7,76.0,113.0,67.0,3.9,yes,IoT Healthcare"
"H01038,Coimbatore Care Hospital 1038,Chennai,Multispeciality,1021.0,959.0,41.0,YES,No,No,Yes,3.5,2.3,4.7,43.0,39.0,57.0,3.8,Yes,Patient-Centric Care"
"H01039,Delhi Care Hospital 1039,Mumbai,Private,284.0,1266.0,78.0,YES,YES,No,Yes,3.5,2.1,4.9,30.0,59.0,86.0,3.7,yes,Green Hospital"
"H01040,Kochi Care Hospital 1040,Madurai,Private,414.0,1128.0,115.0,Yes,Yes,No,No,4.0,3.3,4.7,58.0,105.0,99.0,3.5,YES,Patient-Centric Care"
"H01041,Bengaluru Care Hospital 1041,Delhi,Government,460.0,1128.0,91.0,YES,Yes,Yes,No,2.8,4.2,2.3,62.0,6.0,75.0,4.2,yes,AI Healthcare"
"H01042,Madurai Care Hospital 1042,Delhi,Specialty,825.0,351.0,20.0,YES,YES,No,Yes,2.1,4.1,3.4,65.0,75.0,69.0,2.4,No,Patient-Centric Care"
"H01043,Delhi Care Hospital 1043,Pune,Government,138.0,782.0,44.0,Yes,Yes,Yes,Yes,4.8,2.3,4.6,35.0,116.0,76.0,4.2,No,Smart Hospital"
"H01044,Pune Care Hospital 1044,Madurai,Specialty,670.0,2125.0,46.0,Yes,No,Yes,No,3.6,3.9,4.8,85.0,216.0,60.0,2.6,yes,Digital Patient Care"
"H01045,Jaipur Care Hospital 1045,Chennai,Specialty,339.0,1075.0,87.0,YES,NO,No,No,4.4,2.8,4.6,71.0,201.0,59.0,4.0,Yes,Enhanced Security"
"H01046,Coimbatore Care Hospital 1046,Coimbatore,Government,189.0,228.0,98.0,No,No,Yes,Yes,4.4,4.0,4.8,38.0,161.0,71.0,3.3,yes,Digital Patient Care"
"H01047,Pune Care Hospital 1047,Bengaluru,Government,1181.0,343.0,49.0,yes,Yes,Yes,No,3.7,3.2,2.2,46.0,186.0,73.0,4.9,YES,Unknown"
"H01048,Hyderabad Care Hospital 1048,Hyderabad,Multispeciality,1150.0,1979.0,75.0,yes,NO,No,Yes,4.1,2.6,5.0,39.0,128.0,52.0,2.5,No,Green Hospital"
"H01049,Delhi Care Hospital 1049,Mumbai,Specialty,800.8190675017397,1722.0,58.0,yes,No,Yes,Yes,4.2,2.4,4.9,66.0,166.0,79.0,2.2,yes,IoT Healthcare"
"H01050,Mumbai Care Hospital 1050,Hyderabad,Multispeciality,1469.0,671.0,43.0,Yes,NO,Yes,Yes,4.2,2.6,4.7,76.0,116.0,51.0,2.2,Yes,Green Hospital"
"H01051,Coimbatore Care Hospital 1051,Hyderabad,Government,1294.0,400.0,13.0,YES,No,Yes,No,4.6,2.5,3.5,33.0,5.0,81.0,3.3,YES,Contactless Healthcare"
"H01052,Mumbai Care Hospital 1052,Mumbai,Multispeciality,921.0,104.0,23.0,yes,YES,No,Yes,4.0,3.6,4.8,47.0,103.0,89.0,4.5,Yes,Digital Patient Care"
"H01053,Kochi Care Hospital 1053,Coimbatore,Multispeciality,1310.0,1548.0,50.0,No,NO,Yes,No,3.5,4.6,3.2,67.0,86.0,69.0,3.5,No,Unknown"
"H01054,Madurai Care Hospital 1054,Mumbai,Specialty,993.0,1320.0,63.0,No,YES,Yes,Yes,4.9,4.0,2.7,61.0,191.0,60.0,3.5,No,Green Hospital"
"H01055,Bengaluru Care Hospital 1055,Chennai,Specialty,299.0,471.0,82.0,yes,YES,Yes,No,2.9,2.9,3.1,67.0,211.0,97.0,2.1,yes,Green Hospital"
"H01056,Chennai Care Hospital 1056,Madurai,Specialty,580.0,1526.0,42.0,No,No,Yes,Yes,2.5,3.8,2.9,54.0,159.0,95.0,3.2,yes,Patient-Centric Care"
"H01057,Chennai Care Hospital 1057,Hyderabad,Specialty,404.0,188.0,92.0,Yes,No,No,Yes,3.5,4.3,4.3,46.0,116.0,94.0,2.3,No,Digital Patient Care"
"H01058,Pune Care Hospital 1058,Hyderabad,Specialty,800.8190675017397,904.0,82.0,No,No,Yes,Yes,4.6,4.2,4.3,49.0,166.0,60.0,2.3,Yes,Patient-Centric Care"
"H01059,Pune Care Hospital 1059,Hyderabad,Specialty,1246.0,1900.0,111.0,No,Yes,Yes,Yes,2.7,2.0,3.9,62.0,141.0,96.0,4.8,yes,Smart Hospital"
"H01060,Madurai Care Hospital 1060,Pune,Private,1137.0,1538.0,117.0,No,NO,No,No,2.5,3.5,3.5,47.0,188.0,61.0,3.2,Yes,IoT Healthcare"
"H01061,Jaipur Care Hospital 1061,Coimbatore,Private,1267.0,1092.0,125.0,YES,YES,No,Yes,2.9,3.6,3.5,67.0,39.0,64.0,4.3,No,IoT Healthcare"
"H01062,Jaipur Care Hospital 1062,Delhi,Multispeciality,779.0,284.0,75.0,YES,NO,No,No,4.2,4.5,3.4,92.0,116.0,67.0,3.2,YES,Patient-Centric Care"
"H01063,Coimbatore Care Hospital 1063,Jaipur,Private,278.0,137.0,70.0,No,No,No,Yes,3.9,3.5,3.5,79.0,31.0,52.0,4.0,yes,AI Healthcare"
"H01064,Chennai Care Hospital 1064,Madurai,Government,1297.0,1917.0,89.0,yes,YES,No,No,3.7,4.3,4.7,83.0,116.0,56.0,2.7,Yes,Patient-Centric Care"
"H01065,Madurai Care Hospital 1065,Mumbai,Government,1362.0,1128.0,118.0,Yes,No,Yes,Yes,2.5,4.8,3.5,70.0,158.0,58.0,3.5,No,Contactless Healthcare"
"H01066,Jaipur Care Hospital 1066,Kochi,Government,800.8190675017397,1476.0,147.0,YES,YES,Yes,No,3.1,3.7,2.2,39.0,62.0,82.0,4.9,YES,Contactless Healthcare"
"H01067,Delhi Care Hospital 1067,Bengaluru,Multispeciality,485.0,265.0,45.0,yes,Yes,No,No,3.2,4.6,2.3,40.0,12.0,73.0,2.5,No,Unknown"
"H01068,Mumbai Care Hospital 1068,Pune,Multispeciality,556.0,173.0,108.0,No,No,Yes,Yes,4.8,2.3,2.7,62.0,76.0,92.0,2.9,No,Digital Patient Care"
"H01069,Pune Care Hospital 1069,Kochi,Private,1374.0,1966.0,149.0,YES,NO,Yes,No,2.9,2.9,2.7,42.0,207.0,75.0,4.7,Yes,Smart Hospital"
"H01070,Delhi Care Hospital 1070,Hyderabad,Specialty,800.8190675017397,1241.0,13.0,No,Yes,Yes,No,3.2,4.4,4.9,40.0,54.0,64.0,4.4,yes,AI Healthcare"
"H01071,Madurai Care Hospital 1071,Jaipur,Specialty,1336.0,2145.0,96.0,YES,NO,Yes,No,3.1,3.8,2.0,57.0,14.0,97.0,3.6,YES,Patient-Centric Care"
"H01072,Hyderabad Care Hospital 1072,Chennai,Multispeciality,586.0,1017.0,106.0,No,No,Yes,No,2.8,3.5,4.5,30.0,158.0,60.0,3.2,Yes,AI Healthcare"
"H01073,Madurai Care Hospital 1073,Delhi,Multispeciality,187.0,1440.0,75.0,YES,Yes,Yes,No,2.5,3.1,5.0,47.0,93.0,94.0,4.1,No,IoT Healthcare"
"H01074,Chennai Care Hospital 1074,Mumbai,Specialty,580.0,1812.0,121.0,No,NO,Yes,No,4.2,3.5,4.6,40.0,100.0,80.0,4.0,yes,AI Healthcare"
"H01075,Madurai Care Hospital 1075,Pune,Multispeciality,855.0,1280.0,115.0,Yes,No,Yes,No,2.2,4.5,4.9,46.0,47.0,64.0,3.9,YES,Enhanced Security"
"H01076,Delhi Care Hospital 1076,Pune,Specialty,848.0,764.0,114.0,yes,NO,No,No,4.6,4.4,2.4,91.0,12.0,70.0,2.1,yes,AI Healthcare"
"H01077,Delhi Care Hospital 1077,Jaipur,Multispeciality,1450.0,829.0,40.0,Yes,No,No,Yes,2.2,2.7,4.5,67.0,85.0,75.0,2.8,No,Unknown"
"H01078,Chennai Care Hospital 1078,Kochi,Specialty,1045.0,1268.0,37.0,yes,No,Yes,Yes,2.7,2.2,4.8,42.0,116.0,64.0,3.8,Yes,Digital Patient Care"
"H01079,Kochi Care Hospital 1079,Hyderabad,Private,1390.0,2024.0,56.0,YES,No,No,Yes,4.6,2.9,3.5,55.0,116.0,72.0,2.5,yes,Green Hospital"
"H01080,Bengaluru Care Hospital 1080,Jaipur,Private,1392.0,70.0,150.0,YES,NO,Yes,Yes,4.3,2.7,3.5,54.0,46.0,96.0,4.0,No,Unknown"
"H01081,Mumbai Care Hospital 1081,Pune,Specialty,1369.0,534.0,83.0,YES,No,Yes,Yes,3.1,2.9,4.5,94.0,116.0,85.0,3.5,yes,Contactless Healthcare"
"H01082,Bengaluru Care Hospital 1082,Kochi,Specialty,316.0,1422.0,82.0,YES,No,Yes,Yes,4.7,3.0,4.2,53.0,134.0,98.0,4.5,YES,Green Hospital"
"H01083,Mumbai Care Hospital 1083,Madurai,Government,984.0,1220.0,138.0,No,No,Yes,Yes,3.8,2.5,4.3,75.0,116.0,67.0,3.8,yes,AI Healthcare"
"H01084,Kochi Care Hospital 1084,Madurai,Government,240.0,86.0,126.0,YES,NO,No,Yes,4.6,3.3,4.2,43.0,26.0,94.0,3.5,No,Smart Hospital"
"H01085,Bengaluru Care Hospital 1085,Bengaluru,Specialty,93.0,72.0,127.0,Yes,No,Yes,No,2.5,2.2,2.5,46.0,143.0,66.0,3.5,YES,Unknown"
"H01086,Madurai Care Hospital 1086,Delhi,Private,961.0,142.0,5.0,YES,YES,Yes,No,2.6,4.7,3.9,44.0,152.0,68.0,2.4,YES,Contactless Healthcare"
"H01087,Delhi Care Hospital 1087,Pune,Specialty,1196.0,764.0,57.0,Yes,YES,Yes,No,2.5,3.7,3.3,97.0,50.0,75.0,2.4,No,Patient-Centric Care"
"H01088,Madurai Care Hospital 1088,Pune,Specialty,140.0,1571.0,8.0,No,No,No,Yes,5.0,3.5,2.4,92.0,75.0,75.0,4.4,YES,AI Healthcare"
"H01089,Delhi Care Hospital 1089,Mumbai,Private,800.8190675017397,747.0,10.0,YES,Yes,No,Yes,3.8,3.7,2.7,35.0,80.0,75.0,3.0,yes,IoT Healthcare"
"H01090,Pune Care Hospital 1090,Chennai,Private,1360.0,670.0,75.0,YES,No,Yes,Yes,4.7,2.2,3.9,98.0,48.0,54.0,4.3,YES,Digital Patient Care"
"H01091,Delhi Care Hospital 1091,Kochi,Government,311.0,764.0,6.0,YES,No,No,Yes,3.5,3.3,4.2,96.0,168.0,61.0,2.2,No,Green Hospital"
"H01092,Bengaluru Care Hospital 1092,Pune,Private,154.0,1471.0,10.0,Yes,Yes,No,No,3.1,2.3,3.3,48.0,95.0,86.0,3.0,Yes,Smart Hospital"
"H01093,Jaipur Care Hospital 1093,Hyderabad,Multispeciality,559.0,612.0,47.0,yes,NO,No,Yes,3.2,3.9,4.4,32.0,207.0,100.0,3.5,No,Contactless Healthcare"
"H01094,Kochi Care Hospital 1094,Chennai,Specialty,180.0,294.0,106.0,yes,No,Yes,Yes,4.2,3.0,2.1,52.0,211.0,71.0,4.4,yes,Digital Patient Care"
"H01095,Pune Care Hospital 1095,Pune,Government,272.0,787.0,61.0,yes,YES,No,Yes,3.6,3.5,3.1,51.0,54.0,80.0,4.8,yes,Digital Patient Care"
"H01096,Coimbatore Care Hospital 1096,Kochi,Specialty,288.0,1948.0,103.0,Yes,YES,Yes,Yes,2.5,2.5,2.3,90.0,17.0,89.0,3.2,Yes,Unknown"
"H01097,Pune Care Hospital 1097,Jaipur,Multispeciality,667.0,133.0,54.0,No,Yes,No,Yes,4.9,2.0,2.9,78.0,210.0,75.0,3.1,No,Unknown"
"H01098,Madurai Care Hospital 1098,Kochi,Private,1459.0,411.0,136.0,YES,Yes,Yes,Yes,3.0,4.7,2.2,83.0,191.0,81.0,3.5,yes,Green Hospital"
"H01099,Pune Care Hospital 1099,Hyderabad,Multispeciality,1450.0,1715.0,91.0,YES,No,Yes,Yes,4.6,4.4,2.5,50.0,31.0,100.0,3.0,No,AI Healthcare"
"H01100,Kochi Care Hospital 1100,Hyderabad,Specialty,787.0,609.0,30.0,No,YES,Yes,No,4.9,2.4,2.8,51.0,179.0,72.0,3.8,Yes,IoT Healthcare"
"H01101,Hyderabad Care Hospital 1101,Kochi,Specialty,356.0,336.0,64.0,yes,Yes,Yes,Yes,2.1,4.4,2.9,46.0,61.0,75.0,2.5,No,Contactless Healthcare"
"H01102,Madurai Care Hospital 1102,Kochi,Multispeciality,800.8190675017397,1098.0,14.0,Yes,Yes,No,No,2.9,4.0,4.4,33.0,150.0,62.0,3.8,yes,Enhanced Security"
"H01103,Chennai Care Hospital 1103,Coimbatore,Government,1438.0,1128.0,67.0,YES,No,No,No,2.2,3.7,3.7,54.0,183.0,74.0,4.2,No,Patient-Centric Care"
"H01104,Jaipur Care Hospital 1104,Kochi,Specialty,1230.0,1383.0,18.0,yes,Yes,Yes,Yes,3.5,4.4,4.1,80.0,116.0,98.0,4.4,Yes,Smart Hospital"
"H01105,Jaipur Care Hospital 1105,Mumbai,Government,293.0,1771.0,24.0,yes,Yes,Yes,No,4.2,2.1,4.6,88.0,126.0,92.0,3.8,yes,Enhanced Security"
"H01106,Kochi Care Hospital 1106,Jaipur,Multispeciality,800.8190675017397,1709.0,6.0,YES,NO,Yes,Yes,4.2,4.6,3.6,69.0,79.0,81.0,4.7,YES,Green Hospital"
"H01107,Coimbatore Care Hospital 1107,Madurai,Multispeciality,139.0,1166.0,92.0,YES,No,Yes,Yes,4.3,3.5,3.0,83.0,103.0,71.0,4.1,YES,Contactless Healthcare"
"H01108,Chennai Care Hospital 1108,Delhi,Government,148.0,656.0,115.0,YES,NO,Yes,Yes,4.8,3.0,4.2,33.0,215.0,63.0,3.7,yes,AI Healthcare"
"H01109,Coimbatore Care Hospital 1109,Coimbatore,Private,380.0,1941.0,129.0,yes,NO,Yes,No,3.5,3.1,3.2,67.0,103.0,72.0,4.5,Yes,Green Hospital"
"H01110,Madurai Care Hospital 1110,Jaipur,Private,660.0,1275.0,75.0,No,Yes,No,Yes,2.6,3.7,4.4,78.0,159.0,82.0,4.1,No,Smart Hospital"
"H01111,Chennai Care Hospital 1111,Hyderabad,Specialty,127.0,499.0,114.0,YES,NO,Yes,Yes,2.9,3.3,2.9,93.0,207.0,81.0,3.1,yes,IoT Healthcare"
"H01112,Hyderabad Care Hospital 1112,Bengaluru,Multispeciality,1052.0,1895.0,100.0,YES,NO,Yes,Yes,4.3,4.1,2.6,85.0,125.0,86.0,3.9,No,IoT Healthcare"
"H01113,Delhi Care Hospital 1113,Hyderabad,Government,958.0,957.0,134.0,No,Yes,No,Yes,3.4,2.2,3.2,64.0,143.0,98.0,2.1,YES,Green Hospital"
"H01114,Bengaluru Care Hospital 1114,Hyderabad,Private,297.0,1128.0,23.0,YES,No,No,Yes,3.4,3.6,2.5,38.0,99.0,80.0,2.2,yes,Unknown"
"H01115,Mumbai Care Hospital 1115,Bengaluru,Private,1421.0,1790.0,11.0,YES,Yes,No,Yes,4.5,2.4,4.7,85.0,116.0,90.0,3.2,yes,IoT Healthcare"
"H01116,Coimbatore Care Hospital 1116,Coimbatore,Specialty,367.0,1978.0,75.0,yes,Yes,No,No,3.5,3.6,4.1,39.0,215.0,78.0,2.9,YES,Unknown"
"H01117,Pune Care Hospital 1117,Delhi,Specialty,165.0,704.0,133.0,Yes,No,Yes,Yes,2.0,3.9,4.3,41.0,16.0,83.0,4.8,No,AI Healthcare"
"H01118,Hyderabad Care Hospital 1118,Hyderabad,Specialty,1229.0,1128.0,113.0,No,No,Yes,Yes,2.9,3.2,3.1,39.0,116.0,100.0,3.5,Yes,Digital Patient Care"
"H01119,Bengaluru Care Hospital 1119,Delhi,Private,679.0,475.0,79.0,yes,NO,Yes,Yes,3.6,3.5,3.2,83.0,29.0,68.0,4.7,Yes,Patient-Centric Care"
"H01120,Madurai Care Hospital 1120,Bengaluru,Specialty,800.8190675017397,744.0,75.0,YES,YES,Yes,No,2.4,4.3,3.6,58.0,43.0,75.0,4.0,Yes,Digital Patient Care"
"H01121,Pune Care Hospital 1121,Bengaluru,Private,80.0,1927.0,115.0,yes,No,No,Yes,3.0,3.9,4.2,77.0,107.0,87.0,2.4,Yes,Green Hospital"
"H01122,Pune Care Hospital 1122,Kochi,Specialty,800.8190675017397,1676.0,75.0,YES,No,No,No,4.6,3.5,4.9,93.0,163.0,52.0,3.2,No,AI Healthcare"
"H01123,Hyderabad Care Hospital 1123,Hyderabad,Specialty,1227.0,672.0,73.0,yes,No,No,No,3.0,4.5,4.0,93.0,135.0,85.0,2.2,yes,Contactless Healthcare"
"H01124,Bengaluru Care Hospital 1124,Madurai,Private,479.0,1144.0,104.0,Yes,NO,No,No,4.4,2.8,3.9,99.0,201.0,63.0,3.3,YES,Enhanced Security"
"H01125,Chennai Care Hospital 1125,Mumbai,Specialty,774.0,1267.0,111.0,yes,Yes,Yes,Yes,3.9,3.9,3.5,67.0,169.0,88.0,4.5,yes,Green Hospital"
"H01126,Bengaluru Care Hospital 1126,Hyderabad,Multispeciality,524.0,1071.0,44.0,Yes,NO,Yes,No,3.9,3.8,3.7,54.0,116.0,100.0,3.5,yes,Digital Patient Care"
"H01127,Hyderabad Care Hospital 1127,Kochi,Multispeciality,1241.0,1825.0,72.0,yes,YES,No,Yes,2.1,4.9,4.5,92.0,104.0,65.0,3.1,Yes,Enhanced Security"
"H01128,Chennai Care Hospital 1128,Hyderabad,Multispeciality,164.0,1090.0,12.0,YES,YES,No,Yes,3.8,3.1,4.0,46.0,187.0,55.0,4.0,YES,Green Hospital"
"H01129,Mumbai Care Hospital 1129,Pune,Specialty,983.0,129.0,75.0,yes,No,No,Yes,4.5,2.9,4.4,69.0,113.0,66.0,4.4,No,Green Hospital"
"H01130,Mumbai Care Hospital 1130,Bengaluru,Specialty,800.8190675017397,1128.0,42.0,No,YES,No,Yes,3.5,3.5,4.6,77.0,62.0,93.0,2.3,Yes,Enhanced Security"
"H01131,Madurai Care Hospital 1131,Hyderabad,Specialty,363.0,1559.0,35.0,No,No,No,No,3.9,3.3,3.2,95.0,121.0,65.0,2.7,yes,Contactless Healthcare"
"H01132,Jaipur Care Hospital 1132,Hyderabad,Government,970.0,459.0,75.0,yes,NO,Yes,No,3.7,4.8,3.5,44.0,146.0,98.0,2.6,yes,Enhanced Security"
"H01133,Chennai Care Hospital 1133,Hyderabad,Government,1212.0,169.0,63.0,YES,No,Yes,Yes,3.5,2.5,3.3,74.0,83.0,50.0,4.8,yes,Contactless Healthcare"
"H01134,Delhi Care Hospital 1134,Hyderabad,Specialty,684.0,513.0,101.0,Yes,NO,No,Yes,4.5,2.3,3.3,65.0,102.0,78.0,4.6,YES,AI Healthcare"
"H01135,Mumbai Care Hospital 1135,Pune,Specialty,302.0,812.0,140.0,YES,Yes,Yes,Yes,4.3,2.2,3.5,70.0,212.0,84.0,2.2,No,AI Healthcare"
"H01136,Chennai Care Hospital 1136,Mumbai,Private,283.0,64.0,127.0,YES,NO,No,No,3.8,2.8,3.0,31.0,192.0,90.0,3.7,No,Patient-Centric Care"
"H01137,Coimbatore Care Hospital 1137,Kochi,Private,485.0,445.0,118.0,No,Yes,No,Yes,2.3,2.2,4.7,83.0,109.0,85.0,4.9,No,AI Healthcare"
"H01138,Madurai Care Hospital 1138,Coimbatore,Private,847.0,1118.0,121.0,yes,YES,Yes,No,2.1,4.8,2.0,95.0,132.0,59.0,3.7,yes,Enhanced Security"
"H01139,Delhi Care Hospital 1139,Coimbatore,Private,179.0,265.0,45.0,Yes,No,No,Yes,2.7,2.3,3.3,49.0,7.0,96.0,3.4,yes,Patient-Centric Care"
"H01140,Bengaluru Care Hospital 1140,Chennai,Private,931.0,1128.0,116.0,Yes,NO,Yes,Yes,3.1,2.8,3.3,81.0,59.0,87.0,2.6,Yes,Contactless Healthcare"
"H01141,Kochi Care Hospital 1141,Mumbai,Multispeciality,1216.0,1128.0,60.0,Yes,YES,Yes,Yes,3.2,4.6,3.0,60.0,205.0,80.0,4.2,yes,IoT Healthcare"
"H01142,Delhi Care Hospital 1142,Bengaluru,Private,675.0,1919.0,147.0,No,Yes,Yes,Yes,4.6,2.2,3.8,43.0,139.0,94.0,2.4,YES,AI Healthcare"
"H01143,Kochi Care Hospital 1143,Chennai,Government,767.0,1335.0,122.0,YES,YES,Yes,Yes,4.7,4.9,5.0,66.0,89.0,77.0,2.2,Yes,AI Healthcare"
"H01144,Madurai Care Hospital 1144,Coimbatore,Multispeciality,1256.0,953.0,119.0,yes,Yes,Yes,No,3.3,4.2,3.9,44.0,17.0,61.0,2.8,No,Green Hospital"
"H01145,Bengaluru Care Hospital 1145,Hyderabad,Multispeciality,1434.0,1035.0,75.0,Yes,No,No,Yes,3.5,4.7,2.5,93.0,203.0,94.0,5.0,YES,Contactless Healthcare"
"H01146,Coimbatore Care Hospital 1146,Chennai,Specialty,800.8190675017397,1535.0,8.0,Yes,NO,Yes,No,3.5,3.9,3.0,45.0,210.0,99.0,3.7,No,AI Healthcare"
"H01147,Kochi Care Hospital 1147,Hyderabad,Government,660.0,271.0,24.0,yes,NO,Yes,Yes,2.3,2.7,2.8,94.0,151.0,56.0,3.3,Yes,Contactless Healthcare"
"H01148,Madurai Care Hospital 1148,Hyderabad,Multispeciality,620.0,556.0,148.0,Yes,No,No,Yes,3.6,4.8,4.0,67.0,21.0,58.0,3.4,YES,Patient-Centric Care"
"H01149,Kochi Care Hospital 1149,Delhi,Private,617.0,1703.0,68.0,yes,No,No,Yes,2.7,3.3,2.9,92.0,172.0,81.0,3.5,Yes,Digital Patient Care"
"H01150,Chennai Care Hospital 1150,Madurai,Private,514.0,779.0,28.0,YES,No,Yes,No,4.8,3.5,4.7,90.0,5.0,69.0,3.5,No,Contactless Healthcare"
"H01151,Chennai Care Hospital 1151,Delhi,Government,855.0,1018.0,79.0,No,NO,No,No,3.5,3.5,3.0,36.0,68.0,88.0,2.5,yes,Enhanced Security"
"H01152,Chennai Care Hospital 1152,Kochi,Government,952.0,1463.0,85.0,No,NO,No,No,3.3,4.6,3.6,80.0,71.0,80.0,4.1,Yes,Digital Patient Care"
"H01153,Bengaluru Care Hospital 1153,Chennai,Government,975.0,1511.0,145.0,yes,No,Yes,Yes,4.2,4.3,3.5,71.0,43.0,58.0,3.0,Yes,Enhanced Security"
"H01154,Bengaluru Care Hospital 1154,Madurai,Specialty,106.0,1296.0,149.0,Yes,No,No,Yes,3.0,4.2,2.9,33.0,209.0,76.0,4.6,No,Unknown"
"H01155,Bengaluru Care Hospital 1155,Chennai,Private,1385.0,1840.0,83.0,No,No,No,Yes,2.2,2.7,2.6,53.0,19.0,63.0,3.5,YES,Smart Hospital"
"H01156,Chennai Care Hospital 1156,Pune,Private,1072.0,2168.0,20.0,YES,Yes,No,No,4.5,4.6,3.5,37.0,116.0,98.0,3.1,No,Contactless Healthcare"
"H01157,Chennai Care Hospital 1157,Coimbatore,Multispeciality,186.0,578.0,42.0,YES,Yes,No,No,4.3,3.7,4.4,88.0,74.0,66.0,2.6,YES,Contactless Healthcare"
"H01158,Chennai Care Hospital 1158,Delhi,Specialty,298.0,1117.0,104.0,yes,No,No,Yes,3.7,3.2,2.5,82.0,200.0,63.0,4.8,Yes,Green Hospital"
"H01159,Madurai Care Hospital 1159,Bengaluru,Multispeciality,116.0,1128.0,71.0,YES,Yes,Yes,No,4.1,4.8,3.5,76.0,173.0,89.0,4.1,No,Enhanced Security"
"H01160,Hyderabad Care Hospital 1160,Jaipur,Private,709.0,1879.0,46.0,yes,NO,No,Yes,4.1,4.3,3.4,67.0,183.0,75.0,3.9,No,IoT Healthcare"
"H01161,Coimbatore Care Hospital 1161,Madurai,Multispeciality,1020.0,223.0,19.0,YES,Yes,No,Yes,4.0,4.4,3.4,53.0,182.0,77.0,3.2,No,Digital Patient Care"
"H01162,Kochi Care Hospital 1162,Mumbai,Government,800.8190675017397,1045.0,70.0,YES,NO,No,No,2.8,2.3,3.4,86.0,191.0,52.0,3.6,No,Green Hospital"
"H01163,Chennai Care Hospital 1163,Pune,Multispeciality,810.0,1128.0,91.0,No,Yes,No,Yes,2.1,4.3,3.6,67.0,206.0,73.0,4.0,yes,IoT Healthcare"
"H01164,Madurai Care Hospital 1164,Delhi,Government,707.0,1062.0,112.0,YES,YES,Yes,Yes,3.4,2.8,3.5,77.0,151.0,91.0,4.5,Yes,Enhanced Security"
"H01165,Hyderabad Care Hospital 1165,Jaipur,Specialty,346.0,328.0,150.0,No,NO,No,No,4.5,4.9,4.9,67.0,132.0,78.0,3.3,yes,AI Healthcare"
"H01166,Pune Care Hospital 1166,Hyderabad,Specialty,1179.0,995.0,75.0,YES,NO,No,Yes,2.7,2.4,3.3,81.0,106.0,64.0,4.8,No,Green Hospital"
"H01167,Mumbai Care Hospital 1167,Chennai,Specialty,1162.0,1128.0,13.0,No,No,No,Yes,4.4,3.9,3.5,67.0,78.0,89.0,3.8,No,Green Hospital"
"H01168,Chennai Care Hospital 1168,Mumbai,Specialty,603.0,50.0,56.0,No,Yes,Yes,No,2.5,3.3,4.9,35.0,106.0,75.0,2.8,No,Patient-Centric Care"
"H01169,Coimbatore Care Hospital 1169,Hyderabad,Multispeciality,1410.0,1865.0,88.0,No,NO,Yes,No,4.7,3.6,4.8,75.0,99.0,92.0,3.2,yes,Enhanced Security"
"H01170,Madurai Care Hospital 1170,Hyderabad,Multispeciality,513.0,731.0,131.0,No,Yes,No,No,4.4,4.6,3.5,76.0,110.0,86.0,2.0,No,AI Healthcare"
"H01171,Chennai Care Hospital 1171,Hyderabad,Private,800.8190675017397,491.0,65.0,yes,YES,No,No,2.5,3.8,3.1,73.0,201.0,75.0,5.0,Yes,Contactless Healthcare"
"H01172,Jaipur Care Hospital 1172,Hyderabad,Multispeciality,800.8190675017397,1986.0,137.0,yes,YES,Yes,Yes,3.0,4.7,3.2,81.0,58.0,63.0,4.0,No,Smart Hospital"
"H01173,Pune Care Hospital 1173,Pune,Specialty,1252.0,1083.0,92.0,Yes,Yes,No,No,4.5,3.3,3.7,97.0,215.0,83.0,4.8,yes,Contactless Healthcare"
"H01174,Madurai Care Hospital 1174,Hyderabad,Private,832.0,1235.0,105.0,Yes,YES,No,No,4.9,3.1,3.3,37.0,214.0,77.0,3.0,yes,IoT Healthcare"
"H01175,Chennai Care Hospital 1175,Hyderabad,Multispeciality,373.0,258.0,76.0,YES,Yes,No,Yes,3.6,3.5,4.1,42.0,190.0,80.0,3.5,yes,Patient-Centric Care"
"H01176,Pune Care Hospital 1176,Jaipur,Multispeciality,149.0,1831.0,103.0,YES,YES,Yes,Yes,3.2,2.1,4.3,60.0,55.0,58.0,3.0,yes,Enhanced Security"
"H01177,Coimbatore Care Hospital 1177,Kochi,Specialty,1160.0,1295.0,127.0,No,YES,No,Yes,3.4,3.0,2.4,77.0,181.0,78.0,3.4,No,Green Hospital"
"H01178,Pune Care Hospital 1178,Jaipur,Private,699.0,736.0,139.0,Yes,YES,No,Yes,3.3,2.5,3.8,56.0,189.0,99.0,2.3,No,Smart Hospital"
"H01179,Hyderabad Care Hospital 1179,Hyderabad,Private,654.0,489.0,20.0,Yes,No,No,Yes,4.4,2.3,2.5,77.0,176.0,75.0,2.4,yes,Smart Hospital"
"H01180,Kochi Care Hospital 1180,Hyderabad,Multispeciality,290.0,1149.0,41.0,Yes,NO,No,No,2.2,2.7,3.2,96.0,57.0,66.0,2.3,No,Contactless Healthcare"
"H01181,Delhi Care Hospital 1181,Jaipur,Government,1396.0,729.0,99.0,No,NO,Yes,Yes,2.4,4.2,4.6,32.0,44.0,85.0,4.0,yes,AI Healthcare"
"H01182,Hyderabad Care Hospital 1182,Hyderabad,Private,392.0,2011.0,103.0,yes,No,Yes,No,4.9,3.5,2.1,40.0,115.0,70.0,4.0,No,Patient-Centric Care"
"H01183,Coimbatore Care Hospital 1183,Bengaluru,Private,610.0,350.0,136.0,YES,NO,No,No,3.5,3.0,4.1,39.0,169.0,81.0,4.4,YES,AI Healthcare"
"H01184,Hyderabad Care Hospital 1184,Pune,Private,629.0,190.0,90.0,Yes,No,Yes,Yes,4.6,2.4,4.0,60.0,212.0,78.0,3.4,YES,Smart Hospital"
"H01185,Mumbai Care Hospital 1185,Jaipur,Government,876.0,203.0,75.0,Yes,Yes,No,Yes,2.8,3.5,2.9,65.0,184.0,81.0,2.1,YES,Patient-Centric Care"
"H01186,Mumbai Care Hospital 1186,Pune,Specialty,812.0,2122.0,27.0,yes,NO,No,Yes,3.6,3.5,4.3,67.0,21.0,55.0,3.5,Yes,Contactless Healthcare"
"H01187,Chennai Care Hospital 1187,Hyderabad,Private,1212.0,1173.0,66.0,Yes,NO,Yes,Yes,3.5,3.5,4.7,67.0,125.0,82.0,2.2,No,Contactless Healthcare"
"H01188,Hyderabad Care Hospital 1188,Coimbatore,Multispeciality,571.0,776.0,109.0,Yes,No,Yes,Yes,3.6,3.8,3.5,97.0,73.0,64.0,2.5,YES,Unknown"
"H01189,Coimbatore Care Hospital 1189,Delhi,Multispeciality,1367.0,1228.0,75.0,YES,No,Yes,No,2.4,3.0,4.2,56.0,71.0,63.0,3.3,YES,Digital Patient Care"
"H01190,Jaipur Care Hospital 1190,Chennai,Multispeciality,1008.0,1610.0,59.0,No,No,Yes,No,2.9,3.5,5.0,37.0,116.0,70.0,2.1,Yes,AI Healthcare"
"H01191,Hyderabad Care Hospital 1191,Coimbatore,Multispeciality,800.8190675017397,867.0,75.0,Yes,No,Yes,Yes,3.4,5.0,2.3,30.0,158.0,58.0,2.1,No,Contactless Healthcare"
"H01192,Hyderabad Care Hospital 1192,Madurai,Specialty,853.0,1423.0,87.0,No,Yes,Yes,Yes,5.0,3.1,3.5,63.0,117.0,55.0,4.0,No,Enhanced Security"
"H01193,Coimbatore Care Hospital 1193,Hyderabad,Specialty,871.0,1537.0,75.0,Yes,No,No,Yes,2.3,3.5,3.5,52.0,92.0,58.0,3.5,YES,Green Hospital"
"H01194,Mumbai Care Hospital 1194,Mumbai,Specialty,221.0,410.0,89.0,YES,YES,No,Yes,3.0,2.4,3.4,92.0,13.0,67.0,2.5,YES,Green Hospital"
"H01195,Madurai Care Hospital 1195,Pune,Specialty,634.0,1631.0,74.0,No,Yes,Yes,Yes,2.9,4.0,3.4,67.0,166.0,64.0,2.6,Yes,Smart Hospital"
"H01196,Kochi Care Hospital 1196,Hyderabad,Specialty,800.8190675017397,859.0,104.0,No,No,Yes,Yes,4.9,3.5,4.2,65.0,117.0,75.0,2.6,Yes,IoT Healthcare"
"H01197,Mumbai Care Hospital 1197,Hyderabad,Specialty,183.0,627.0,42.0,No,NO,Yes,No,4.6,3.1,2.4,57.0,96.0,81.0,3.5,Yes,Contactless Healthcare"
"H01198,Madurai Care Hospital 1198,Jaipur,Multispeciality,800.8190675017397,1741.0,97.0,Yes,YES,Yes,Yes,3.9,3.3,3.5,73.0,114.0,68.0,3.9,YES,Patient-Centric Care"
"H01199,Jaipur Care Hospital 1199,Hyderabad,Private,87.0,823.0,127.0,Yes,NO,Yes,Yes,3.5,3.3,4.6,44.0,149.0,99.0,3.3,yes,Smart Hospital"
"H01200,Madurai Care Hospital 1200,Kochi,Multispeciality,1104.0,2057.0,90.0,YES,NO,No,No,2.8,3.5,3.5,77.0,89.0,60.0,3.0,YES,Smart Hospital"
"H01201,Mumbai Care Hospital 1201,Delhi,Specialty,128.0,1035.0,25.0,YES,NO,No,No,4.4,2.7,4.6,42.0,13.0,96.0,4.8,No,Digital Patient Care"
"H01202,Mumbai Care Hospital 1202,Hyderabad,Private,994.0,2189.0,76.0,YES,Yes,No,No,3.1,2.7,2.6,81.0,186.0,80.0,2.6,YES,IoT Healthcare"
"H01203,Madurai Care Hospital 1203,Coimbatore,Specialty,285.0,1813.0,62.0,YES,No,No,No,2.9,3.5,3.5,59.0,116.0,55.0,3.3,yes,IoT Healthcare"
"H01204,Jaipur Care Hospital 1204,Pune,Government,433.0,1128.0,82.0,Yes,YES,Yes,No,3.1,3.5,4.5,83.0,194.0,55.0,3.5,YES,Contactless Healthcare"
"H01205,Bengaluru Care Hospital 1205,Bengaluru,Private,1019.0,130.0,58.0,YES,YES,Yes,No,2.8,4.0,4.6,66.0,159.0,75.0,3.7,Yes,Digital Patient Care"
"H01206,Chennai Care Hospital 1206,Mumbai,Private,1217.0,2186.0,35.0,yes,YES,No,Yes,3.5,3.0,3.0,80.0,155.0,69.0,4.7,yes,Green Hospital"
"H01207,Mumbai Care Hospital 1207,Chennai,Specialty,800.8190675017397,1214.0,75.0,YES,YES,No,No,3.5,3.4,4.9,68.0,26.0,75.0,3.1,YES,IoT Healthcare"
"H01208,Kochi Care Hospital 1208,Chennai,Private,898.0,830.0,71.0,YES,No,No,No,4.8,2.6,2.4,53.0,175.0,78.0,2.7,Yes,Enhanced Security"
"H01209,Pune Care Hospital 1209,Coimbatore,Private,933.0,1887.0,74.0,Yes,Yes,Yes,Yes,3.8,2.5,4.7,50.0,209.0,75.0,2.2,yes,Digital Patient Care"
"H01210,Jaipur Care Hospital 1210,Kochi,Specialty,1167.0,302.0,37.0,YES,YES,No,No,3.0,3.1,4.9,56.0,99.0,77.0,2.1,YES,Digital Patient Care"
"H01211,Bengaluru Care Hospital 1211,Hyderabad,Private,158.0,1128.0,131.0,No,NO,No,Yes,3.3,3.3,3.7,38.0,154.0,93.0,4.9,Yes,AI Healthcare"
"H01212,Delhi Care Hospital 1212,Jaipur,Private,1210.0,1174.0,15.0,Yes,NO,Yes,No,4.8,3.5,2.4,58.0,169.0,97.0,4.8,YES,AI Healthcare"
"H01213,Bengaluru Care Hospital 1213,Bengaluru,Specialty,496.0,1618.0,64.0,No,NO,Yes,Yes,2.3,3.2,4.2,87.0,24.0,75.0,2.8,YES,IoT Healthcare"
"H01214,Mumbai Care Hospital 1214,Chennai,Multispeciality,1309.0,549.0,75.0,Yes,Yes,No,Yes,4.8,3.1,2.5,32.0,11.0,98.0,3.2,Yes,AI Healthcare"
"H01215,Bengaluru Care Hospital 1215,Pune,Specialty,881.0,1128.0,121.0,YES,No,Yes,No,2.2,3.0,4.8,80.0,68.0,91.0,2.4,No,Digital Patient Care"
"H01216,Kochi Care Hospital 1216,Coimbatore,Private,1100.0,1128.0,93.0,yes,NO,Yes,Yes,3.0,4.8,3.6,59.0,54.0,55.0,4.9,yes,Unknown"
"H01217,Pune Care Hospital 1217,Bengaluru,Specialty,800.8190675017397,203.0,40.0,Yes,Yes,No,Yes,4.4,2.3,4.5,85.0,68.0,81.0,2.5,YES,Green Hospital"
"H01218,Coimbatore Care Hospital 1218,Pune,Multispeciality,512.0,1211.0,75.0,yes,NO,No,No,3.0,2.3,4.8,89.0,159.0,63.0,2.4,No,Patient-Centric Care"
"H01219,Hyderabad Care Hospital 1219,Jaipur,Private,1365.0,1819.0,146.0,yes,No,No,Yes,3.9,3.3,3.8,91.0,156.0,67.0,3.1,yes,Smart Hospital"
"H01220,Mumbai Care Hospital 1220,Madurai,Multispeciality,372.0,657.0,100.0,yes,No,No,No,3.8,2.1,3.0,77.0,142.0,75.0,3.2,No,Green Hospital"
"H01221,Madurai Care Hospital 1221,Bengaluru,Private,1323.0,1894.0,142.0,YES,Yes,Yes,No,3.5,3.8,3.2,93.0,207.0,79.0,4.6,No,Green Hospital"
"H01222,Chennai Care Hospital 1222,Mumbai,Government,304.0,998.0,116.0,yes,NO,No,Yes,3.0,2.7,3.8,72.0,96.0,50.0,3.5,YES,Green Hospital"
"H01223,Hyderabad Care Hospital 1223,Madurai,Government,1380.0,859.0,95.0,YES,YES,No,No,4.0,3.4,3.1,82.0,169.0,75.0,4.9,YES,AI Healthcare"
"H01224,Hyderabad Care Hospital 1224,Hyderabad,Government,295.0,461.0,5.0,Yes,NO,No,No,3.5,3.2,3.2,93.0,155.0,82.0,2.5,Yes,Enhanced Security"
"H01225,Kochi Care Hospital 1225,Kochi,Multispeciality,548.0,771.0,122.0,No,Yes,No,Yes,3.7,3.7,3.9,71.0,56.0,85.0,3.5,yes,Contactless Healthcare"
"H01226,Kochi Care Hospital 1226,Pune,Specialty,989.0,615.0,131.0,YES,YES,Yes,No,2.5,2.1,4.6,43.0,208.0,75.0,3.5,Yes,Patient-Centric Care"
"H01227,Madurai Care Hospital 1227,Hyderabad,Government,388.0,1768.0,33.0,yes,No,No,No,4.3,2.5,3.2,67.0,105.0,57.0,3.9,No,Contactless Healthcare"
"H01228,Mumbai Care Hospital 1228,Hyderabad,Private,1433.0,1690.0,113.0,YES,NO,No,No,3.5,3.3,3.7,67.0,137.0,75.0,3.9,Yes,Smart Hospital"
"H01229,Kochi Care Hospital 1229,Kochi,Multispeciality,364.0,864.0,85.0,yes,YES,No,No,2.6,4.6,2.6,72.0,116.0,88.0,4.1,No,IoT Healthcare"
"H01230,Jaipur Care Hospital 1230,Delhi,Government,579.0,1098.0,112.0,Yes,NO,Yes,Yes,4.1,3.2,2.7,67.0,35.0,88.0,2.8,No,Patient-Centric Care"
"H01231,Pune Care Hospital 1231,Mumbai,Private,496.0,1688.0,71.0,YES,No,Yes,Yes,3.6,4.4,4.3,54.0,79.0,69.0,4.6,Yes,Smart Hospital"
"H01232,Delhi Care Hospital 1232,Chennai,Specialty,381.0,1757.0,75.0,YES,No,No,No,2.2,2.8,2.6,66.0,86.0,57.0,4.6,YES,Patient-Centric Care"
"H01233,Mumbai Care Hospital 1233,Hyderabad,Government,948.0,1557.0,145.0,No,Yes,Yes,No,4.1,4.1,2.4,72.0,19.0,99.0,4.5,yes,Green Hospital"
"H01234,Mumbai Care Hospital 1234,Delhi,Government,849.0,1628.0,75.0,YES,Yes,No,Yes,2.3,2.6,3.3,86.0,66.0,92.0,3.0,Yes,Digital Patient Care"
"H01235,Coimbatore Care Hospital 1235,Hyderabad,Specialty,1473.0,1128.0,75.0,YES,No,No,Yes,5.0,2.7,4.1,44.0,153.0,70.0,2.7,No,Patient-Centric Care"
"H01236,Coimbatore Care Hospital 1236,Pune,Multispeciality,1149.0,393.0,128.0,yes,No,Yes,No,2.7,3.2,3.0,77.0,23.0,75.0,4.0,No,IoT Healthcare"
"H01237,Kochi Care Hospital 1237,Madurai,Private,310.0,274.0,60.0,No,No,No,No,3.8,2.5,4.2,71.0,181.0,69.0,2.7,No,Contactless Healthcare"
"H01238,Coimbatore Care Hospital 1238,Madurai,Multispeciality,746.0,1530.0,112.0,No,Yes,No,Yes,3.7,3.8,4.1,90.0,50.0,98.0,2.5,yes,AI Healthcare"
"H01239,Kochi Care Hospital 1239,Hyderabad,Private,832.0,2198.0,13.0,yes,Yes,No,No,3.3,3.5,3.0,76.0,122.0,69.0,2.9,No,Smart Hospital"
"H01240,Pune Care Hospital 1240,Hyderabad,Specialty,800.8190675017397,1395.0,139.0,No,No,No,No,4.7,3.9,3.5,88.0,49.0,87.0,4.2,yes,Smart Hospital"
"H01241,Mumbai Care Hospital 1241,Pune,Government,248.0,2017.0,50.0,Yes,Yes,Yes,No,2.8,4.4,2.3,47.0,124.0,61.0,3.2,yes,Digital Patient Care"
"H01242,Delhi Care Hospital 1242,Coimbatore,Private,894.0,193.0,23.0,yes,No,Yes,No,4.6,2.1,5.0,78.0,96.0,50.0,2.5,No,Unknown"
"H01243,Hyderabad Care Hospital 1243,Hyderabad,Private,663.0,2026.0,14.0,No,NO,No,No,3.4,4.8,3.5,51.0,109.0,75.0,2.4,Yes,Contactless Healthcare"
"H01244,Pune Care Hospital 1244,Hyderabad,Specialty,597.0,1495.0,52.0,YES,Yes,Yes,No,3.6,2.5,4.4,73.0,144.0,76.0,3.1,yes,AI Healthcare"
"H01245,Delhi Care Hospital 1245,Madurai,Government,741.0,698.0,75.0,YES,No,Yes,Yes,2.9,4.7,4.0,62.0,139.0,73.0,3.5,No,AI Healthcare"
"H01246,Chennai Care Hospital 1246,Delhi,Government,846.0,623.0,101.0,YES,NO,Yes,Yes,4.7,3.5,5.0,60.0,80.0,57.0,4.5,No,Smart Hospital"
"H01247,Delhi Care Hospital 1247,Bengaluru,Government,622.0,791.0,75.0,yes,NO,No,No,2.9,3.7,4.3,98.0,68.0,66.0,4.2,YES,IoT Healthcare"
"H01248,Hyderabad Care Hospital 1248,Hyderabad,Private,1500.0,206.0,120.0,yes,No,No,Yes,2.3,2.2,4.9,96.0,69.0,68.0,2.3,yes,Digital Patient Care"
"H01249,Coimbatore Care Hospital 1249,Pune,Specialty,800.8190675017397,219.0,138.0,YES,No,No,No,2.5,2.7,4.6,67.0,48.0,62.0,4.7,Yes,Digital Patient Care"
"H01250,Coimbatore Care Hospital 1250,Hyderabad,Government,1021.0,2025.0,52.0,YES,NO,No,Yes,4.3,2.5,2.4,73.0,166.0,69.0,3.5,No,Contactless Healthcare"
"H01251,Coimbatore Care Hospital 1251,Hyderabad,Specialty,473.0,1857.0,41.0,YES,No,Yes,Yes,3.5,4.2,2.8,100.0,206.0,75.0,3.8,Yes,IoT Healthcare"
"H01252,Bengaluru Care Hospital 1252,Hyderabad,Specialty,1016.0,2154.0,100.0,No,NO,Yes,Yes,3.3,2.9,3.4,81.0,86.0,94.0,2.4,Yes,Contactless Healthcare"
"H01253,Bengaluru Care Hospital 1253,Coimbatore,Specialty,630.0,767.0,37.0,Yes,Yes,Yes,No,2.3,4.8,2.7,88.0,104.0,72.0,4.6,Yes,Smart Hospital"
"H01254,Coimbatore Care Hospital 1254,Coimbatore,Private,1217.0,940.0,75.0,YES,YES,Yes,No,3.6,3.6,3.6,100.0,95.0,84.0,3.5,No,Contactless Healthcare"
"H01255,Kochi Care Hospital 1255,Chennai,Government,1381.0,1128.0,105.0,YES,NO,Yes,No,2.6,3.7,2.1,79.0,119.0,84.0,3.5,No,AI Healthcare"
"H01256,Mumbai Care Hospital 1256,Hyderabad,Private,212.0,1128.0,132.0,YES,Yes,No,Yes,2.6,4.4,4.8,50.0,121.0,95.0,2.7,yes,Contactless Healthcare"
"H01257,Kochi Care Hospital 1257,Coimbatore,Multispeciality,211.0,1128.0,100.0,No,NO,No,No,3.5,2.0,3.5,68.0,87.0,65.0,4.5,yes,Contactless Healthcare"
"H01258,Kochi Care Hospital 1258,Hyderabad,Government,800.8190675017397,1128.0,125.0,No,No,No,No,3.9,3.5,2.1,67.0,18.0,79.0,3.6,Yes,IoT Healthcare"
"H01259,Coimbatore Care Hospital 1259,Hyderabad,Private,1410.0,2030.0,142.0,No,NO,No,Yes,2.8,2.9,4.2,67.0,14.0,89.0,3.9,Yes,Unknown"
"H01260,Kochi Care Hospital 1260,Hyderabad,Multispeciality,450.0,2023.0,107.0,YES,NO,No,No,2.0,2.4,3.2,67.0,142.0,84.0,4.4,No,AI Healthcare"
"H01261,Delhi Care Hospital 1261,Chennai,Government,1356.0,838.0,135.0,YES,No,No,Yes,3.5,2.4,2.4,54.0,130.0,66.0,3.4,YES,IoT Healthcare"
"H01262,Bengaluru Care Hospital 1262,Pune,Private,591.0,497.0,142.0,Yes,Yes,No,Yes,3.2,4.2,3.0,30.0,207.0,78.0,3.8,Yes,Contactless Healthcare"
"H01263,Chennai Care Hospital 1263,Coimbatore,Specialty,949.0,1255.0,84.0,yes,No,Yes,Yes,2.9,3.8,4.1,30.0,92.0,75.0,2.8,Yes,Digital Patient Care"
"H01264,Chennai Care Hospital 1264,Hyderabad,Specialty,802.0,306.0,139.0,Yes,NO,Yes,No,3.0,4.0,3.4,84.0,185.0,74.0,3.6,Yes,Enhanced Security"
"H01265,Jaipur Care Hospital 1265,Hyderabad,Specialty,771.0,746.0,128.0,No,No,Yes,Yes,4.5,3.0,2.3,87.0,178.0,54.0,2.1,No,AI Healthcare"
"H01266,Delhi Care Hospital 1266,Coimbatore,Government,1458.0,200.0,91.0,Yes,No,Yes,No,3.1,3.9,4.0,32.0,81.0,50.0,4.7,yes,Digital Patient Care"
"H01267,Madurai Care Hospital 1267,Hyderabad,Private,715.0,968.0,87.0,yes,No,Yes,Yes,4.0,2.1,4.3,96.0,162.0,73.0,2.6,No,IoT Healthcare"
"H01268,Mumbai Care Hospital 1268,Jaipur,Government,1095.0,1228.0,12.0,Yes,NO,No,No,2.5,4.0,4.4,39.0,200.0,93.0,2.5,No,Digital Patient Care"
"H01269,Madurai Care Hospital 1269,Jaipur,Specialty,1272.0,1128.0,99.0,YES,Yes,No,Yes,3.5,4.9,4.9,64.0,116.0,95.0,3.6,YES,Patient-Centric Care"
"H01270,Chennai Care Hospital 1270,Delhi,Multispeciality,613.0,487.0,95.0,yes,No,Yes,Yes,4.1,3.4,4.9,89.0,95.0,75.0,2.5,YES,Smart Hospital"
"H01271,Coimbatore Care Hospital 1271,Mumbai,Government,797.0,1670.0,75.0,No,No,Yes,Yes,3.4,3.5,5.0,67.0,205.0,52.0,4.8,No,Unknown"
"H01272,Madurai Care Hospital 1272,Kochi,Private,800.8190675017397,1726.0,26.0,No,Yes,Yes,Yes,3.2,2.2,3.5,56.0,194.0,60.0,4.7,No,Green Hospital"
"H01273,Chennai Care Hospital 1273,Madurai,Specialty,580.0,1682.0,148.0,yes,YES,Yes,Yes,2.7,3.0,3.5,72.0,145.0,73.0,2.2,No,Digital Patient Care"
"H01274,Chennai Care Hospital 1274,Mumbai,Multispeciality,436.0,1426.0,68.0,YES,Yes,No,Yes,4.1,3.2,4.6,90.0,218.0,63.0,3.7,Yes,Green Hospital"
"H01275,Hyderabad Care Hospital 1275,Bengaluru,Specialty,1099.0,1742.0,40.0,YES,Yes,No,No,3.3,4.9,4.9,37.0,122.0,75.0,2.9,YES,Enhanced Security"
"H01276,Mumbai Care Hospital 1276,Hyderabad,Specialty,95.0,790.0,143.0,Yes,NO,No,Yes,3.4,4.3,3.7,32.0,39.0,63.0,2.6,yes,Smart Hospital"
"H01277,Hyderabad Care Hospital 1277,Coimbatore,Private,200.0,1129.0,51.0,Yes,No,No,Yes,2.5,3.4,2.3,55.0,180.0,75.0,3.9,No,Patient-Centric Care"
"H01278,Madurai Care Hospital 1278,Mumbai,Multispeciality,800.8190675017397,2122.0,82.0,Yes,YES,Yes,No,3.5,2.4,4.3,49.0,98.0,69.0,4.8,Yes,Enhanced Security"
"H01279,Hyderabad Care Hospital 1279,Coimbatore,Government,364.0,1193.0,117.0,yes,NO,Yes,No,3.8,3.1,3.5,61.0,123.0,82.0,3.5,No,Digital Patient Care"
"H01280,Kochi Care Hospital 1280,Delhi,Government,242.0,698.0,38.0,YES,Yes,No,Yes,3.1,3.0,3.5,67.0,93.0,76.0,4.8,Yes,Unknown"
"H01281,Chennai Care Hospital 1281,Jaipur,Private,591.0,624.0,82.0,yes,No,Yes,No,3.8,3.4,2.1,36.0,69.0,89.0,4.2,No,IoT Healthcare"
"H01282,Delhi Care Hospital 1282,Pune,Specialty,364.0,1671.0,95.0,Yes,Yes,No,No,3.6,3.4,3.3,92.0,35.0,50.0,4.4,yes,AI Healthcare"
"H01283,Bengaluru Care Hospital 1283,Coimbatore,Private,1441.0,553.0,82.0,YES,YES,Yes,No,4.3,2.4,2.3,98.0,12.0,98.0,3.5,No,IoT Healthcare"
"H01284,Jaipur Care Hospital 1284,Mumbai,Specialty,228.0,1963.0,43.0,YES,YES,Yes,No,3.5,3.1,2.8,39.0,162.0,75.0,4.8,Yes,AI Healthcare"
"H01285,Coimbatore Care Hospital 1285,Pune,Private,1189.0,526.0,144.0,No,Yes,No,Yes,3.6,2.1,3.5,67.0,168.0,56.0,3.5,YES,IoT Healthcare"
"H01286,Delhi Care Hospital 1286,Pune,Government,373.0,981.0,37.0,YES,YES,No,No,3.6,4.4,3.3,72.0,31.0,51.0,3.1,yes,Contactless Healthcare"
"H01287,Bengaluru Care Hospital 1287,Kochi,Multispeciality,1207.0,429.0,79.0,yes,YES,No,No,2.3,2.1,3.4,45.0,114.0,59.0,4.6,No,AI Healthcare"
"H01288,Madurai Care Hospital 1288,Hyderabad,Government,774.0,244.0,75.0,YES,YES,No,Yes,2.6,3.9,2.4,99.0,116.0,98.0,4.6,No,Enhanced Security"
"H01289,Mumbai Care Hospital 1289,Madurai,Government,629.0,2084.0,75.0,YES,No,No,Yes,3.7,4.8,2.1,87.0,111.0,52.0,4.1,YES,AI Healthcare"
"H01290,Kochi Care Hospital 1290,Hyderabad,Multispeciality,839.0,1967.0,73.0,YES,YES,No,Yes,4.4,3.4,3.0,70.0,45.0,71.0,3.6,No,Unknown"
"H01291,Mumbai Care Hospital 1291,Hyderabad,Multispeciality,642.0,2110.0,141.0,Yes,No,Yes,No,2.7,3.5,4.5,76.0,97.0,89.0,2.5,YES,IoT Healthcare"
"H01292,Pune Care Hospital 1292,Madurai,Private,932.0,1547.0,85.0,No,NO,Yes,Yes,3.5,4.0,4.7,69.0,145.0,76.0,3.2,yes,AI Healthcare"
"H01293,Coimbatore Care Hospital 1293,Jaipur,Multispeciality,598.0,1120.0,75.0,Yes,Yes,Yes,Yes,3.6,3.5,4.4,87.0,137.0,56.0,4.7,YES,Unknown"
"H01294,Kochi Care Hospital 1294,Kochi,Specialty,602.0,868.0,76.0,YES,YES,Yes,No,2.8,3.5,4.1,57.0,219.0,61.0,4.2,YES,Patient-Centric Care"
"H01295,Hyderabad Care Hospital 1295,Mumbai,Government,800.8190675017397,1273.0,127.0,YES,No,No,No,3.4,3.5,4.4,74.0,135.0,72.0,3.3,YES,Digital Patient Care"
"H01296,Mumbai Care Hospital 1296,Delhi,Multispeciality,134.0,1128.0,62.0,Yes,No,Yes,No,4.4,4.2,3.7,87.0,181.0,58.0,3.4,YES,Digital Patient Care"
"H01297,Coimbatore Care Hospital 1297,Hyderabad,Multispeciality,673.0,1620.0,148.0,YES,NO,Yes,No,4.8,3.9,3.5,49.0,116.0,75.0,4.0,yes,Patient-Centric Care"
"H01298,Jaipur Care Hospital 1298,Jaipur,Government,1377.0,1737.0,75.0,No,YES,Yes,No,3.9,4.5,2.6,93.0,140.0,92.0,4.5,Yes,Digital Patient Care"
"H01299,Mumbai Care Hospital 1299,Kochi,Government,218.0,377.0,110.0,Yes,No,No,Yes,2.8,3.5,3.7,77.0,151.0,54.0,4.0,YES,AI Healthcare"
"H01300,Madurai Care Hospital 1300,Madurai,Multispeciality,983.0,1693.0,15.0,yes,No,Yes,Yes,3.3,3.5,2.9,62.0,166.0,52.0,2.4,Yes,Patient-Centric Care"
"H01301,Bengaluru Care Hospital 1301,Jaipur,Multispeciality,1167.0,1207.0,103.0,No,NO,No,Yes,3.5,4.8,3.1,37.0,71.0,72.0,4.5,Yes,IoT Healthcare"
"H01302,Pune Care Hospital 1302,Coimbatore,Specialty,1422.0,979.0,118.0,No,YES,No,No,3.1,3.5,3.9,42.0,153.0,65.0,2.1,No,Unknown"
"H01303,Delhi Care Hospital 1303,Madurai,Specialty,650.0,1101.0,144.0,YES,NO,No,Yes,3.5,2.3,3.7,67.0,109.0,90.0,4.8,No,Enhanced Security"
"H01304,Hyderabad Care Hospital 1304,Mumbai,Private,1099.0,1722.0,45.0,YES,YES,No,Yes,4.1,4.4,2.4,72.0,32.0,82.0,4.5,Yes,Unknown"
"H01305,Bengaluru Care Hospital 1305,Jaipur,Private,487.0,1294.0,52.0,yes,YES,No,No,3.3,4.4,4.0,70.0,6.0,98.0,3.9,No,Green Hospital"
"H01306,Mumbai Care Hospital 1306,Bengaluru,Private,907.0,1678.0,75.0,Yes,NO,No,No,4.7,4.2,2.0,34.0,7.0,96.0,2.7,yes,Unknown"
"H01307,Jaipur Care Hospital 1307,Coimbatore,Government,1114.0,1128.0,77.0,YES,YES,Yes,Yes,4.6,2.2,4.0,75.0,52.0,57.0,5.0,Yes,Enhanced Security"
"H01308,Kochi Care Hospital 1308,Pune,Government,136.0,470.0,15.0,yes,Yes,No,No,2.3,3.5,4.1,95.0,81.0,87.0,4.1,No,IoT Healthcare"
"H01309,Chennai Care Hospital 1309,Bengaluru,Specialty,1077.0,1101.0,107.0,YES,No,No,Yes,4.3,4.9,3.2,86.0,154.0,78.0,2.1,No,Unknown"
"H01310,Coimbatore Care Hospital 1310,Chennai,Government,1010.0,1464.0,46.0,Yes,No,No,No,4.4,4.1,5.0,33.0,177.0,50.0,3.3,yes,Smart Hospital"
"H01311,Delhi Care Hospital 1311,Chennai,Government,915.0,1741.0,98.0,yes,Yes,No,Yes,4.0,2.7,4.1,39.0,152.0,93.0,4.6,Yes,Digital Patient Care"
"H01312,Madurai Care Hospital 1312,Delhi,Specialty,800.8190675017397,1161.0,110.0,No,Yes,No,Yes,2.5,3.3,3.5,86.0,144.0,99.0,2.8,Yes,AI Healthcare"
"H01313,Delhi Care Hospital 1313,Coimbatore,Specialty,1009.0,1128.0,123.0,No,YES,No,Yes,3.7,3.7,2.7,48.0,202.0,97.0,2.5,No,Contactless Healthcare"
"H01314,Jaipur Care Hospital 1314,Coimbatore,Specialty,114.0,1606.0,37.0,YES,YES,No,No,5.0,4.2,3.2,45.0,10.0,62.0,3.5,No,Green Hospital"
"H01315,Kochi Care Hospital 1315,Delhi,Specialty,699.0,817.0,122.0,YES,NO,Yes,Yes,3.0,4.3,2.3,55.0,82.0,84.0,4.7,yes,IoT Healthcare"
"H01316,Bengaluru Care Hospital 1316,Hyderabad,Multispeciality,821.0,783.0,21.0,No,Yes,Yes,No,3.3,4.8,4.7,57.0,218.0,91.0,2.8,Yes,IoT Healthcare"
"H01317,Kochi Care Hospital 1317,Chennai,Specialty,1145.0,189.0,75.0,YES,No,Yes,Yes,3.2,3.5,3.5,71.0,115.0,86.0,4.2,YES,Enhanced Security"
"H01318,Coimbatore Care Hospital 1318,Hyderabad,Specialty,591.0,1128.0,12.0,YES,Yes,Yes,Yes,3.5,2.1,2.8,67.0,116.0,72.0,3.2,No,Contactless Healthcare"
"H01319,Delhi Care Hospital 1319,Coimbatore,Multispeciality,1349.0,1043.0,75.0,Yes,YES,No,No,4.2,2.4,3.5,39.0,125.0,64.0,2.8,YES,Smart Hospital"
"H01320,Pune Care Hospital 1320,Hyderabad,Specialty,1282.0,1582.0,105.0,YES,No,No,No,2.8,3.0,3.1,81.0,42.0,63.0,4.9,Yes,Enhanced Security"
"H01321,Bengaluru Care Hospital 1321,Coimbatore,Government,844.0,584.0,75.0,yes,YES,Yes,Yes,3.0,4.4,3.5,49.0,30.0,82.0,2.3,YES,Unknown"
"H01322,Jaipur Care Hospital 1322,Pune,Government,800.8190675017397,714.0,79.0,yes,NO,No,Yes,3.5,2.9,2.3,49.0,58.0,79.0,4.9,No,AI Healthcare"
"H01323,Delhi Care Hospital 1323,Hyderabad,Specialty,800.8190675017397,1058.0,143.0,YES,No,No,Yes,4.1,4.9,4.9,90.0,130.0,62.0,2.3,Yes,Smart Hospital"
"H01324,Coimbatore Care Hospital 1324,Bengaluru,Private,103.0,553.0,75.0,Yes,Yes,Yes,Yes,4.3,4.9,3.7,62.0,156.0,57.0,3.5,YES,Green Hospital"
"H01325,Hyderabad Care Hospital 1325,Hyderabad,Government,1326.0,1042.0,134.0,No,Yes,No,No,4.0,4.8,4.0,69.0,116.0,84.0,3.8,Yes,AI Healthcare"
"H01326,Madurai Care Hospital 1326,Madurai,Specialty,559.0,1843.0,81.0,yes,YES,No,Yes,4.6,4.1,4.8,48.0,47.0,94.0,2.1,Yes,Smart Hospital"
"H01327,Bengaluru Care Hospital 1327,Bengaluru,Private,455.0,1268.0,64.0,YES,No,No,No,4.6,2.4,4.1,40.0,74.0,71.0,2.5,yes,AI Healthcare"
"H01328,Bengaluru Care Hospital 1328,Mumbai,Private,899.0,1782.0,104.0,Yes,Yes,No,Yes,2.6,3.6,3.4,45.0,114.0,58.0,3.5,YES,Enhanced Security"
"H01329,Chennai Care Hospital 1329,Mumbai,Specialty,279.0,1878.0,86.0,YES,No,Yes,No,2.5,4.8,2.9,33.0,43.0,75.0,3.6,YES,Green Hospital"
"H01330,Kochi Care Hospital 1330,Madurai,Specialty,1020.0,1128.0,80.0,No,NO,No,Yes,4.4,2.8,4.3,41.0,102.0,64.0,3.0,yes,AI Healthcare"
"H01331,Madurai Care Hospital 1331,Madurai,Multispeciality,122.0,2029.0,60.0,yes,Yes,No,Yes,2.7,4.7,3.5,67.0,17.0,69.0,4.1,No,Patient-Centric Care"
"H01332,Jaipur Care Hospital 1332,Chennai,Multispeciality,1194.0,1590.0,116.0,yes,YES,Yes,Yes,2.2,4.3,4.4,54.0,156.0,53.0,2.0,YES,AI Healthcare"
"H01333,Kochi Care Hospital 1333,Hyderabad,Private,800.8190675017397,1155.0,23.0,Yes,Yes,No,Yes,4.7,4.4,3.5,59.0,90.0,92.0,4.7,Yes,Green Hospital"
"H01334,Mumbai Care Hospital 1334,Mumbai,Specialty,513.0,1415.0,51.0,yes,YES,No,Yes,4.6,3.5,4.1,34.0,215.0,86.0,4.5,yes,Contactless Healthcare"
"H01335,Kochi Care Hospital 1335,Hyderabad,Private,490.0,2033.0,50.0,No,Yes,No,No,4.5,4.9,4.6,50.0,145.0,61.0,3.0,No,Smart Hospital"
"H01336,Mumbai Care Hospital 1336,Coimbatore,Specialty,752.0,1025.0,73.0,YES,Yes,Yes,No,2.4,4.3,2.5,33.0,7.0,54.0,2.0,YES,Green Hospital"
"H01337,Delhi Care Hospital 1337,Bengaluru,Multispeciality,575.0,726.0,11.0,YES,No,No,Yes,2.7,3.7,2.4,71.0,14.0,84.0,3.1,yes,Unknown"
"H01338,Mumbai Care Hospital 1338,Delhi,Specialty,800.8190675017397,1110.0,14.0,yes,NO,Yes,No,2.3,3.6,4.5,56.0,198.0,52.0,2.7,Yes,Digital Patient Care"
"H01339,Jaipur Care Hospital 1339,Jaipur,Private,1428.0,1190.0,48.0,YES,No,No,Yes,3.2,2.8,4.3,51.0,71.0,66.0,2.9,No,Green Hospital"
"H01340,Jaipur Care Hospital 1340,Hyderabad,Specialty,1347.0,1442.0,62.0,YES,NO,No,Yes,3.0,2.3,3.5,61.0,169.0,60.0,3.5,Yes,IoT Healthcare"
"H01341,Madurai Care Hospital 1341,Chennai,Multispeciality,800.8190675017397,2055.0,70.0,YES,NO,No,No,2.2,4.8,3.9,63.0,190.0,59.0,3.5,No,Smart Hospital"
"H01342,Delhi Care Hospital 1342,Kochi,Multispeciality,901.0,1511.0,6.0,YES,Yes,Yes,Yes,2.4,4.3,2.9,87.0,198.0,65.0,2.8,YES,Patient-Centric Care"
"H01343,Delhi Care Hospital 1343,Mumbai,Multispeciality,608.0,1128.0,100.0,Yes,No,No,No,4.9,3.6,2.3,68.0,63.0,62.0,2.9,Yes,IoT Healthcare"
"H01344,Madurai Care Hospital 1344,Hyderabad,Multispeciality,1289.0,195.0,37.0,No,YES,Yes,Yes,2.2,3.3,4.1,35.0,210.0,50.0,3.8,Yes,AI Healthcare"
"H01345,Hyderabad Care Hospital 1345,Hyderabad,Multispeciality,1095.0,1128.0,91.0,Yes,NO,Yes,No,2.6,4.8,2.6,61.0,88.0,63.0,3.1,Yes,Unknown"
"H01346,Pune Care Hospital 1346,Hyderabad,Private,1135.0,1685.0,64.0,YES,No,No,Yes,3.5,3.2,2.5,81.0,163.0,75.0,3.5,Yes,Enhanced Security"
"H01347,Mumbai Care Hospital 1347,Coimbatore,Government,671.0,1128.0,147.0,Yes,YES,Yes,Yes,4.8,4.6,4.8,67.0,196.0,91.0,4.8,YES,Enhanced Security"
"H01348,Hyderabad Care Hospital 1348,Hyderabad,Multispeciality,517.0,1128.0,88.0,No,No,No,No,3.4,4.0,4.6,98.0,116.0,83.0,2.3,YES,Digital Patient Care"
"H01349,Delhi Care Hospital 1349,Chennai,Specialty,858.0,1128.0,75.0,yes,No,Yes,No,3.5,3.4,3.3,85.0,102.0,77.0,3.9,YES,IoT Healthcare"
"H01350,Kochi Care Hospital 1350,Chennai,Government,1199.0,338.0,113.0,YES,No,Yes,Yes,2.3,4.0,4.1,38.0,117.0,93.0,2.8,yes,Enhanced Security"
"H01351,Hyderabad Care Hospital 1351,Hyderabad,Government,486.0,1001.0,75.0,Yes,No,No,No,2.2,4.5,2.6,62.0,145.0,62.0,3.9,No,Unknown"
"H01352,Bengaluru Care Hospital 1352,Coimbatore,Specialty,1062.0,246.0,55.0,YES,YES,Yes,No,3.9,3.1,3.9,69.0,54.0,75.0,3.0,YES,Enhanced Security"
"H01353,Kochi Care Hospital 1353,Coimbatore,Specialty,1144.0,716.0,88.0,yes,Yes,Yes,No,3.9,4.7,3.5,31.0,116.0,60.0,2.2,No,IoT Healthcare"
"H01354,Mumbai Care Hospital 1354,Mumbai,Multispeciality,506.0,1811.0,119.0,YES,Yes,No,No,4.1,4.6,3.7,100.0,116.0,52.0,2.4,YES,Patient-Centric Care"
"H01355,Hyderabad Care Hospital 1355,Bengaluru,Multispeciality,800.8190675017397,1128.0,67.0,No,No,No,No,3.5,4.3,2.8,42.0,114.0,66.0,4.6,yes,Digital Patient Care"
"H01356,Coimbatore Care Hospital 1356,Jaipur,Specialty,458.0,1128.0,49.0,YES,Yes,Yes,No,2.1,2.8,3.5,78.0,7.0,75.0,3.5,No,Green Hospital"
"H01357,Delhi Care Hospital 1357,Pune,Specialty,732.0,1776.0,19.0,No,No,Yes,No,3.5,4.4,4.7,86.0,21.0,69.0,3.7,Yes,AI Healthcare"
"H01358,Madurai Care Hospital 1358,Kochi,Multispeciality,1057.0,929.0,13.0,yes,Yes,No,Yes,3.7,3.5,4.7,34.0,141.0,62.0,4.1,yes,Contactless Healthcare"
"H01359,Madurai Care Hospital 1359,Coimbatore,Multispeciality,346.0,1128.0,141.0,yes,YES,Yes,No,3.1,4.7,2.2,39.0,190.0,57.0,4.4,No,IoT Healthcare"
"H01360,Coimbatore Care Hospital 1360,Hyderabad,Private,534.0,247.0,104.0,yes,No,No,No,2.3,3.1,3.5,66.0,171.0,95.0,3.6,No,Enhanced Security"
"H01361,Bengaluru Care Hospital 1361,Chennai,Multispeciality,671.0,1482.0,143.0,yes,NO,Yes,No,4.2,3.3,2.6,35.0,65.0,72.0,3.4,Yes,Patient-Centric Care"
"H01362,Bengaluru Care Hospital 1362,Hyderabad,Multispeciality,1000.0,934.0,116.0,Yes,NO,Yes,No,3.9,4.9,4.2,61.0,68.0,73.0,3.8,No,Unknown"
"H01363,Kochi Care Hospital 1363,Chennai,Government,977.0,348.0,99.0,YES,NO,Yes,No,3.7,3.9,2.1,67.0,144.0,82.0,3.9,YES,AI Healthcare"
"H01364,Mumbai Care Hospital 1364,Pune,Government,921.0,1128.0,44.0,yes,Yes,Yes,Yes,3.5,2.5,3.5,67.0,116.0,91.0,3.0,yes,Unknown"
"H01365,Kochi Care Hospital 1365,Chennai,Specialty,294.0,291.0,75.0,Yes,Yes,Yes,Yes,4.8,2.3,2.1,48.0,203.0,71.0,4.7,yes,Digital Patient Care"
"H01366,Kochi Care Hospital 1366,Madurai,Multispeciality,719.0,1913.0,6.0,Yes,Yes,Yes,No,2.5,4.8,3.5,96.0,203.0,87.0,4.7,No,Digital Patient Care"
"H01367,Mumbai Care Hospital 1367,Hyderabad,Specialty,200.0,622.0,75.0,No,Yes,No,No,3.6,2.6,3.3,88.0,184.0,74.0,2.6,yes,Enhanced Security"
"H01368,Hyderabad Care Hospital 1368,Bengaluru,Specialty,1494.0,1202.0,75.0,No,Yes,No,No,4.2,4.1,3.5,51.0,23.0,70.0,3.1,No,Green Hospital"
"H01369,Madurai Care Hospital 1369,Madurai,Specialty,800.8190675017397,1074.0,131.0,No,Yes,Yes,Yes,3.9,2.8,4.5,81.0,119.0,83.0,3.5,No,Digital Patient Care"
"H01370,Pune Care Hospital 1370,Pune,Government,800.8190675017397,431.0,6.0,yes,Yes,Yes,Yes,4.8,2.7,3.5,83.0,216.0,78.0,4.0,Yes,Patient-Centric Care"
"H01371,Chennai Care Hospital 1371,Madurai,Private,772.0,276.0,47.0,yes,No,Yes,No,4.6,3.9,4.4,67.0,191.0,98.0,2.5,No,Digital Patient Care"
"H01372,Jaipur Care Hospital 1372,Delhi,Multispeciality,1453.0,522.0,121.0,YES,No,Yes,No,2.7,3.5,4.4,76.0,116.0,75.0,3.3,YES,Enhanced Security"
"H01373,Hyderabad Care Hospital 1373,Mumbai,Private,899.0,2157.0,134.0,Yes,Yes,Yes,Yes,3.5,4.2,3.5,37.0,119.0,57.0,4.8,YES,Smart Hospital"
"H01374,Pune Care Hospital 1374,Hyderabad,Private,212.0,1524.0,52.0,Yes,Yes,No,Yes,3.2,3.5,2.3,67.0,58.0,52.0,2.1,yes,Smart Hospital"
"H01375,Pune Care Hospital 1375,Kochi,Private,222.0,608.0,49.0,YES,NO,Yes,Yes,3.9,3.5,3.5,82.0,20.0,59.0,3.1,YES,Enhanced Security"
"H01376,Madurai Care Hospital 1376,Chennai,Specialty,197.0,514.0,8.0,YES,NO,No,Yes,4.3,2.9,4.2,86.0,124.0,77.0,4.2,No,IoT Healthcare"
"H01377,Madurai Care Hospital 1377,Delhi,Government,983.0,1313.0,13.0,Yes,No,Yes,Yes,4.7,2.3,2.3,34.0,116.0,94.0,3.3,No,Patient-Centric Care"
"H01378,Chennai Care Hospital 1378,Jaipur,Multispeciality,495.0,552.0,7.0,No,YES,Yes,No,4.8,2.7,4.3,34.0,110.0,94.0,4.5,yes,Digital Patient Care"
"H01379,Bengaluru Care Hospital 1379,Kochi,Government,733.0,1796.0,62.0,YES,NO,Yes,No,3.8,2.1,3.5,67.0,16.0,75.0,3.2,YES,Enhanced Security"
"H01380,Bengaluru Care Hospital 1380,Hyderabad,Government,800.8190675017397,1743.0,56.0,YES,No,Yes,Yes,2.9,2.6,4.2,91.0,36.0,88.0,3.0,yes,Unknown"
"H01381,Madurai Care Hospital 1381,Kochi,Specialty,1457.0,279.0,59.0,No,YES,Yes,Yes,2.8,2.6,2.6,82.0,47.0,72.0,3.9,No,Green Hospital"
"H01382,Jaipur Care Hospital 1382,Chennai,Specialty,1056.0,218.0,55.0,No,YES,Yes,Yes,2.4,4.4,4.5,70.0,81.0,68.0,2.5,YES,Patient-Centric Care"
"H01383,Coimbatore Care Hospital 1383,Madurai,Specialty,800.8190675017397,1962.0,29.0,yes,No,Yes,No,2.7,3.5,3.9,96.0,75.0,74.0,4.2,No,Smart Hospital"
"H01384,Chennai Care Hospital 1384,Pune,Specialty,1116.0,2090.0,113.0,Yes,YES,Yes,No,3.8,4.7,4.1,67.0,129.0,51.0,4.8,Yes,Smart Hospital"
"H01385,Chennai Care Hospital 1385,Bengaluru,Government,1126.0,663.0,75.0,YES,No,No,Yes,2.3,3.7,4.7,51.0,169.0,71.0,3.2,Yes,AI Healthcare"
"H01386,Madurai Care Hospital 1386,Pune,Multispeciality,887.0,956.0,5.0,No,YES,No,Yes,2.8,2.8,2.4,94.0,154.0,75.0,4.7,Yes,Patient-Centric Care"
"H01387,Chennai Care Hospital 1387,Kochi,Multispeciality,1264.0,1240.0,12.0,Yes,No,No,No,2.6,4.7,2.0,70.0,48.0,83.0,3.5,Yes,Contactless Healthcare"
"H01388,Jaipur Care Hospital 1388,Coimbatore,Government,158.0,1601.0,51.0,No,YES,No,Yes,4.6,4.7,3.9,38.0,110.0,75.0,2.7,yes,IoT Healthcare"
"H01389,Bengaluru Care Hospital 1389,Hyderabad,Government,1461.0,1239.0,149.0,YES,NO,No,Yes,2.1,3.7,2.9,45.0,120.0,51.0,4.5,No,Patient-Centric Care"
"H01390,Pune Care Hospital 1390,Coimbatore,Private,672.0,956.0,81.0,yes,No,Yes,No,4.5,3.5,3.7,31.0,151.0,70.0,3.4,No,Digital Patient Care"
"H01391,Coimbatore Care Hospital 1391,Mumbai,Specialty,590.0,940.0,20.0,No,NO,Yes,No,3.6,3.3,2.3,96.0,57.0,72.0,4.7,No,Patient-Centric Care"
"H01392,Jaipur Care Hospital 1392,Hyderabad,Multispeciality,193.0,454.0,71.0,YES,YES,No,No,4.6,3.3,3.5,73.0,121.0,67.0,3.5,No,AI Healthcare"
"H01393,Jaipur Care Hospital 1393,Coimbatore,Specialty,83.0,868.0,17.0,No,YES,Yes,Yes,2.0,3.3,3.2,52.0,107.0,54.0,3.0,Yes,Digital Patient Care"
"H01394,Pune Care Hospital 1394,Pune,Government,1334.0,1306.0,37.0,Yes,No,No,No,4.8,2.2,4.7,44.0,167.0,86.0,2.2,yes,Smart Hospital"
"H01395,Jaipur Care Hospital 1395,Hyderabad,Private,290.0,1023.0,43.0,No,No,Yes,No,3.5,4.2,2.7,51.0,163.0,89.0,4.6,YES,Smart Hospital"
"H01396,Pune Care Hospital 1396,Chennai,Specialty,406.0,1156.0,49.0,Yes,Yes,Yes,No,3.6,4.7,4.8,87.0,211.0,80.0,2.4,No,AI Healthcare"
"H01397,Madurai Care Hospital 1397,Hyderabad,Multispeciality,565.0,1047.0,150.0,Yes,YES,Yes,No,4.9,3.3,3.3,67.0,134.0,75.0,2.9,No,IoT Healthcare"
"H01398,Coimbatore Care Hospital 1398,Bengaluru,Specialty,1367.0,286.0,12.0,yes,YES,No,Yes,4.0,3.0,3.0,92.0,117.0,64.0,3.5,No,AI Healthcare"
"H01399,Chennai Care Hospital 1399,Kochi,Specialty,1466.0,622.0,75.0,Yes,NO,No,Yes,4.2,4.5,2.0,67.0,28.0,76.0,2.9,Yes,Contactless Healthcare"
"H01400,Mumbai Care Hospital 1400,Chennai,Specialty,800.8190675017397,899.0,128.0,No,YES,Yes,Yes,3.6,3.6,3.8,97.0,158.0,96.0,3.9,No,IoT Healthcare"
"H01401,Hyderabad Care Hospital 1401,Hyderabad,Government,968.0,1354.0,75.0,yes,YES,Yes,Yes,3.2,3.5,3.3,53.0,156.0,96.0,4.0,yes,Digital Patient Care"
"H01402,Delhi Care Hospital 1402,Coimbatore,Private,995.0,1356.0,75.0,yes,No,Yes,Yes,4.8,4.0,4.5,47.0,191.0,98.0,4.6,No,Enhanced Security"
"H01403,Jaipur Care Hospital 1403,Jaipur,Specialty,1326.0,1001.0,71.0,yes,No,Yes,No,2.4,4.7,4.8,39.0,91.0,64.0,4.2,YES,Contactless Healthcare"
"H01404,Jaipur Care Hospital 1404,Hyderabad,Specialty,1041.0,1430.0,75.0,yes,YES,Yes,Yes,4.6,4.8,2.8,56.0,124.0,55.0,5.0,Yes,AI Healthcare"
"H01405,Hyderabad Care Hospital 1405,Hyderabad,Specialty,730.0,1798.0,64.0,No,YES,Yes,No,5.0,2.4,3.0,40.0,116.0,91.0,3.1,No,Patient-Centric Care"
"H01406,Bengaluru Care Hospital 1406,Jaipur,Multispeciality,1485.0,1189.0,41.0,yes,Yes,Yes,No,4.4,4.7,4.1,58.0,191.0,93.0,2.0,No,AI Healthcare"
"H01407,Bengaluru Care Hospital 1407,Madurai,Government,800.8190675017397,1653.0,75.0,No,Yes,Yes,Yes,3.6,2.3,4.6,33.0,190.0,50.0,3.0,No,Patient-Centric Care"
"H01408,Mumbai Care Hospital 1408,Kochi,Private,502.0,1554.0,15.0,YES,No,Yes,Yes,3.0,3.5,4.1,30.0,210.0,83.0,3.6,No,Smart Hospital"
"H01409,Pune Care Hospital 1409,Hyderabad,Specialty,800.8190675017397,451.0,37.0,yes,NO,No,Yes,2.2,4.9,3.2,85.0,192.0,75.0,3.5,No,Contactless Healthcare"
"H01410,Bengaluru Care Hospital 1410,Bengaluru,Specialty,1376.0,1200.0,150.0,YES,Yes,Yes,Yes,4.2,3.8,3.2,47.0,149.0,50.0,4.4,yes,Digital Patient Care"
"H01411,Chennai Care Hospital 1411,Madurai,Specialty,1246.0,1608.0,136.0,Yes,NO,No,Yes,3.5,3.8,4.6,41.0,94.0,81.0,3.8,No,Patient-Centric Care"
"H01412,Pune Care Hospital 1412,Coimbatore,Specialty,1195.0,563.0,88.0,No,NO,No,Yes,2.8,2.2,3.3,55.0,188.0,75.0,4.1,Yes,IoT Healthcare"
"H01413,Madurai Care Hospital 1413,Bengaluru,Multispeciality,1386.0,625.0,98.0,No,No,Yes,No,4.7,4.2,2.9,97.0,127.0,81.0,4.3,No,Unknown"
"H01414,Chennai Care Hospital 1414,Madurai,Multispeciality,551.0,2127.0,117.0,YES,YES,Yes,Yes,2.2,3.9,3.5,62.0,75.0,94.0,3.8,No,Patient-Centric Care"
"H01415,Chennai Care Hospital 1415,Pune,Government,1351.0,847.0,99.0,YES,No,No,No,3.5,4.9,3.0,67.0,112.0,68.0,4.8,No,Smart Hospital"
"H01416,Chennai Care Hospital 1416,Coimbatore,Multispeciality,637.0,181.0,75.0,Yes,YES,No,Yes,4.0,2.8,4.8,62.0,152.0,92.0,4.6,YES,IoT Healthcare"
"H01417,Jaipur Care Hospital 1417,Hyderabad,Government,631.0,570.0,113.0,No,YES,No,Yes,4.5,4.7,3.5,49.0,118.0,70.0,2.5,Yes,Unknown"
"H01418,Bengaluru Care Hospital 1418,Pune,Multispeciality,1163.0,753.0,98.0,yes,NO,No,Yes,2.8,4.3,3.5,77.0,201.0,100.0,3.5,No,Smart Hospital"
"H01419,Mumbai Care Hospital 1419,Pune,Private,159.0,256.0,68.0,No,No,Yes,Yes,2.9,3.5,5.0,84.0,208.0,75.0,3.3,No,Digital Patient Care"
"H01420,Bengaluru Care Hospital 1420,Kochi,Private,1283.0,166.0,75.0,yes,YES,Yes,No,2.1,4.2,3.5,83.0,212.0,76.0,2.4,No,Contactless Healthcare"
"H01421,Hyderabad Care Hospital 1421,Hyderabad,Private,730.0,1678.0,27.0,No,No,No,Yes,2.5,2.1,3.6,87.0,62.0,73.0,2.1,No,Smart Hospital"
"H01422,Bengaluru Care Hospital 1422,Madurai,Multispeciality,441.0,1451.0,108.0,YES,YES,No,No,3.7,4.2,4.2,88.0,76.0,94.0,2.5,No,Unknown"
"H01423,Pune Care Hospital 1423,Delhi,Private,1441.0,1770.0,17.0,No,NO,Yes,No,3.2,3.9,2.3,67.0,28.0,98.0,2.0,No,Smart Hospital"
"H01424,Mumbai Care Hospital 1424,Madurai,Private,1106.0,1128.0,116.0,Yes,No,Yes,Yes,4.2,3.4,2.7,32.0,134.0,68.0,3.5,yes,Unknown"
"H01425,Coimbatore Care Hospital 1425,Pune,Government,711.0,1409.0,97.0,yes,No,Yes,Yes,3.5,2.7,3.4,67.0,189.0,96.0,2.6,YES,Unknown"
"H01426,Madurai Care Hospital 1426,Bengaluru,Government,754.0,1128.0,115.0,YES,Yes,Yes,No,2.3,2.8,3.5,35.0,182.0,69.0,4.1,Yes,IoT Healthcare"
"H01427,Madurai Care Hospital 1427,Hyderabad,Private,1358.0,264.0,50.0,No,NO,No,Yes,4.4,3.3,3.5,42.0,200.0,75.0,2.6,Yes,Digital Patient Care"
"H01428,Hyderabad Care Hospital 1428,Coimbatore,Specialty,831.0,1128.0,75.0,No,Yes,Yes,No,3.5,3.5,4.3,45.0,12.0,67.0,2.5,Yes,Patient-Centric Care"
"H01429,Coimbatore Care Hospital 1429,Hyderabad,Multispeciality,212.0,933.0,76.0,YES,Yes,Yes,Yes,4.5,4.6,3.4,51.0,153.0,98.0,2.1,yes,IoT Healthcare"
"H01430,Mumbai Care Hospital 1430,Hyderabad,Multispeciality,509.0,1128.0,60.0,No,No,No,Yes,3.5,4.7,3.5,58.0,168.0,62.0,3.1,No,Contactless Healthcare"
"H01431,Pune Care Hospital 1431,Kochi,Private,1266.0,715.0,42.0,YES,YES,No,Yes,3.9,2.0,3.5,86.0,116.0,95.0,4.1,YES,Contactless Healthcare"
"H01432,Bengaluru Care Hospital 1432,Delhi,Multispeciality,800.8190675017397,1128.0,23.0,yes,No,Yes,Yes,4.2,2.8,3.5,45.0,115.0,75.0,4.6,No,Patient-Centric Care"
"H01433,Chennai Care Hospital 1433,Delhi,Multispeciality,97.0,1681.0,24.0,YES,Yes,Yes,Yes,3.4,2.1,3.0,76.0,116.0,56.0,3.6,No,AI Healthcare"
"H01434,Hyderabad Care Hospital 1434,Hyderabad,Government,1354.0,460.0,148.0,YES,No,No,No,4.3,3.1,4.6,76.0,47.0,83.0,2.3,yes,Green Hospital"
"H01435,Madurai Care Hospital 1435,Mumbai,Private,800.8190675017397,719.0,142.0,Yes,No,No,No,4.2,2.6,4.1,30.0,141.0,87.0,4.2,YES,Patient-Centric Care"
"H01436,Madurai Care Hospital 1436,Kochi,Specialty,586.0,1128.0,29.0,No,YES,Yes,No,3.3,2.8,3.9,42.0,199.0,78.0,4.2,No,Enhanced Security"
"H01437,Madurai Care Hospital 1437,Coimbatore,Private,1373.0,990.0,78.0,Yes,No,No,No,4.5,4.4,2.4,63.0,78.0,83.0,3.3,No,Enhanced Security"
"H01438,Chennai Care Hospital 1438,Bengaluru,Specialty,452.0,2081.0,64.0,yes,YES,No,Yes,2.2,2.3,3.3,91.0,61.0,70.0,2.0,Yes,AI Healthcare"
"H01439,Jaipur Care Hospital 1439,Coimbatore,Private,1124.0,1552.0,139.0,YES,YES,Yes,Yes,4.8,3.6,3.1,61.0,51.0,50.0,2.9,YES,IoT Healthcare"
"H01440,Madurai Care Hospital 1440,Mumbai,Private,953.0,1439.0,75.0,YES,Yes,Yes,Yes,3.8,2.4,5.0,53.0,204.0,65.0,2.7,Yes,Unknown"
"H01441,Madurai Care Hospital 1441,Hyderabad,Private,1343.0,1945.0,66.0,Yes,YES,Yes,No,3.7,3.1,4.4,90.0,115.0,78.0,4.4,yes,Smart Hospital"
"H01442,Pune Care Hospital 1442,Coimbatore,Government,588.0,2195.0,48.0,YES,No,No,Yes,3.4,2.5,4.5,67.0,131.0,50.0,3.5,No,IoT Healthcare"
"H01443,Bengaluru Care Hospital 1443,Delhi,Government,292.0,1706.0,98.0,Yes,No,No,Yes,2.2,2.3,3.5,61.0,47.0,60.0,2.1,No,Digital Patient Care"
"H01444,Mumbai Care Hospital 1444,Coimbatore,Multispeciality,800.8190675017397,1128.0,59.0,yes,No,No,No,4.6,2.5,3.7,74.0,151.0,62.0,4.7,No,AI Healthcare"
"H01445,Hyderabad Care Hospital 1445,Pune,Multispeciality,943.0,1355.0,126.0,No,No,No,No,4.8,2.5,3.6,64.0,69.0,93.0,4.8,YES,Contactless Healthcare"
"H01446,Chennai Care Hospital 1446,Jaipur,Government,871.0,1668.0,75.0,No,YES,Yes,Yes,2.4,3.5,2.7,89.0,116.0,63.0,3.9,Yes,Patient-Centric Care"
"H01447,Coimbatore Care Hospital 1447,Kochi,Government,800.8190675017397,720.0,15.0,yes,No,Yes,No,2.8,3.4,3.0,67.0,131.0,75.0,5.0,No,Smart Hospital"
"H01448,Delhi Care Hospital 1448,Coimbatore,Government,646.0,1128.0,139.0,yes,No,Yes,No,3.2,2.5,3.5,37.0,132.0,89.0,3.1,No,IoT Healthcare"
"H01449,Coimbatore Care Hospital 1449,Hyderabad,Specialty,800.8190675017397,1101.0,75.0,YES,NO,No,Yes,3.6,3.3,4.0,95.0,105.0,68.0,2.5,No,IoT Healthcare"
"H01450,Chennai Care Hospital 1450,Hyderabad,Specialty,436.0,392.0,130.0,Yes,NO,No,Yes,4.4,2.0,3.8,97.0,38.0,53.0,3.1,YES,Smart Hospital"
"H01451,Hyderabad Care Hospital 1451,Chennai,Government,1468.0,588.0,75.0,Yes,Yes,No,No,2.4,3.6,2.7,34.0,47.0,87.0,2.9,YES,Unknown"
"H01452,Chennai Care Hospital 1452,Hyderabad,Specialty,1337.0,1128.0,29.0,YES,No,No,Yes,3.1,3.8,4.6,63.0,208.0,81.0,3.6,YES,Enhanced Security"
"H01453,Madurai Care Hospital 1453,Delhi,Specialty,1266.0,1521.0,34.0,YES,YES,No,Yes,2.7,2.4,2.8,82.0,36.0,100.0,3.5,Yes,IoT Healthcare"
"H01454,Madurai Care Hospital 1454,Bengaluru,Private,1435.0,1642.0,51.0,No,No,No,No,2.0,4.6,2.3,86.0,146.0,54.0,2.7,YES,IoT Healthcare"
"H01455,Chennai Care Hospital 1455,Hyderabad,Multispeciality,560.0,1087.0,79.0,YES,No,No,Yes,2.0,3.5,2.4,67.0,216.0,84.0,4.5,No,Unknown"
"H01456,Chennai Care Hospital 1456,Coimbatore,Specialty,1140.0,763.0,68.0,yes,NO,No,No,2.1,3.8,2.4,67.0,110.0,76.0,2.6,No,AI Healthcare"
"H01457,Hyderabad Care Hospital 1457,Delhi,Government,771.0,603.0,60.0,YES,NO,No,No,3.4,2.8,2.2,38.0,115.0,73.0,3.5,Yes,Patient-Centric Care"
"H01458,Kochi Care Hospital 1458,Pune,Private,1290.0,1225.0,75.0,No,NO,Yes,No,3.2,3.0,3.7,37.0,153.0,95.0,3.1,No,Digital Patient Care"
"H01459,Mumbai Care Hospital 1459,Coimbatore,Specialty,317.0,144.0,70.0,Yes,YES,Yes,No,2.7,2.7,4.5,90.0,170.0,86.0,3.5,No,Digital Patient Care"
"H01460,Bengaluru Care Hospital 1460,Jaipur,Government,1447.0,1376.0,88.0,No,NO,No,Yes,3.5,4.6,2.3,39.0,58.0,91.0,2.8,YES,IoT Healthcare"
"H01461,Pune Care Hospital 1461,Hyderabad,Specialty,196.0,1182.0,14.0,No,YES,Yes,Yes,4.1,4.5,3.5,52.0,52.0,87.0,3.9,No,Patient-Centric Care"
"H01462,Pune Care Hospital 1462,Coimbatore,Multispeciality,519.0,2188.0,144.0,Yes,Yes,No,Yes,3.6,4.9,4.7,82.0,169.0,75.0,4.5,Yes,Contactless Healthcare"
"H01463,Hyderabad Care Hospital 1463,Hyderabad,Private,1403.0,1706.0,106.0,yes,NO,Yes,Yes,4.4,4.5,3.5,67.0,215.0,79.0,2.5,yes,Enhanced Security"
"H01464,Chennai Care Hospital 1464,Coimbatore,Government,486.0,353.0,114.0,Yes,NO,No,No,2.3,3.7,3.5,55.0,13.0,54.0,4.6,Yes,Enhanced Security"
"H01465,Delhi Care Hospital 1465,Bengaluru,Specialty,134.0,1933.0,118.0,Yes,Yes,No,No,3.2,4.1,4.2,79.0,11.0,98.0,3.5,yes,Digital Patient Care"
"H01466,Delhi Care Hospital 1466,Delhi,Specialty,922.0,1128.0,79.0,Yes,No,No,No,2.9,3.5,2.5,70.0,86.0,96.0,2.1,YES,Green Hospital"
"H01467,Madurai Care Hospital 1467,Pune,Specialty,1340.0,1669.0,67.0,YES,No,No,Yes,3.4,3.0,3.4,56.0,10.0,75.0,4.0,yes,Smart Hospital"
"H01468,Mumbai Care Hospital 1468,Kochi,Government,1046.0,1128.0,114.0,Yes,No,Yes,No,2.2,4.9,2.5,68.0,143.0,81.0,2.3,Yes,Smart Hospital"
"H01469,Mumbai Care Hospital 1469,Pune,Specialty,645.0,381.0,77.0,Yes,Yes,Yes,No,2.9,4.0,2.7,76.0,166.0,89.0,4.2,YES,Smart Hospital"
"H01470,Bengaluru Care Hospital 1470,Mumbai,Multispeciality,335.0,200.0,18.0,yes,NO,No,Yes,2.4,2.6,2.1,80.0,215.0,85.0,4.1,YES,AI Healthcare"
"H01471,Bengaluru Care Hospital 1471,Bengaluru,Multispeciality,211.0,2113.0,75.0,YES,NO,Yes,No,4.0,2.6,3.2,78.0,44.0,53.0,2.5,YES,Green Hospital"
"H01472,Hyderabad Care Hospital 1472,Pune,Private,685.0,1574.0,75.0,yes,Yes,No,No,4.2,3.3,3.8,83.0,125.0,66.0,3.1,Yes,AI Healthcare"
"H01473,Kochi Care Hospital 1473,Mumbai,Government,324.0,1128.0,75.0,yes,No,No,Yes,3.6,3.7,4.0,69.0,132.0,90.0,3.5,No,IoT Healthcare"
"H01474,Coimbatore Care Hospital 1474,Delhi,Multispeciality,800.8190675017397,937.0,75.0,yes,No,No,Yes,2.3,3.0,3.3,32.0,180.0,82.0,4.1,Yes,IoT Healthcare"
"H01475,Chennai Care Hospital 1475,Hyderabad,Private,1300.0,1685.0,23.0,YES,No,Yes,No,2.2,3.0,2.9,98.0,73.0,57.0,3.3,yes,AI Healthcare"
"H01476,Coimbatore Care Hospital 1476,Mumbai,Private,800.8190675017397,462.0,122.0,YES,YES,No,No,3.0,3.5,3.0,79.0,96.0,77.0,3.6,No,Contactless Healthcare"
"H01477,Bengaluru Care Hospital 1477,Pune,Government,1067.0,120.0,26.0,Yes,NO,No,Yes,3.5,2.5,4.1,54.0,192.0,93.0,4.2,No,Green Hospital"
"H01478,Mumbai Care Hospital 1478,Bengaluru,Specialty,899.0,1087.0,33.0,Yes,NO,Yes,No,4.2,4.7,3.9,80.0,65.0,55.0,4.1,No,Digital Patient Care"
"H01479,Hyderabad Care Hospital 1479,Hyderabad,Specialty,1015.0,970.0,39.0,yes,No,No,Yes,2.2,3.5,3.4,81.0,114.0,75.0,4.6,yes,Contactless Healthcare"
"H01480,Bengaluru Care Hospital 1480,Coimbatore,Private,800.8190675017397,860.0,90.0,Yes,No,No,Yes,4.0,4.2,4.1,64.0,130.0,50.0,4.6,No,Contactless Healthcare"
"H01481,Delhi Care Hospital 1481,Bengaluru,Government,1274.0,2083.0,68.0,Yes,No,No,No,4.6,3.5,3.5,42.0,181.0,97.0,4.7,No,Patient-Centric Care"
"H01482,Bengaluru Care Hospital 1482,Hyderabad,Specialty,983.0,1199.0,119.0,YES,No,No,Yes,3.3,3.5,3.5,31.0,136.0,75.0,3.0,YES,Green Hospital"
"H01483,Chennai Care Hospital 1483,Coimbatore,Multispeciality,339.0,234.0,110.0,yes,YES,Yes,Yes,4.7,4.9,3.5,38.0,58.0,75.0,4.7,Yes,Unknown"
"H01484,Pune Care Hospital 1484,Madurai,Private,530.0,884.0,144.0,No,YES,Yes,Yes,3.5,3.5,3.5,83.0,209.0,75.0,3.9,No,IoT Healthcare"
"H01485,Madurai Care Hospital 1485,Madurai,Government,243.0,541.0,113.0,YES,No,Yes,Yes,4.5,4.8,2.4,79.0,157.0,65.0,2.8,yes,Enhanced Security"
"H01486,Madurai Care Hospital 1486,Kochi,Government,499.0,1128.0,141.0,YES,YES,No,Yes,4.1,3.5,2.8,67.0,180.0,68.0,4.9,yes,Unknown"
"H01487,Jaipur Care Hospital 1487,Madurai,Government,1495.0,1128.0,13.0,Yes,Yes,No,Yes,4.0,2.6,2.8,50.0,105.0,96.0,3.8,YES,Unknown"
"H01488,Jaipur Care Hospital 1488,Jaipur,Government,800.8190675017397,857.0,117.0,YES,YES,Yes,No,3.5,3.4,4.1,40.0,94.0,59.0,4.9,yes,Smart Hospital"
"H01489,Pune Care Hospital 1489,Chennai,Government,1262.0,2071.0,34.0,No,Yes,Yes,Yes,2.6,4.4,2.8,77.0,173.0,91.0,3.2,No,Patient-Centric Care"
"H01490,Mumbai Care Hospital 1490,Chennai,Multispeciality,195.0,1128.0,27.0,yes,Yes,Yes,No,4.5,2.7,3.8,67.0,129.0,51.0,4.3,Yes,Digital Patient Care"
"H01491,Hyderabad Care Hospital 1491,Mumbai,Specialty,411.0,218.0,93.0,YES,No,Yes,No,4.7,4.9,3.3,67.0,109.0,87.0,2.9,No,Enhanced Security"
"H01492,Chennai Care Hospital 1492,Hyderabad,Government,1261.0,389.0,85.0,No,NO,Yes,Yes,2.2,3.4,3.5,96.0,106.0,52.0,4.4,No,Patient-Centric Care"
"H01493,Mumbai Care Hospital 1493,Chennai,Multispeciality,968.0,2117.0,93.0,No,No,Yes,Yes,2.2,2.5,4.5,90.0,123.0,62.0,3.8,yes,Enhanced Security"
"H01494,Kochi Care Hospital 1494,Madurai,Multispeciality,1017.0,671.0,135.0,Yes,YES,Yes,No,3.6,2.1,4.8,49.0,116.0,75.0,3.4,YES,Patient-Centric Care"
"H01495,Mumbai Care Hospital 1495,Coimbatore,Government,370.0,962.0,75.0,Yes,Yes,No,No,3.0,3.7,2.2,37.0,108.0,92.0,2.6,yes,Enhanced Security"
"H01496,Bengaluru Care Hospital 1496,Madurai,Private,365.0,222.0,140.0,Yes,NO,No,Yes,2.1,2.3,3.3,93.0,116.0,63.0,2.8,No,Contactless Healthcare"
"H01497,Hyderabad Care Hospital 1497,Madurai,Government,1079.0,484.0,91.0,No,No,No,No,4.7,3.7,4.5,91.0,116.0,77.0,2.9,No,Digital Patient Care"
"H01498,Kochi Care Hospital 1498,Pune,Multispeciality,1101.0,1045.0,75.0,Yes,No,No,No,2.2,2.3,2.5,88.0,16.0,69.0,2.9,No,Contactless Healthcare"
"H01499,Coimbatore Care Hospital 1499,Bengaluru,Multispeciality,800.8190675017397,1268.0,112.0,YES,Yes,No,Yes,4.1,3.5,3.6,86.0,37.0,59.0,4.7,YES,Patient-Centric Care"
"H01500,Jaipur Care Hospital 1500,Mumbai,Specialty,1085.0,1325.0,21.0,yes,NO,Yes,Yes,4.7,3.0,4.5,62.0,182.0,99.0,4.9,YES,Green Hospital"
"H01501,Mumbai Care Hospital 1501,Delhi,Private,800.8190675017397,1128.0,120.0,Yes,Yes,Yes,No,4.6,3.5,2.0,80.0,216.0,75.0,4.3,YES,Green Hospital"
"H01502,Coimbatore Care Hospital 1502,Chennai,Multispeciality,829.0,1473.0,42.0,YES,No,No,Yes,2.2,2.9,3.7,67.0,49.0,58.0,3.8,No,Contactless Healthcare"
"H01503,Delhi Care Hospital 1503,Pune,Multispeciality,1188.0,222.0,106.0,yes,Yes,No,Yes,2.6,2.4,2.4,69.0,103.0,100.0,2.9,Yes,Green Hospital"
"H01504,Coimbatore Care Hospital 1504,Jaipur,Multispeciality,389.0,754.0,59.0,YES,Yes,Yes,Yes,5.0,2.7,3.0,54.0,116.0,57.0,3.5,yes,IoT Healthcare"
"H01505,Mumbai Care Hospital 1505,Mumbai,Multispeciality,144.0,700.0,17.0,Yes,NO,Yes,Yes,2.6,4.4,3.8,67.0,194.0,56.0,5.0,YES,Green Hospital"
"H01506,Pune Care Hospital 1506,Chennai,Multispeciality,716.0,541.0,149.0,yes,YES,Yes,No,3.7,2.6,2.9,95.0,91.0,90.0,4.4,YES,Digital Patient Care"
"H01507,Mumbai Care Hospital 1507,Delhi,Government,1492.0,355.0,50.0,No,No,No,Yes,4.6,4.6,2.5,33.0,116.0,69.0,4.7,YES,Smart Hospital"
"H01508,Kochi Care Hospital 1508,Hyderabad,Specialty,666.0,1286.0,77.0,YES,Yes,No,No,2.7,3.7,3.9,45.0,131.0,67.0,2.1,No,Patient-Centric Care"
"H01509,Delhi Care Hospital 1509,Kochi,Private,445.0,399.0,75.0,No,NO,No,No,4.8,3.4,4.5,75.0,128.0,60.0,2.7,YES,IoT Healthcare"
"H01510,Bengaluru Care Hospital 1510,Bengaluru,Government,793.0,1511.0,79.0,Yes,No,Yes,No,4.1,3.1,2.7,37.0,32.0,81.0,3.0,yes,Digital Patient Care"
"H01511,Hyderabad Care Hospital 1511,Coimbatore,Specialty,800.8190675017397,328.0,133.0,YES,Yes,Yes,Yes,3.0,4.4,4.8,35.0,24.0,65.0,4.0,No,Contactless Healthcare"
"H01512,Bengaluru Care Hospital 1512,Hyderabad,Government,1367.0,833.0,75.0,YES,YES,Yes,No,2.7,3.7,3.5,53.0,159.0,90.0,3.5,YES,Unknown"
"H01513,Jaipur Care Hospital 1513,Delhi,Government,559.0,421.0,82.0,YES,NO,Yes,Yes,4.8,4.1,3.3,49.0,123.0,70.0,3.4,No,AI Healthcare"
"H01514,Kochi Care Hospital 1514,Bengaluru,Multispeciality,800.8190675017397,2189.0,24.0,Yes,NO,Yes,Yes,3.5,2.5,4.8,67.0,37.0,94.0,2.1,Yes,Green Hospital"
"H01515,Hyderabad Care Hospital 1515,Jaipur,Private,211.0,1289.0,93.0,YES,No,Yes,No,3.5,4.8,3.5,64.0,116.0,83.0,4.4,No,Patient-Centric Care"
"H01516,Mumbai Care Hospital 1516,Hyderabad,Private,566.0,837.0,71.0,yes,NO,Yes,Yes,3.4,3.1,3.5,56.0,152.0,56.0,3.3,yes,Smart Hospital"
"H01517,Jaipur Care Hospital 1517,Delhi,Government,1313.0,1165.0,49.0,yes,YES,Yes,No,3.8,3.5,3.5,66.0,93.0,83.0,3.5,No,AI Healthcare"
"H01518,Chennai Care Hospital 1518,Mumbai,Government,1253.0,321.0,79.0,No,No,No,No,4.2,2.1,2.1,83.0,60.0,75.0,2.7,YES,AI Healthcare"
"H01519,Mumbai Care Hospital 1519,Hyderabad,Multispeciality,973.0,1550.0,67.0,yes,No,No,Yes,2.9,2.0,4.6,52.0,46.0,94.0,3.9,No,Contactless Healthcare"
"H01520,Pune Care Hospital 1520,Hyderabad,Private,631.0,1705.0,38.0,YES,NO,No,No,4.6,4.2,3.4,86.0,9.0,96.0,2.5,No,AI Healthcare"
"H01521,Mumbai Care Hospital 1521,Jaipur,Multispeciality,1230.0,862.0,17.0,Yes,No,No,Yes,3.3,3.5,3.3,80.0,112.0,63.0,3.8,No,Green Hospital"
"H01522,Delhi Care Hospital 1522,Jaipur,Specialty,800.8190675017397,1109.0,58.0,YES,No,No,No,3.8,4.2,3.3,41.0,91.0,68.0,2.6,Yes,AI Healthcare"
"H01523,Madurai Care Hospital 1523,Madurai,Specialty,1152.0,105.0,110.0,Yes,YES,Yes,No,3.2,4.0,3.7,67.0,87.0,80.0,4.2,Yes,Unknown"
"H01524,Madurai Care Hospital 1524,Madurai,Multispeciality,1268.0,399.0,150.0,YES,Yes,Yes,Yes,2.6,3.5,2.5,67.0,21.0,82.0,2.3,No,Patient-Centric Care"
"H01525,Chennai Care Hospital 1525,Coimbatore,Specialty,376.0,1355.0,97.0,Yes,Yes,Yes,No,3.4,4.7,4.9,41.0,31.0,66.0,2.1,No,Smart Hospital"
"H01526,Chennai Care Hospital 1526,Delhi,Government,834.0,769.0,75.0,No,Yes,No,Yes,2.5,2.4,4.6,87.0,200.0,93.0,3.5,No,Patient-Centric Care"
"H01527,Coimbatore Care Hospital 1527,Hyderabad,Specialty,665.0,1932.0,100.0,No,No,No,No,3.8,4.3,3.2,92.0,137.0,56.0,2.1,No,Digital Patient Care"
"H01528,Bengaluru Care Hospital 1528,Bengaluru,Multispeciality,467.0,1932.0,105.0,YES,No,No,Yes,4.6,3.0,2.3,30.0,168.0,100.0,4.5,yes,Unknown"
"H01529,Madurai Care Hospital 1529,Delhi,Multispeciality,628.0,1128.0,31.0,YES,NO,Yes,Yes,4.7,4.7,4.2,56.0,116.0,97.0,4.2,Yes,Patient-Centric Care"
"H01530,Jaipur Care Hospital 1530,Pune,Specialty,800.8190675017397,968.0,131.0,No,No,No,Yes,4.2,3.5,3.5,89.0,37.0,75.0,3.5,Yes,AI Healthcare"
"H01531,Coimbatore Care Hospital 1531,Jaipur,Multispeciality,800.8190675017397,1942.0,55.0,yes,No,Yes,Yes,2.6,4.7,2.3,68.0,12.0,81.0,3.6,Yes,Unknown"
"H01532,Pune Care Hospital 1532,Madurai,Private,467.0,1445.0,118.0,YES,YES,No,No,5.0,2.3,4.2,34.0,153.0,90.0,4.5,yes,AI Healthcare"
"H01533,Pune Care Hospital 1533,Jaipur,Specialty,543.0,1128.0,137.0,YES,No,Yes,Yes,4.9,2.4,3.7,92.0,146.0,51.0,3.7,Yes,Patient-Centric Care"
"H01534,Chennai Care Hospital 1534,Madurai,Specialty,895.0,59.0,90.0,No,YES,No,No,3.2,3.2,2.7,45.0,188.0,75.0,2.8,yes,IoT Healthcare"
"H01535,Chennai Care Hospital 1535,Hyderabad,Specialty,978.0,461.0,111.0,YES,No,Yes,Yes,2.5,3.1,5.0,89.0,106.0,60.0,3.9,yes,Green Hospital"
"H01536,Pune Care Hospital 1536,Coimbatore,Multispeciality,111.0,1666.0,10.0,Yes,Yes,Yes,Yes,2.1,3.0,3.3,82.0,161.0,74.0,4.7,YES,Enhanced Security"
"H01537,Chennai Care Hospital 1537,Madurai,Government,1350.0,646.0,92.0,YES,NO,Yes,Yes,4.6,3.5,3.7,42.0,66.0,90.0,4.5,No,Green Hospital"
"H01538,Hyderabad Care Hospital 1538,Bengaluru,Multispeciality,1368.0,1107.0,117.0,YES,YES,No,Yes,4.9,4.7,3.3,94.0,48.0,65.0,4.9,YES,Unknown"
"H01539,Mumbai Care Hospital 1539,Madurai,Government,172.0,973.0,78.0,yes,No,No,No,3.2,2.7,2.0,40.0,191.0,59.0,4.2,Yes,Contactless Healthcare"
"H01540,Kochi Care Hospital 1540,Madurai,Private,938.0,159.0,150.0,No,No,Yes,No,4.3,2.1,3.5,87.0,196.0,77.0,2.4,yes,Digital Patient Care"
"H01541,Kochi Care Hospital 1541,Mumbai,Private,800.8190675017397,1821.0,12.0,No,YES,No,No,4.2,3.7,2.3,81.0,165.0,75.0,3.6,No,Digital Patient Care"
"H01542,Delhi Care Hospital 1542,Jaipur,Multispeciality,815.0,1169.0,72.0,No,No,Yes,Yes,4.5,3.9,4.6,81.0,214.0,68.0,5.0,No,IoT Healthcare"
"H01543,Pune Care Hospital 1543,Hyderabad,Government,1160.0,831.0,31.0,YES,No,No,Yes,2.4,3.9,3.3,80.0,45.0,75.0,3.4,Yes,Enhanced Security"
"H01544,Hyderabad Care Hospital 1544,Kochi,Specialty,232.0,391.0,24.0,No,NO,No,No,4.8,2.7,2.4,39.0,37.0,89.0,4.9,No,Contactless Healthcare"
"H01545,Mumbai Care Hospital 1545,Chennai,Multispeciality,1260.0,1664.0,38.0,YES,No,No,No,4.9,2.8,3.5,97.0,62.0,98.0,4.1,No,IoT Healthcare"
"H01546,Pune Care Hospital 1546,Chennai,Multispeciality,800.8190675017397,1989.0,100.0,YES,Yes,No,No,3.5,4.6,2.6,88.0,57.0,61.0,2.3,Yes,Smart Hospital"
"H01547,Jaipur Care Hospital 1547,Madurai,Specialty,364.0,1697.0,75.0,Yes,YES,No,Yes,4.9,4.1,2.9,54.0,161.0,78.0,3.0,Yes,Smart Hospital"
"H01548,Bengaluru Care Hospital 1548,Jaipur,Specialty,800.8190675017397,118.0,59.0,Yes,No,Yes,No,4.9,2.2,2.5,74.0,202.0,97.0,2.8,Yes,Digital Patient Care"
"H01549,Madurai Care Hospital 1549,Jaipur,Specialty,1459.0,826.0,67.0,Yes,No,No,No,2.7,3.4,4.6,33.0,219.0,76.0,4.7,No,Smart Hospital"
"H01550,Delhi Care Hospital 1550,Coimbatore,Specialty,147.0,1128.0,128.0,yes,Yes,Yes,No,4.8,3.9,5.0,43.0,48.0,75.0,2.7,YES,Unknown"
"H01551,Mumbai Care Hospital 1551,Hyderabad,Private,1009.0,1209.0,126.0,YES,No,No,No,2.5,3.5,4.3,53.0,132.0,67.0,4.1,Yes,Enhanced Security"
"H01552,Chennai Care Hospital 1552,Jaipur,Multispeciality,968.0,1979.0,98.0,YES,Yes,Yes,Yes,4.6,2.1,3.6,52.0,101.0,53.0,3.4,Yes,Patient-Centric Care"
"H01553,Kochi Care Hospital 1553,Hyderabad,Private,927.0,1915.0,75.0,Yes,Yes,Yes,No,3.5,2.2,2.4,86.0,181.0,51.0,4.5,YES,Patient-Centric Care"
"H01554,Delhi Care Hospital 1554,Madurai,Specialty,1377.0,119.0,44.0,Yes,NO,Yes,Yes,2.3,3.3,2.7,65.0,207.0,75.0,3.5,yes,Green Hospital"
"H01555,Hyderabad Care Hospital 1555,Hyderabad,Specialty,961.0,1868.0,34.0,yes,NO,No,No,3.9,4.4,4.4,75.0,12.0,93.0,4.5,Yes,Enhanced Security"
"H01556,Jaipur Care Hospital 1556,Pune,Private,1214.0,207.0,10.0,yes,No,No,No,4.0,3.6,3.5,91.0,219.0,75.0,3.7,yes,Contactless Healthcare"
"H01557,Mumbai Care Hospital 1557,Chennai,Multispeciality,1198.0,509.0,119.0,Yes,Yes,No,Yes,4.7,4.2,3.7,43.0,105.0,50.0,2.9,yes,Smart Hospital"
"H01558,Pune Care Hospital 1558,Jaipur,Multispeciality,741.0,1128.0,59.0,YES,No,Yes,Yes,4.9,3.5,3.2,43.0,127.0,74.0,2.4,YES,Smart Hospital"
"H01559,Chennai Care Hospital 1559,Madurai,Multispeciality,810.0,1918.0,10.0,No,NO,No,Yes,2.0,3.5,5.0,69.0,73.0,76.0,3.1,YES,Green Hospital"
"H01560,Delhi Care Hospital 1560,Madurai,Specialty,539.0,474.0,131.0,yes,No,No,Yes,3.8,2.2,2.5,70.0,203.0,68.0,4.8,yes,Patient-Centric Care"
"H01561,Mumbai Care Hospital 1561,Mumbai,Specialty,398.0,2169.0,52.0,YES,YES,Yes,No,2.8,2.8,3.5,60.0,26.0,95.0,2.1,yes,IoT Healthcare"
"H01562,Coimbatore Care Hospital 1562,Mumbai,Specialty,924.0,2169.0,124.0,YES,NO,Yes,Yes,3.5,3.7,3.1,74.0,70.0,57.0,3.5,YES,Digital Patient Care"
"H01563,Delhi Care Hospital 1563,Bengaluru,Specialty,1345.0,2188.0,35.0,yes,Yes,No,No,3.5,4.5,2.6,67.0,116.0,93.0,3.8,yes,Unknown"
"H01564,Chennai Care Hospital 1564,Mumbai,Government,1418.0,1292.0,110.0,Yes,NO,No,Yes,4.9,3.2,2.7,57.0,165.0,65.0,4.4,yes,Contactless Healthcare"
"H01565,Kochi Care Hospital 1565,Kochi,Government,552.0,220.0,14.0,YES,No,Yes,Yes,3.5,2.3,3.4,58.0,54.0,60.0,3.5,yes,Unknown"
"H01566,Mumbai Care Hospital 1566,Coimbatore,Government,646.0,1208.0,147.0,yes,No,Yes,Yes,4.2,2.6,3.3,90.0,175.0,62.0,3.6,YES,Contactless Healthcare"
"H01567,Madurai Care Hospital 1567,Chennai,Government,800.8190675017397,2060.0,82.0,yes,NO,Yes,Yes,2.8,4.5,3.6,32.0,92.0,95.0,4.2,Yes,Enhanced Security"
"H01568,Madurai Care Hospital 1568,Jaipur,Specialty,1217.0,125.0,15.0,Yes,No,No,No,3.1,3.5,4.3,85.0,36.0,95.0,2.2,YES,Green Hospital"
"H01569,Jaipur Care Hospital 1569,Bengaluru,Specialty,1041.0,1937.0,35.0,No,No,Yes,No,3.5,2.4,4.3,99.0,209.0,65.0,4.4,Yes,Smart Hospital"
"H01570,Hyderabad Care Hospital 1570,Coimbatore,Multispeciality,1354.0,1993.0,75.0,No,No,No,Yes,2.4,2.0,3.5,67.0,116.0,75.0,2.7,yes,Contactless Healthcare"
"H01571,Kochi Care Hospital 1571,Mumbai,Multispeciality,184.0,789.0,46.0,yes,YES,Yes,Yes,2.8,3.5,4.2,53.0,61.0,83.0,3.1,yes,Green Hospital"
"H01572,Jaipur Care Hospital 1572,Chennai,Multispeciality,1433.0,478.0,94.0,YES,No,No,Yes,4.3,4.6,4.2,69.0,164.0,55.0,4.0,yes,Enhanced Security"
"H01573,Chennai Care Hospital 1573,Delhi,Specialty,212.0,714.0,111.0,yes,NO,No,Yes,3.8,3.5,3.6,83.0,106.0,95.0,3.0,Yes,IoT Healthcare"
"H01574,Coimbatore Care Hospital 1574,Madurai,Government,789.0,555.0,17.0,Yes,No,No,Yes,4.0,3.4,3.5,91.0,99.0,83.0,3.5,YES,Green Hospital"
"H01575,Chennai Care Hospital 1575,Coimbatore,Government,1295.0,1156.0,97.0,YES,No,No,No,3.4,4.5,3.9,80.0,214.0,51.0,2.3,No,Patient-Centric Care"
"H01576,Jaipur Care Hospital 1576,Coimbatore,Private,800.8190675017397,1128.0,75.0,YES,Yes,No,Yes,2.5,3.5,3.5,50.0,135.0,65.0,4.7,YES,Enhanced Security"
"H01577,Delhi Care Hospital 1577,Mumbai,Private,319.0,1007.0,36.0,Yes,No,No,Yes,4.8,4.8,2.7,66.0,159.0,66.0,4.2,No,Patient-Centric Care"
"H01578,Kochi Care Hospital 1578,Delhi,Private,405.0,1128.0,44.0,yes,YES,Yes,Yes,3.8,3.5,3.8,34.0,33.0,90.0,2.3,No,AI Healthcare"
"H01579,Chennai Care Hospital 1579,Delhi,Private,416.0,1128.0,34.0,No,Yes,Yes,Yes,2.9,3.3,2.6,91.0,116.0,75.0,4.4,yes,Green Hospital"
"H01580,Delhi Care Hospital 1580,Madurai,Specialty,1219.0,2128.0,75.0,No,No,Yes,Yes,2.9,3.2,3.5,33.0,161.0,77.0,3.5,No,Patient-Centric Care"
"H01581,Pune Care Hospital 1581,Mumbai,Multispeciality,1275.0,1128.0,69.0,YES,Yes,Yes,No,3.5,3.0,3.4,98.0,7.0,75.0,4.4,yes,AI Healthcare"
"H01582,Jaipur Care Hospital 1582,Hyderabad,Multispeciality,466.0,1500.0,90.0,YES,Yes,No,Yes,3.0,4.5,3.5,78.0,162.0,75.0,3.8,Yes,IoT Healthcare"
"H01583,Kochi Care Hospital 1583,Delhi,Private,423.0,1479.0,150.0,No,NO,No,No,3.2,4.0,2.5,67.0,212.0,100.0,3.5,No,Digital Patient Care"
"H01584,Pune Care Hospital 1584,Coimbatore,Multispeciality,335.0,2182.0,16.0,yes,No,No,Yes,2.2,3.3,4.5,33.0,55.0,76.0,3.3,yes,AI Healthcare"
"H01585,Pune Care Hospital 1585,Hyderabad,Multispeciality,229.0,653.0,59.0,Yes,No,Yes,Yes,2.9,3.6,2.9,87.0,111.0,86.0,3.3,YES,AI Healthcare"
"H01586,Hyderabad Care Hospital 1586,Bengaluru,Specialty,965.0,1349.0,6.0,Yes,NO,No,Yes,3.5,3.2,2.5,77.0,167.0,50.0,2.3,No,Contactless Healthcare"
"H01587,Coimbatore Care Hospital 1587,Madurai,Specialty,758.0,856.0,110.0,YES,YES,No,Yes,3.5,3.9,2.0,40.0,144.0,76.0,3.1,No,Contactless Healthcare"
"H01588,Chennai Care Hospital 1588,Chennai,Government,1321.0,1128.0,144.0,yes,Yes,No,Yes,3.4,2.3,2.4,70.0,191.0,75.0,2.7,Yes,Enhanced Security"
"H01589,Madurai Care Hospital 1589,Pune,Multispeciality,1013.0,1347.0,52.0,Yes,NO,Yes,No,3.5,3.5,3.5,67.0,202.0,81.0,2.4,No,AI Healthcare"
"H01590,Madurai Care Hospital 1590,Pune,Specialty,1069.0,682.0,17.0,YES,No,Yes,Yes,4.7,4.8,3.9,35.0,171.0,50.0,3.8,No,Digital Patient Care"
"H01591,Pune Care Hospital 1591,Hyderabad,Government,801.0,1863.0,61.0,No,No,Yes,Yes,3.8,2.8,2.6,35.0,126.0,59.0,2.2,No,Enhanced Security"
"H01592,Delhi Care Hospital 1592,Hyderabad,Multispeciality,1330.0,960.0,55.0,No,No,No,No,3.5,3.4,3.5,99.0,116.0,58.0,3.5,yes,Patient-Centric Care"
"H01593,Mumbai Care Hospital 1593,Coimbatore,Private,1484.0,2024.0,98.0,YES,YES,No,Yes,4.4,4.5,3.5,88.0,120.0,81.0,3.5,No,AI Healthcare"
"H01594,Delhi Care Hospital 1594,Hyderabad,Private,771.0,1290.0,36.0,Yes,NO,No,Yes,4.0,2.0,4.7,65.0,203.0,81.0,4.0,Yes,Patient-Centric Care"
"H01595,Madurai Care Hospital 1595,Hyderabad,Government,596.0,696.0,10.0,YES,No,No,Yes,3.5,3.5,2.6,42.0,18.0,75.0,2.4,No,AI Healthcare"
"H01596,Mumbai Care Hospital 1596,Madurai,Private,787.0,150.0,46.0,yes,Yes,Yes,No,2.8,2.9,4.1,52.0,172.0,75.0,2.6,YES,Digital Patient Care"
"H01597,Chennai Care Hospital 1597,Coimbatore,Multispeciality,740.0,498.0,117.0,YES,Yes,Yes,Yes,3.7,3.3,3.9,67.0,105.0,78.0,4.4,YES,AI Healthcare"
"H01598,Mumbai Care Hospital 1598,Pune,Specialty,800.8190675017397,1034.0,74.0,yes,NO,No,Yes,2.2,2.3,4.3,77.0,116.0,100.0,3.9,No,Digital Patient Care"
"H01599,Jaipur Care Hospital 1599,Delhi,Multispeciality,414.0,256.0,77.0,yes,No,No,Yes,4.8,2.1,3.0,59.0,126.0,85.0,2.1,yes,Enhanced Security"
"H01600,Chennai Care Hospital 1600,Hyderabad,Government,798.0,1125.0,13.0,yes,Yes,No,No,4.7,3.8,4.1,84.0,75.0,50.0,3.5,No,Patient-Centric Care"
